ISO-10303-21;
HEADER;
FILE_DESCRIPTION(('CATIA V5 STEP Exchange'),'2;1');

FILE_NAME('C:\\Users\\hp\\Documents\\Bench Vice Assembly\\Bench_Vice_Assembly.stp','2026-09-16T00:13:49+00:00',('none'),('none'),'CATIA Version 5 Release 20 GA (IN-10)','CATIA V5 STEP AP203','none');

FILE_SCHEMA(('CONFIG_CONTROL_DESIGN'));

ENDSEC;
/* file written by CATIA V5R20 */
DATA;
#5=PRODUCT('Bench Vice Assembly','','',(#2)) ;
#56=PRODUCT('Base','','',(#2)) ;
#1328=PRODUCT('Vice Jaw','','',(#2)) ;
#2343=PRODUCT('Jaw Screw','','',(#2)) ;
#2905=PRODUCT('Base Plate','','',(#2)) ;
#3321=PRODUCT('Clamping Plate','','',(#2)) ;
#3712=PRODUCT('Set Screw1','','',(#2)) ;
#4030=PRODUCT('Set Screw1.1','','',(#2)) ;
#4378=PRODUCT('Oval Fillister','','',(#2)) ;
#4816=PRODUCT('Screw Bar','','',(#2)) ;
#5057=PRODUCT('Bar glopes','','',(#2)) ;
#1=APPLICATION_CONTEXT('configuration controlled 3D design of mechanical parts and assemblies') ;
#17=PRODUCT_DEFINITION('',' ',#6,#3) ;
#19=SECURITY_CLASSIFICATION(' ',' ',#18) ;
#18=SECURITY_CLASSIFICATION_LEVEL('unclassified') ;
#63=CARTESIAN_POINT('Axis2P3D Location',(-22.,106.,11.7320508076)) ;
#68=CARTESIAN_POINT('Line Origine',(-23.3163738428,105.280861692,10.8660254038)) ;
#72=CARTESIAN_POINT('Vertex',(-22.,106.,11.7320508076)) ;
#74=CARTESIAN_POINT('Vertex',(-24.6327476857,104.561723384,10.)) ;
#77=CARTESIAN_POINT('Axis2P3D Location',(-22.,106.,10.)) ;
#81=CARTESIAN_POINT('Vertex',(-19.3672523143,107.438276616,10.)) ;
#84=CARTESIAN_POINT('Line Origine',(-20.6836261572,106.719138308,10.8660254038)) ;
#95=CARTESIAN_POINT('Axis2P3D Location',(-32.,0.,0.)) ;
#100=CARTESIAN_POINT('Line Origine',(-32.,-1.79530774377E-015,18.)) ;
#104=CARTESIAN_POINT('Vertex',(-32.,3.5527136788E-015,36.)) ;
#106=CARTESIAN_POINT('Vertex',(-32.,0.,0.)) ;
#109=CARTESIAN_POINT('Line Origine',(-32.,8.,44.)) ;
#113=CARTESIAN_POINT('Vertex',(-32.,16.,52.)) ;
#116=CARTESIAN_POINT('Line Origine',(-32.,21.,52.)) ;
#120=CARTESIAN_POINT('Vertex',(-32.,26.,52.)) ;
#123=CARTESIAN_POINT('Line Origine',(-32.,26.,34.)) ;
#127=CARTESIAN_POINT('Vertex',(-32.,26.,16.)) ;
#130=CARTESIAN_POINT('Line Origine',(-32.,85.,16.)) ;
#134=CARTESIAN_POINT('Vertex',(-32.,144.,16.)) ;
#137=CARTESIAN_POINT('Line Origine',(-32.,144.,8.)) ;
#141=CARTESIAN_POINT('Vertex',(-32.,144.,0.)) ;
#144=CARTESIAN_POINT('Line Origine',(-32.,72.,0.)) ;
#159=CARTESIAN_POINT('Axis2P3D Location',(-16.,144.,7.)) ;
#164=CARTESIAN_POINT('Line Origine',(-16.,0.,3.5)) ;
#168=CARTESIAN_POINT('Vertex',(-16.,0.,-3.5527136788E-015)) ;
#170=CARTESIAN_POINT('Vertex',(-16.,0.,7.)) ;
#173=CARTESIAN_POINT('Line Origine',(-16.,72.,-3.5527136788E-015)) ;
#177=CARTESIAN_POINT('Vertex',(-16.,144.,0.)) ;
#180=CARTESIAN_POINT('Line Origine',(-16.,144.,3.5)) ;
#184=CARTESIAN_POINT('Vertex',(-16.,144.,7.)) ;
#187=CARTESIAN_POINT('Line Origine',(-16.,72.,7.)) ;
#199=CARTESIAN_POINT('Axis2P3D Location',(-8.,144.,7.)) ;
#204=CARTESIAN_POINT('Line Origine',(-12.,0.,7.)) ;
#208=CARTESIAN_POINT('Vertex',(-8.,0.,7.)) ;
#211=CARTESIAN_POINT('Line Origine',(-12.,144.,7.)) ;
#215=CARTESIAN_POINT('Vertex',(-8.,144.,7.)) ;
#218=CARTESIAN_POINT('Line Origine',(-8.,72.,7.)) ;
#230=CARTESIAN_POINT('Axis2P3D Location',(-8.,144.,16.)) ;
#235=CARTESIAN_POINT('Line Origine',(-8.,0.,11.5)) ;
#239=CARTESIAN_POINT('Vertex',(-8.,0.,16.)) ;
#242=CARTESIAN_POINT('Line Origine',(-8.,144.,11.5)) ;
#246=CARTESIAN_POINT('Vertex',(-8.,144.,16.)) ;
#249=CARTESIAN_POINT('Line Origine',(-8.,133.,16.)) ;
#253=CARTESIAN_POINT('Vertex',(-8.,122.,16.)) ;
#256=CARTESIAN_POINT('Line Origine',(-8.,74.,16.)) ;
#260=CARTESIAN_POINT('Vertex',(-8.,26.,16.)) ;
#263=CARTESIAN_POINT('Line Origine',(-8.,13.,16.)) ;
#277=CARTESIAN_POINT('Axis2P3D Location',(0.,144.,16.)) ;
#282=CARTESIAN_POINT('Line Origine',(7.21644966006E-016,13.,16.)) ;
#286=CARTESIAN_POINT('Vertex',(7.21644966006E-016,26.,16.)) ;
#288=CARTESIAN_POINT('Vertex',(7.21644966006E-016,0.,16.)) ;
#291=CARTESIAN_POINT('Line Origine',(-4.,0.,16.)) ;
#296=CARTESIAN_POINT('Line Origine',(-4.,26.,16.)) ;
#308=CARTESIAN_POINT('Line Origine',(-4.,122.,16.)) ;
#312=CARTESIAN_POINT('Vertex',(7.21644966006E-016,122.,16.)) ;
#315=CARTESIAN_POINT('Line Origine',(-4.,144.,16.)) ;
#319=CARTESIAN_POINT('Vertex',(7.21644966006E-016,144.,16.)) ;
#322=CARTESIAN_POINT('Line Origine',(7.21644966006E-016,133.,16.)) ;
#334=CARTESIAN_POINT('Line Origine',(8.,13.,16.)) ;
#338=CARTESIAN_POINT('Vertex',(8.,26.,16.)) ;
#340=CARTESIAN_POINT('Vertex',(8.,0.,16.)) ;
#343=CARTESIAN_POINT('Line Origine',(4.,0.,16.)) ;
#348=CARTESIAN_POINT('Line Origine',(4.,26.,16.)) ;
#360=CARTESIAN_POINT('Line Origine',(4.,122.,16.)) ;
#364=CARTESIAN_POINT('Vertex',(8.,122.,16.)) ;
#367=CARTESIAN_POINT('Line Origine',(4.,144.,16.)) ;
#371=CARTESIAN_POINT('Vertex',(8.,144.,16.)) ;
#374=CARTESIAN_POINT('Line Origine',(8.,133.,16.)) ;
#386=CARTESIAN_POINT('Axis2P3D Location',(0.,122.,0.)) ;
#391=CARTESIAN_POINT('Line Origine',(-18.4457053245,122.,16.)) ;
#395=CARTESIAN_POINT('Vertex',(-28.8914106489,122.,16.)) ;
#398=CARTESIAN_POINT('Line Origine',(18.4457053245,122.,16.)) ;
#402=CARTESIAN_POINT('Vertex',(28.8914106489,122.,16.)) ;
#405=CARTESIAN_POINT('Axis2P3D Location',(28.8914106489,122.,19.)) ;
#409=CARTESIAN_POINT('Vertex',(26.1724872878,122.,17.7321452148)) ;
#412=CARTESIAN_POINT('Line Origine',(20.3367059402,122.,30.2470187013)) ;
#416=CARTESIAN_POINT('Vertex',(14.5009245926,122.,42.7618921879)) ;
#419=CARTESIAN_POINT('Axis2P3D Location',(0.,122.,36.)) ;
#423=CARTESIAN_POINT('Vertex',(-14.5009245926,122.,42.7618921879)) ;
#426=CARTESIAN_POINT('Line Origine',(-20.3367059402,122.,30.2470187013)) ;
#430=CARTESIAN_POINT('Vertex',(-26.1724872878,122.,17.7321452148)) ;
#433=CARTESIAN_POINT('Axis2P3D Location',(-28.8914106489,122.,19.)) ;
#449=CARTESIAN_POINT('Axis2P3D Location',(0.,122.,36.)) ;
#453=CARTESIAN_POINT('Vertex',(-8.,122.,36.)) ;
#455=CARTESIAN_POINT('Vertex',(8.,122.,36.)) ;
#458=CARTESIAN_POINT('Axis2P3D Location',(0.,122.,36.)) ;
#468=CARTESIAN_POINT('Axis2P3D Location',(8.,144.,7.)) ;
#473=CARTESIAN_POINT('Line Origine',(8.,0.,11.5)) ;
#477=CARTESIAN_POINT('Vertex',(8.,0.,7.)) ;
#480=CARTESIAN_POINT('Line Origine',(8.,74.,16.)) ;
#485=CARTESIAN_POINT('Line Origine',(8.,144.,11.5)) ;
#489=CARTESIAN_POINT('Vertex',(8.,144.,7.)) ;
#492=CARTESIAN_POINT('Line Origine',(8.,72.,7.)) ;
#506=CARTESIAN_POINT('Axis2P3D Location',(0.,133.,36.)) ;
#511=CARTESIAN_POINT('Line Origine',(8.,133.,36.)) ;
#515=CARTESIAN_POINT('Vertex',(8.,144.,36.)) ;
#518=CARTESIAN_POINT('Axis2P3D Location',(0.,144.,36.)) ;
#522=CARTESIAN_POINT('Vertex',(-8.,144.,36.)) ;
#525=CARTESIAN_POINT('Line Origine',(-8.,133.,36.)) ;
#537=CARTESIAN_POINT('Axis2P3D Location',(0.,144.,36.)) ;
#549=CARTESIAN_POINT('Line Origine',(12.,0.,7.)) ;
#553=CARTESIAN_POINT('Vertex',(16.,0.,7.)) ;
#556=CARTESIAN_POINT('Line Origine',(12.,144.,7.)) ;
#560=CARTESIAN_POINT('Vertex',(16.,144.,7.)) ;
#563=CARTESIAN_POINT('Line Origine',(16.,72.,7.)) ;
#575=CARTESIAN_POINT('Axis2P3D Location',(16.,144.,1.87712431519E-015)) ;
#580=CARTESIAN_POINT('Line Origine',(16.,-2.84217094304E-014,3.5)) ;
#584=CARTESIAN_POINT('Vertex',(16.,-2.84217094304E-014,1.87712431519E-015)) ;
#587=CARTESIAN_POINT('Line Origine',(16.,144.,3.5)) ;
#591=CARTESIAN_POINT('Vertex',(16.,144.,0.)) ;
#594=CARTESIAN_POINT('Line Origine',(16.,72.,1.87712431519E-015)) ;
#606=CARTESIAN_POINT('Axis2P3D Location',(32.,0.,0.)) ;
#611=CARTESIAN_POINT('Line Origine',(32.,26.,34.)) ;
#615=CARTESIAN_POINT('Vertex',(32.,26.,16.)) ;
#617=CARTESIAN_POINT('Vertex',(32.,26.,52.)) ;
#620=CARTESIAN_POINT('Line Origine',(32.,21.,52.)) ;
#624=CARTESIAN_POINT('Vertex',(32.,16.,52.)) ;
#627=CARTESIAN_POINT('Line Origine',(32.,8.,44.)) ;
#631=CARTESIAN_POINT('Vertex',(32.,3.5527136788E-015,36.)) ;
#634=CARTESIAN_POINT('Line Origine',(32.,-1.79530774377E-015,18.)) ;
#638=CARTESIAN_POINT('Vertex',(32.,0.,0.)) ;
#641=CARTESIAN_POINT('Line Origine',(32.,72.,0.)) ;
#645=CARTESIAN_POINT('Vertex',(32.,144.,0.)) ;
#648=CARTESIAN_POINT('Line Origine',(32.,144.,8.)) ;
#652=CARTESIAN_POINT('Vertex',(32.,144.,16.)) ;
#655=CARTESIAN_POINT('Line Origine',(32.,85.,16.)) ;
#670=CARTESIAN_POINT('Line Origine',(20.,26.,16.)) ;
#675=CARTESIAN_POINT('Line Origine',(30.4457053245,144.,16.)) ;
#679=CARTESIAN_POINT('Vertex',(28.8914106489,144.,16.)) ;
#682=CARTESIAN_POINT('Line Origine',(28.8914106489,133.,16.)) ;
#696=CARTESIAN_POINT('Axis2P3D Location',(28.8914106489,133.,19.)) ;
#701=CARTESIAN_POINT('Axis2P3D Location',(28.8914106489,144.,19.)) ;
#705=CARTESIAN_POINT('Vertex',(26.1724872878,144.,17.7321452148)) ;
#708=CARTESIAN_POINT('Line Origine',(26.1724872878,133.,17.7321452148)) ;
#720=CARTESIAN_POINT('Axis2P3D Location',(26.1724872878,144.,17.7321452148)) ;
#725=CARTESIAN_POINT('Line Origine',(20.3367059402,144.,30.2470187013)) ;
#729=CARTESIAN_POINT('Vertex',(14.5009245926,144.,42.7618921879)) ;
#732=CARTESIAN_POINT('Line Origine',(14.5009245926,133.,42.7618921879)) ;
#744=CARTESIAN_POINT('Axis2P3D Location',(0.,133.,36.)) ;
#749=CARTESIAN_POINT('Axis2P3D Location',(0.,144.,36.)) ;
#753=CARTESIAN_POINT('Vertex',(-14.5009245926,144.,42.7618921879)) ;
#756=CARTESIAN_POINT('Line Origine',(-14.5009245926,133.,42.7618921879)) ;
#768=CARTESIAN_POINT('Axis2P3D Location',(-14.5009245926,144.,42.7618921879)) ;
#773=CARTESIAN_POINT('Line Origine',(-20.3367059402,144.,30.2470187013)) ;
#777=CARTESIAN_POINT('Vertex',(-26.1724872878,144.,17.7321452148)) ;
#780=CARTESIAN_POINT('Line Origine',(-26.1724872878,133.,17.7321452148)) ;
#792=CARTESIAN_POINT('Axis2P3D Location',(-28.8914106489,133.,19.)) ;
#797=CARTESIAN_POINT('Axis2P3D Location',(-28.8914106489,144.,19.)) ;
#801=CARTESIAN_POINT('Vertex',(-28.8914106489,144.,16.)) ;
#804=CARTESIAN_POINT('Line Origine',(-28.8914106489,133.,16.)) ;
#816=CARTESIAN_POINT('Axis2P3D Location',(0.,16.,52.)) ;
#821=CARTESIAN_POINT('Line Origine',(0.,16.,52.)) ;
#826=CARTESIAN_POINT('Line Origine',(0.,8.881784197E-015,36.)) ;
#838=CARTESIAN_POINT('Axis2P3D Location',(0.,16.,52.)) ;
#843=CARTESIAN_POINT('Line Origine',(0.,26.,52.)) ;
#855=CARTESIAN_POINT('Axis2P3D Location',(0.,26.,52.)) ;
#860=CARTESIAN_POINT('Line Origine',(-20.,26.,16.)) ;
#875=CARTESIAN_POINT('Line Origine',(-30.4457053245,144.,16.)) ;
#889=CARTESIAN_POINT('Axis2P3D Location',(0.,144.,0.)) ;
#894=CARTESIAN_POINT('Line Origine',(-24.,144.,0.)) ;
#899=CARTESIAN_POINT('Line Origine',(24.,144.,0.)) ;
#930=CARTESIAN_POINT('Axis2P3D Location',(0.,-3.59061548754E-015,36.)) ;
#935=CARTESIAN_POINT('Line Origine',(24.,0.,0.)) ;
#940=CARTESIAN_POINT('Line Origine',(-24.,0.,0.)) ;
#961=CARTESIAN_POINT('Axis2P3D Location',(-22.,106.,0.1)) ;
#966=CARTESIAN_POINT('Axis2P3D Location',(-22.,106.,0.)) ;
#970=CARTESIAN_POINT('Vertex',(-19.3672523143,107.438276616,3.60822483003E-016)) ;
#972=CARTESIAN_POINT('Vertex',(-24.6327476857,104.561723384,3.60822483003E-016)) ;
#975=CARTESIAN_POINT('Line Origine',(-24.6327476857,104.561723384,4.84499999973)) ;
#980=CARTESIAN_POINT('Axis2P3D Location',(-22.,106.,10.)) ;
#985=CARTESIAN_POINT('Line Origine',(-19.3672523143,107.438276616,4.84499999973)) ;
#997=CARTESIAN_POINT('Axis2P3D Location',(-22.,106.,0.)) ;
#1015=CARTESIAN_POINT('Axis2P3D Location',(0.,0.,0.)) ;
#1026=CARTESIAN_POINT('Axis2P3D Location',(22.,106.,0.)) ;
#1030=CARTESIAN_POINT('Vertex',(19.3672523143,104.561723384,0.)) ;
#1032=CARTESIAN_POINT('Vertex',(24.6327476857,107.438276616,0.)) ;
#1035=CARTESIAN_POINT('Axis2P3D Location',(22.,106.,0.)) ;
#1044=CARTESIAN_POINT('Axis2P3D Location',(22.,36.,0.)) ;
#1048=CARTESIAN_POINT('Vertex',(19.3672523143,34.5617233842,0.)) ;
#1050=CARTESIAN_POINT('Vertex',(24.6327476857,37.4382766158,0.)) ;
#1053=CARTESIAN_POINT('Axis2P3D Location',(22.,36.,0.)) ;
#1069=CARTESIAN_POINT('Axis2P3D Location',(-22.,36.,0.)) ;
#1073=CARTESIAN_POINT('Vertex',(-24.6327476857,34.5617233842,0.)) ;
#1075=CARTESIAN_POINT('Vertex',(-19.3672523143,37.4382766158,0.)) ;
#1078=CARTESIAN_POINT('Axis2P3D Location',(-22.,36.,0.)) ;
#1092=CARTESIAN_POINT('Axis2P3D Location',(-22.,36.,11.7320508076)) ;
#1097=CARTESIAN_POINT('Line Origine',(-23.3163738428,35.2808616921,10.8660254038)) ;
#1101=CARTESIAN_POINT('Vertex',(-22.,36.,11.7320508076)) ;
#1103=CARTESIAN_POINT('Vertex',(-24.6327476857,34.5617233842,10.)) ;
#1106=CARTESIAN_POINT('Axis2P3D Location',(-22.,36.,10.)) ;
#1110=CARTESIAN_POINT('Vertex',(-19.3672523143,37.4382766158,10.)) ;
#1113=CARTESIAN_POINT('Line Origine',(-20.6836261572,36.7191383079,10.8660254038)) ;
#1124=CARTESIAN_POINT('Axis2P3D Location',(-22.,36.,10.)) ;
#1135=CARTESIAN_POINT('Axis2P3D Location',(-22.,36.,0.1)) ;
#1140=CARTESIAN_POINT('Line Origine',(-19.3672523143,37.4382766158,4.84499999973)) ;
#1145=CARTESIAN_POINT('Line Origine',(-24.6327476857,34.5617233842,4.84499999973)) ;
#1164=CARTESIAN_POINT('Axis2P3D Location',(22.,36.,11.7320508076)) ;
#1169=CARTESIAN_POINT('Line Origine',(20.6836261572,35.2808616921,10.8660254038)) ;
#1173=CARTESIAN_POINT('Vertex',(22.,36.,11.7320508076)) ;
#1175=CARTESIAN_POINT('Vertex',(19.3672523143,34.5617233842,10.)) ;
#1178=CARTESIAN_POINT('Axis2P3D Location',(22.,36.,10.)) ;
#1182=CARTESIAN_POINT('Vertex',(24.6327476857,37.4382766158,10.)) ;
#1185=CARTESIAN_POINT('Line Origine',(23.3163738428,36.7191383079,10.8660254038)) ;
#1196=CARTESIAN_POINT('Axis2P3D Location',(22.,36.,10.)) ;
#1207=CARTESIAN_POINT('Axis2P3D Location',(22.,36.,0.1)) ;
#1212=CARTESIAN_POINT('Line Origine',(24.6327476857,37.4382766158,4.84499999973)) ;
#1217=CARTESIAN_POINT('Line Origine',(19.3672523143,34.5617233842,4.84499999973)) ;
#1236=CARTESIAN_POINT('Axis2P3D Location',(22.,106.,11.7320508076)) ;
#1241=CARTESIAN_POINT('Line Origine',(20.6836261572,105.280861692,10.8660254038)) ;
#1245=CARTESIAN_POINT('Vertex',(22.,106.,11.7320508076)) ;
#1247=CARTESIAN_POINT('Vertex',(19.3672523143,104.561723384,10.)) ;
#1250=CARTESIAN_POINT('Axis2P3D Location',(22.,106.,10.)) ;
#1254=CARTESIAN_POINT('Vertex',(24.6327476857,107.438276616,10.)) ;
#1257=CARTESIAN_POINT('Line Origine',(23.3163738428,106.719138308,10.8660254038)) ;
#1268=CARTESIAN_POINT('Axis2P3D Location',(22.,106.,10.)) ;
#1279=CARTESIAN_POINT('Axis2P3D Location',(22.,106.,0.1)) ;
#1284=CARTESIAN_POINT('Line Origine',(24.6327476857,107.438276616,4.84499999973)) ;
#1289=CARTESIAN_POINT('Line Origine',(19.3672523143,104.561723384,4.84499999973)) ;
#1318=CARTESIAN_POINT('NONE',(0.,0.,0.)) ;
#1319=CARTESIAN_POINT('NONE',(0.,0.,0.)) ;
#1335=CARTESIAN_POINT('Axis2P3D Location',(0.,24.,8.73205080757)) ;
#1340=CARTESIAN_POINT('Line Origine',(-1.31637384284,23.2808616921,7.86602540378)) ;
#1344=CARTESIAN_POINT('Vertex',(0.,24.,8.73205080757)) ;
#1346=CARTESIAN_POINT('Vertex',(-2.63274768567,22.5617233842,7.)) ;
#1349=CARTESIAN_POINT('Axis2P3D Location',(0.,24.,7.)) ;
#1353=CARTESIAN_POINT('Vertex',(2.63274768567,25.4382766158,7.)) ;
#1356=CARTESIAN_POINT('Line Origine',(1.31637384284,24.7191383079,7.86602540378)) ;
#1367=CARTESIAN_POINT('Axis2P3D Location',(0.,0.,36.)) ;
#1372=CARTESIAN_POINT('Line Origine',(-8.,0.,-4.5)) ;
#1376=CARTESIAN_POINT('Vertex',(-8.,0.,-9.)) ;
#1378=CARTESIAN_POINT('Vertex',(-8.,0.,0.)) ;
#1381=CARTESIAN_POINT('Line Origine',(0.,0.,-9.)) ;
#1385=CARTESIAN_POINT('Vertex',(8.,0.,-9.)) ;
#1388=CARTESIAN_POINT('Line Origine',(8.,0.,-4.5)) ;
#1392=CARTESIAN_POINT('Vertex',(8.,0.,0.)) ;
#1395=CARTESIAN_POINT('Line Origine',(20.,0.,0.)) ;
#1399=CARTESIAN_POINT('Vertex',(32.,0.,0.)) ;
#1402=CARTESIAN_POINT('Line Origine',(32.,0.,18.)) ;
#1406=CARTESIAN_POINT('Vertex',(32.,0.,36.)) ;
#1409=CARTESIAN_POINT('Line Origine',(0.,0.,36.)) ;
#1413=CARTESIAN_POINT('Vertex',(-32.,0.,36.)) ;
#1416=CARTESIAN_POINT('Line Origine',(-32.,0.,18.)) ;
#1420=CARTESIAN_POINT('Vertex',(-32.,0.,0.)) ;
#1423=CARTESIAN_POINT('Line Origine',(-20.,0.,0.)) ;
#1439=CARTESIAN_POINT('Axis2P3D Location',(8.,32.,-9.)) ;
#1444=CARTESIAN_POINT('Line Origine',(8.,16.,-9.)) ;
#1448=CARTESIAN_POINT('Vertex',(8.,32.,-9.)) ;
#1451=CARTESIAN_POINT('Line Origine',(8.,32.,-4.5)) ;
#1455=CARTESIAN_POINT('Vertex',(8.,32.,-3.84369713504E-015)) ;
#1458=CARTESIAN_POINT('Line Origine',(8.,16.,-1.7763568394E-015)) ;
#1470=CARTESIAN_POINT('Axis2P3D Location',(0.,0.,0.)) ;
#1475=CARTESIAN_POINT('Line Origine',(20.,32.,0.)) ;
#1479=CARTESIAN_POINT('Vertex',(32.,32.,-2.50320311622E-015)) ;
#1482=CARTESIAN_POINT('Line Origine',(32.,16.,0.)) ;
#1494=CARTESIAN_POINT('Axis2P3D Location',(-32.,0.,0.)) ;
#1499=CARTESIAN_POINT('Line Origine',(-32.,5.,36.)) ;
#1503=CARTESIAN_POINT('Vertex',(-32.,10.,36.)) ;
#1506=CARTESIAN_POINT('Line Origine',(-32.,10.,23.)) ;
#1510=CARTESIAN_POINT('Vertex',(-32.,10.,10.)) ;
#1513=CARTESIAN_POINT('Line Origine',(-32.,21.,10.)) ;
#1517=CARTESIAN_POINT('Vertex',(-32.,32.,10.)) ;
#1520=CARTESIAN_POINT('Line Origine',(-32.,32.,5.)) ;
#1524=CARTESIAN_POINT('Vertex',(-32.,32.,0.)) ;
#1527=CARTESIAN_POINT('Line Origine',(-32.,16.,-2.50320311622E-015)) ;
#1541=CARTESIAN_POINT('Line Origine',(-20.,32.,0.)) ;
#1545=CARTESIAN_POINT('Vertex',(-8.,32.,-3.39138153592E-015)) ;
#1548=CARTESIAN_POINT('Line Origine',(-8.,16.,0.)) ;
#1560=CARTESIAN_POINT('Axis2P3D Location',(-27.5,16.,13.)) ;
#1565=CARTESIAN_POINT('Axis2P3D Location',(-27.5,10.,13.)) ;
#1569=CARTESIAN_POINT('Vertex',(-25.0037292554,10.,11.3360792177)) ;
#1571=CARTESIAN_POINT('Vertex',(-27.5,10.,10.)) ;
#1574=CARTESIAN_POINT('Line Origine',(-25.0037292554,16.,11.3360792177)) ;
#1578=CARTESIAN_POINT('Vertex',(-25.0037292554,32.,11.3360792177)) ;
#1581=CARTESIAN_POINT('Axis2P3D Location',(-27.5,32.,13.)) ;
#1585=CARTESIAN_POINT('Vertex',(-27.5,32.,10.)) ;
#1588=CARTESIAN_POINT('Line Origine',(-27.5,16.,10.)) ;
#1600=CARTESIAN_POINT('Axis2P3D Location',(-13.3134439711,32.,28.8742441722)) ;
#1605=CARTESIAN_POINT('Line Origine',(-13.3134439711,21.,28.8742441722)) ;
#1609=CARTESIAN_POINT('Vertex',(-13.3134439711,32.,28.8742441722)) ;
#1611=CARTESIAN_POINT('Vertex',(-13.3134439711,10.,28.8742441722)) ;
#1614=CARTESIAN_POINT('Line Origine',(-19.1585866133,32.,20.105161695)) ;
#1619=CARTESIAN_POINT('Line Origine',(-19.1585866133,10.,20.105161695)) ;
#1631=CARTESIAN_POINT('Axis2P3D Location',(0.,16.,20.)) ;
#1636=CARTESIAN_POINT('Line Origine',(13.3134439711,16.,28.8742441722)) ;
#1640=CARTESIAN_POINT('Vertex',(13.3134439711,32.,28.8742441722)) ;
#1642=CARTESIAN_POINT('Vertex',(13.3134439711,10.,28.8742441722)) ;
#1645=CARTESIAN_POINT('Axis2P3D Location',(0.,32.,20.)) ;
#1650=CARTESIAN_POINT('Axis2P3D Location',(0.,10.,20.)) ;
#1654=CARTESIAN_POINT('Vertex',(0.,10.,36.)) ;
#1657=CARTESIAN_POINT('Axis2P3D Location',(0.,10.,20.)) ;
#1670=CARTESIAN_POINT('Control Point',(-4.38791280945,22.397127693,35.3865597577)) ;
#1671=CARTESIAN_POINT('Control Point',(-4.10621166164,22.9127781853,35.4668948095)) ;
#1672=CARTESIAN_POINT('Control Point',(-3.74970567921,23.3853244613,35.561591455)) ;
#1673=CARTESIAN_POINT('Control Point',(-3.32658698845,23.8020091907,35.6610408456)) ;
#1674=CARTESIAN_POINT('Control Point',(-2.20217146625,24.6230782752,35.8777429777)) ;
#1675=CARTESIAN_POINT('Control Point',(-0.845448997363,25.026702167,36.0078896509)) ;
#1676=CARTESIAN_POINT('Control Point',(-0.0226087679696,25.0980798374,36.0319216859)) ;
#1677=CARTESIAN_POINT('Control Point',(1.68729552918,24.8942957362,35.9619066284)) ;
#1678=CARTESIAN_POINT('Control Point',(3.16283022611,24.0236965944,35.7121357464)) ;
#1679=CARTESIAN_POINT('Control Point',(3.81916187752,23.4060567799,35.5522196647)) ;
#1680=CARTESIAN_POINT('Control Point',(4.82291121584,21.9249980008,35.2662365463)) ;
#1681=CARTESIAN_POINT('Control Point',(5.11678002416,20.1411336052,35.1584136614)) ;
#1682=CARTESIAN_POINT('Control Point',(5.05926604673,19.2282647326,35.1797518843)) ;
#1683=CARTESIAN_POINT('Control Point',(4.80596155421,18.3681054013,35.2673413313)) ;
#1684=CARTESIAN_POINT('Control Point',(4.38791280945,17.602872307,35.3865597577)) ;
#1685=CARTESIAN_POINT('Vertex',(-4.38791280945,22.397127693,35.3865597577)) ;
#1687=CARTESIAN_POINT('Vertex',(4.38791280945,17.602872307,35.3865597577)) ;
#1691=CARTESIAN_POINT('Control Point',(4.38791280945,17.602872307,35.3865597577)) ;
#1692=CARTESIAN_POINT('Control Point',(4.10621166165,17.0872218147,35.4668948095)) ;
#1693=CARTESIAN_POINT('Control Point',(3.74970567924,16.6146755388,35.561591455)) ;
#1694=CARTESIAN_POINT('Control Point',(3.3265869885,16.1979908093,35.6610408455)) ;
#1695=CARTESIAN_POINT('Control Point',(2.20217146635,15.3769217248,35.8777429777)) ;
#1696=CARTESIAN_POINT('Control Point',(0.845448997518,14.973297833,36.0078896509)) ;
#1697=CARTESIAN_POINT('Control Point',(0.0226087680634,14.9019201626,36.0319216859)) ;
#1698=CARTESIAN_POINT('Control Point',(-1.68729552907,15.1057042637,35.9619066284)) ;
#1699=CARTESIAN_POINT('Control Point',(-3.162830226,15.9763034056,35.7121357464)) ;
#1700=CARTESIAN_POINT('Control Point',(-3.81916187745,16.59394322,35.5522196648)) ;
#1701=CARTESIAN_POINT('Control Point',(-4.8229112158,18.0750019991,35.2662365464)) ;
#1702=CARTESIAN_POINT('Control Point',(-5.11678002416,19.8588663947,35.1584136614)) ;
#1703=CARTESIAN_POINT('Control Point',(-5.05926604674,20.7717352674,35.1797518843)) ;
#1704=CARTESIAN_POINT('Control Point',(-4.80596155421,21.6318945987,35.2673413313)) ;
#1705=CARTESIAN_POINT('Control Point',(-4.38791280945,22.397127693,35.3865597577)) ;
#1712=CARTESIAN_POINT('Axis2P3D Location',(25.0037292554,32.,11.3360792177)) ;
#1717=CARTESIAN_POINT('Line Origine',(25.0037292554,21.,11.3360792177)) ;
#1721=CARTESIAN_POINT('Vertex',(25.0037292554,32.,11.3360792177)) ;
#1723=CARTESIAN_POINT('Vertex',(25.0037292554,10.,11.3360792177)) ;
#1726=CARTESIAN_POINT('Line Origine',(19.1585866133,32.,20.105161695)) ;
#1731=CARTESIAN_POINT('Line Origine',(19.1585866133,10.,20.105161695)) ;
#1743=CARTESIAN_POINT('Axis2P3D Location',(27.5,16.,13.)) ;
#1748=CARTESIAN_POINT('Axis2P3D Location',(27.5,10.,13.)) ;
#1752=CARTESIAN_POINT('Vertex',(27.5,10.,10.)) ;
#1755=CARTESIAN_POINT('Line Origine',(27.5,16.,10.)) ;
#1759=CARTESIAN_POINT('Vertex',(27.5,32.,10.)) ;
#1762=CARTESIAN_POINT('Axis2P3D Location',(27.5,32.,13.)) ;
#1774=CARTESIAN_POINT('Axis2P3D Location',(0.,32.,10.)) ;
#1779=CARTESIAN_POINT('Line Origine',(32.,21.,10.)) ;
#1783=CARTESIAN_POINT('Vertex',(32.,32.,10.)) ;
#1785=CARTESIAN_POINT('Vertex',(32.,10.,10.)) ;
#1788=CARTESIAN_POINT('Line Origine',(29.75,32.,10.)) ;
#1793=CARTESIAN_POINT('Line Origine',(29.75,10.,10.)) ;
#1805=CARTESIAN_POINT('Axis2P3D Location',(0.,10.,10.)) ;
#1810=CARTESIAN_POINT('Line Origine',(16.,10.,36.)) ;
#1814=CARTESIAN_POINT('Vertex',(32.,10.,36.)) ;
#1817=CARTESIAN_POINT('Line Origine',(32.,10.,23.)) ;
#1831=CARTESIAN_POINT('Axis2P3D Location',(0.,20.,35.9)) ;
#1836=CARTESIAN_POINT('Line Origine',(-4.38791280945,22.397127693,34.1550000002)) ;
#1840=CARTESIAN_POINT('Vertex',(-4.38791280945,22.397127693,32.)) ;
#1843=CARTESIAN_POINT('Axis2P3D Location',(0.,20.,32.)) ;
#1847=CARTESIAN_POINT('Vertex',(4.38791280945,17.602872307,32.)) ;
#1850=CARTESIAN_POINT('Line Origine',(4.38791280945,17.602872307,34.1550000002)) ;
#1862=CARTESIAN_POINT('Axis2P3D Location',(0.,20.,32.)) ;
#1874=CARTESIAN_POINT('Axis2P3D Location',(3.,20.,32.)) ;
#1883=CARTESIAN_POINT('Axis2P3D Location',(0.,20.,32.)) ;
#1887=CARTESIAN_POINT('Vertex',(-2.63274768567,21.4382766158,32.)) ;
#1889=CARTESIAN_POINT('Vertex',(2.63274768567,18.5617233842,32.)) ;
#1892=CARTESIAN_POINT('Axis2P3D Location',(0.,20.,32.)) ;
#1902=CARTESIAN_POINT('Axis2P3D Location',(0.,20.,35.9)) ;
#1908=CARTESIAN_POINT('Control Point',(2.63274768567,18.5617233842,25.3915340696)) ;
#1909=CARTESIAN_POINT('Control Point',(2.38709469464,18.1120586003,25.5114892318)) ;
#1910=CARTESIAN_POINT('Control Point',(2.04858451669,17.720595568,25.6594597606)) ;
#1911=CARTESIAN_POINT('Control Point',(1.63449731458,17.4036847278,25.8033799777)) ;
#1912=CARTESIAN_POINT('Control Point',(0.801533571603,17.0191443529,25.9888360601)) ;
#1913=CARTESIAN_POINT('Control Point',(-0.120541740506,16.9647713652,26.018062666)) ;
#1914=CARTESIAN_POINT('Control Point',(-0.510820867107,17.0063195233,25.9965275782)) ;
#1915=CARTESIAN_POINT('Control Point',(-1.39094054237,17.2471567983,25.8748828601)) ;
#1916=CARTESIAN_POINT('Control Point',(-2.11534829943,17.7818056594,25.6385012599)) ;
#1917=CARTESIAN_POINT('Control Point',(-2.45747954036,18.1672866882,25.4863005138)) ;
#1918=CARTESIAN_POINT('Control Point',(-2.95124548483,19.0403746082,25.2314719292)) ;
#1919=CARTESIAN_POINT('Control Point',(-3.05939342893,20.0630841957,25.1599786541)) ;
#1920=CARTESIAN_POINT('Control Point',(-3.00576642998,20.5628510337,25.1947587818)) ;
#1921=CARTESIAN_POINT('Control Point',(-2.85845068241,21.0251300515,25.2813207176)) ;
#1922=CARTESIAN_POINT('Control Point',(-2.63274768567,21.4382766158,25.3915340696)) ;
#1923=CARTESIAN_POINT('Vertex',(2.63274768567,18.5617233842,25.3915340696)) ;
#1925=CARTESIAN_POINT('Vertex',(-2.63274768567,21.4382766158,25.3915340696)) ;
#1928=CARTESIAN_POINT('Line Origine',(-2.63274768567,21.4382766158,11.3449999998)) ;
#1933=CARTESIAN_POINT('Line Origine',(2.63274768567,18.5617233842,11.3449999998)) ;
#1946=CARTESIAN_POINT('Control Point',(-2.63274768567,21.4382766158,25.3915340696)) ;
#1947=CARTESIAN_POINT('Control Point',(-2.38709469465,21.8879413997,25.5114892318)) ;
#1948=CARTESIAN_POINT('Control Point',(-2.04858451669,22.279404432,25.6594597606)) ;
#1949=CARTESIAN_POINT('Control Point',(-1.63449731459,22.5963152721,25.8033799777)) ;
#1950=CARTESIAN_POINT('Control Point',(-0.801533571618,22.9808556471,25.9888360601)) ;
#1951=CARTESIAN_POINT('Control Point',(0.12054174049,23.0352286348,26.018062666)) ;
#1952=CARTESIAN_POINT('Control Point',(0.510820867082,22.9936804767,25.9965275782)) ;
#1953=CARTESIAN_POINT('Control Point',(1.39094054236,22.7528432017,25.8748828601)) ;
#1954=CARTESIAN_POINT('Control Point',(2.11534829943,22.2181943406,25.6385012599)) ;
#1955=CARTESIAN_POINT('Control Point',(2.45747954034,21.8327133118,25.4863005138)) ;
#1956=CARTESIAN_POINT('Control Point',(2.95124548482,20.9596253918,25.2314719292)) ;
#1957=CARTESIAN_POINT('Control Point',(3.05939342893,19.9369158044,25.1599786541)) ;
#1958=CARTESIAN_POINT('Control Point',(3.00576642998,19.4371489663,25.1947587818)) ;
#1959=CARTESIAN_POINT('Control Point',(2.85845068241,18.9748699485,25.2813207176)) ;
#1960=CARTESIAN_POINT('Control Point',(2.63274768567,18.5617233842,25.3915340696)) ;
#1969=CARTESIAN_POINT('Axis2P3D Location',(0.,8.,0.)) ;
#1974=CARTESIAN_POINT('Axis2P3D Location',(0.,8.,20.)) ;
#1978=CARTESIAN_POINT('Vertex',(-6.,8.,20.)) ;
#1980=CARTESIAN_POINT('Vertex',(6.,8.,20.)) ;
#1983=CARTESIAN_POINT('Axis2P3D Location',(0.,8.,20.)) ;
#1993=CARTESIAN_POINT('Axis2P3D Location',(0.,20.,20.)) ;
#1998=CARTESIAN_POINT('Line Origine',(6.,20.,20.)) ;
#2002=CARTESIAN_POINT('Vertex',(6.,32.,20.)) ;
#2005=CARTESIAN_POINT('Axis2P3D Location',(0.,32.,20.)) ;
#2009=CARTESIAN_POINT('Vertex',(-6.,32.,20.)) ;
#2012=CARTESIAN_POINT('Line Origine',(-6.,20.,20.)) ;
#2024=CARTESIAN_POINT('Axis2P3D Location',(0.,32.,20.)) ;
#2040=CARTESIAN_POINT('Line Origine',(-29.75,10.,10.)) ;
#2045=CARTESIAN_POINT('Line Origine',(-16.,10.,36.)) ;
#2059=CARTESIAN_POINT('Line Origine',(-29.75,32.,10.)) ;
#2071=CARTESIAN_POINT('Axis2P3D Location',(0.,10.,36.)) ;
#2076=CARTESIAN_POINT('Line Origine',(32.,5.,36.)) ;
#2089=CARTESIAN_POINT('Axis2P3D Location',(32.,0.,0.)) ;
#2094=CARTESIAN_POINT('Line Origine',(32.,32.,5.)) ;
#2108=CARTESIAN_POINT('Axis2P3D Location',(0.,32.,-2.50320311622E-015)) ;
#2113=CARTESIAN_POINT('Line Origine',(0.,32.,-9.)) ;
#2117=CARTESIAN_POINT('Vertex',(-8.,32.,-9.)) ;
#2120=CARTESIAN_POINT('Line Origine',(-8.,32.,-4.5)) ;
#2146=CARTESIAN_POINT('Axis2P3D Location',(-8.,32.,-3.5527136788E-015)) ;
#2151=CARTESIAN_POINT('Line Origine',(-8.,16.,-9.)) ;
#2163=CARTESIAN_POINT('Axis2P3D Location',(0.,24.,-8.9)) ;
#2168=CARTESIAN_POINT('Axis2P3D Location',(0.,24.,-9.)) ;
#2172=CARTESIAN_POINT('Vertex',(2.63274768567,25.4382766158,-9.)) ;
#2174=CARTESIAN_POINT('Vertex',(-2.63274768567,22.5617233842,-9.)) ;
#2177=CARTESIAN_POINT('Line Origine',(-2.63274768567,22.5617233842,-1.15500000018)) ;
#2182=CARTESIAN_POINT('Axis2P3D Location',(0.,24.,7.)) ;
#2187=CARTESIAN_POINT('Line Origine',(2.63274768567,25.4382766158,-1.15500000018)) ;
#2199=CARTESIAN_POINT('Axis2P3D Location',(0.,24.,-9.)) ;
#2217=CARTESIAN_POINT('Axis2P3D Location',(-8.,32.,-9.)) ;
#2228=CARTESIAN_POINT('Axis2P3D Location',(-1.7763568394E-015,8.,-9.)) ;
#2232=CARTESIAN_POINT('Vertex',(-2.63274768567,6.56172338419,-9.)) ;
#2234=CARTESIAN_POINT('Vertex',(2.63274768567,9.43827661581,-9.)) ;
#2237=CARTESIAN_POINT('Axis2P3D Location',(1.7763568394E-015,8.,-9.)) ;
#2251=CARTESIAN_POINT('Axis2P3D Location',(0.,8.,8.73205080757)) ;
#2256=CARTESIAN_POINT('Line Origine',(-1.31637384284,7.28086169209,7.86602540378)) ;
#2260=CARTESIAN_POINT('Vertex',(0.,8.,8.73205080757)) ;
#2262=CARTESIAN_POINT('Vertex',(-2.63274768567,6.56172338419,7.)) ;
#2265=CARTESIAN_POINT('Axis2P3D Location',(0.,8.,7.)) ;
#2269=CARTESIAN_POINT('Vertex',(2.63274768567,9.43827661581,7.)) ;
#2272=CARTESIAN_POINT('Line Origine',(1.31637384284,8.71913830791,7.86602540378)) ;
#2283=CARTESIAN_POINT('Axis2P3D Location',(0.,8.,7.)) ;
#2294=CARTESIAN_POINT('Axis2P3D Location',(0.,8.,-8.9)) ;
#2299=CARTESIAN_POINT('Line Origine',(2.63274768567,9.43827661581,-1.15500000018)) ;
#2304=CARTESIAN_POINT('Line Origine',(-2.63274768567,6.56172338419,-1.15500000018)) ;
#2333=CARTESIAN_POINT('NONE',(0.,0.,0.)) ;
#2334=CARTESIAN_POINT('NONE',(-1.81787319148E-014,36.,16.)) ;
#2350=CARTESIAN_POINT('Axis2P3D Location',(4.83999999994,57.,0.)) ;
#2355=CARTESIAN_POINT('Line Origine',(4.83999999994,60.,-7.34763812293E-016)) ;
#2359=CARTESIAN_POINT('Vertex',(9.,60.,0.)) ;
#2361=CARTESIAN_POINT('Vertex',(-9.,60.,0.)) ;
#2365=CARTESIAN_POINT('Control Point',(-9.,54.,4.4408920985E-016)) ;
#2366=CARTESIAN_POINT('Control Point',(-9.,54.,-0.567231278479)) ;
#2367=CARTESIAN_POINT('Control Point',(-8.95531231622,54.1340630514,-1.13446238141)) ;
#2368=CARTESIAN_POINT('Control Point',(-8.8657100854,54.4013956542,-1.65217669566)) ;
#2369=CARTESIAN_POINT('Control Point',(-8.67834890939,55.0698641165,-2.43341804043)) ;
#2370=CARTESIAN_POINT('Control Point',(-8.52960962897,55.9923314261,-2.87936392807)) ;
#2371=CARTESIAN_POINT('Control Point',(-8.48500825345,56.4375077925,-2.99959461688)) ;
#2372=CARTESIAN_POINT('Control Point',(-8.4619781056,57.4072363238,-3.06787835621)) ;
#2373=CARTESIAN_POINT('Control Point',(-8.56870345695,58.3284052657,-2.76079840296)) ;
#2374=CARTESIAN_POINT('Control Point',(-8.65498253051,58.767577366,-2.50040492135)) ;
#2375=CARTESIAN_POINT('Control Point',(-8.81544627398,59.4204933343,-1.90402387931)) ;
#2376=CARTESIAN_POINT('Control Point',(-8.94050775478,59.8217045478,-1.11863081311)) ;
#2377=CARTESIAN_POINT('Control Point',(-8.98019826095,59.9405947828,-0.755175454581)) ;
#2378=CARTESIAN_POINT('Control Point',(-9.,60.,-0.377587766185)) ;
#2379=CARTESIAN_POINT('Control Point',(-9.,60.,-5.55111512313E-016)) ;
#2380=CARTESIAN_POINT('Vertex',(-9.,54.,3.67381906147E-016)) ;
#2383=CARTESIAN_POINT('Line Origine',(4.83999999994,54.,3.67381906147E-016)) ;
#2387=CARTESIAN_POINT('Vertex',(9.,54.,3.67381906147E-016)) ;
#2391=CARTESIAN_POINT('Control Point',(9.,54.,4.4408920985E-016)) ;
#2392=CARTESIAN_POINT('Control Point',(9.,54.,-0.567231278456)) ;
#2393=CARTESIAN_POINT('Control Point',(8.95531231623,54.1340630514,-1.13446238136)) ;
#2394=CARTESIAN_POINT('Control Point',(8.86571008538,54.4013956542,-1.65217669571)) ;
#2395=CARTESIAN_POINT('Control Point',(8.67834890938,55.0698641166,-2.43341804047)) ;
#2396=CARTESIAN_POINT('Control Point',(8.52960962896,55.9923314261,-2.87936392808)) ;
#2397=CARTESIAN_POINT('Control Point',(8.48500825345,56.4375077925,-2.99959461688)) ;
#2398=CARTESIAN_POINT('Control Point',(8.4619781056,57.4072363238,-3.06787835621)) ;
#2399=CARTESIAN_POINT('Control Point',(8.56870345696,58.3284052657,-2.76079840294)) ;
#2400=CARTESIAN_POINT('Control Point',(8.6549825305,58.767577366,-2.50040492137)) ;
#2401=CARTESIAN_POINT('Control Point',(8.81544627398,59.4204933343,-1.90402387932)) ;
#2402=CARTESIAN_POINT('Control Point',(8.94050775478,59.8217045478,-1.11863081309)) ;
#2403=CARTESIAN_POINT('Control Point',(8.98019826095,59.9405947828,-0.755175454577)) ;
#2404=CARTESIAN_POINT('Control Point',(9.,60.,-0.377587766183)) ;
#2405=CARTESIAN_POINT('Control Point',(9.,60.,-7.77156117238E-016)) ;
#2414=CARTESIAN_POINT('Axis2P3D Location',(0.,0.,0.)) ;
#2419=CARTESIAN_POINT('Axis2P3D Location',(0.,69.,0.)) ;
#2423=CARTESIAN_POINT('Vertex',(4.31482984744,69.,7.89824305701)) ;
#2425=CARTESIAN_POINT('Vertex',(-4.31482984744,69.,-7.89824305701)) ;
#2428=CARTESIAN_POINT('Line Origine',(4.31482984744,57.,7.89824305701)) ;
#2432=CARTESIAN_POINT('Vertex',(4.31482984744,45.,7.89824305701)) ;
#2435=CARTESIAN_POINT('Axis2P3D Location',(0.,45.,0.)) ;
#2439=CARTESIAN_POINT('Vertex',(-4.31482984744,45.,-7.89824305701)) ;
#2442=CARTESIAN_POINT('Line Origine',(-4.31482984744,57.,-7.89824305701)) ;
#2454=CARTESIAN_POINT('Control Point',(9.,60.,1.02140518266E-014)) ;
#2455=CARTESIAN_POINT('Control Point',(9.,60.,0.56723127847)) ;
#2456=CARTESIAN_POINT('Control Point',(8.95531231621,59.8659369487,1.13446097699)) ;
#2457=CARTESIAN_POINT('Control Point',(8.86570960048,59.598605542,1.65217566595)) ;
#2458=CARTESIAN_POINT('Control Point',(8.67834929501,58.9301349323,2.4334188592)) ;
#2459=CARTESIAN_POINT('Control Point',(8.52960932233,58.0076693304,2.87936327692)) ;
#2460=CARTESIAN_POINT('Control Point',(8.48500833343,57.5624931945,2.99959478627)) ;
#2461=CARTESIAN_POINT('Control Point',(8.46197801646,56.5927625762,3.0678781674)) ;
#2462=CARTESIAN_POINT('Control Point',(8.56870355631,55.6715959603,2.76079861339)) ;
#2463=CARTESIAN_POINT('Control Point',(8.65498291095,55.2324233689,2.50040586328)) ;
#2464=CARTESIAN_POINT('Control Point',(8.81544598822,54.5795061139,1.90402317204)) ;
#2465=CARTESIAN_POINT('Control Point',(8.94050796939,54.1782958667,1.11863134439)) ;
#2466=CARTESIAN_POINT('Control Point',(8.98019826095,54.0594052172,0.755174832293)) ;
#2467=CARTESIAN_POINT('Control Point',(9.,54.,0.377587766195)) ;
#2468=CARTESIAN_POINT('Control Point',(9.,54.,2.22044604925E-015)) ;
#2475=CARTESIAN_POINT('Axis2P3D Location',(0.,45.,6.)) ;
#2480=CARTESIAN_POINT('Axis2P3D Location',(0.,45.,0.)) ;
#2489=CARTESIAN_POINT('Axis2P3D Location',(0.,45.,0.)) ;
#2493=CARTESIAN_POINT('Vertex',(-2.87655323163,45.,-5.26549537134)) ;
#2495=CARTESIAN_POINT('Vertex',(2.87655323163,45.,5.26549537134)) ;
#2498=CARTESIAN_POINT('Axis2P3D Location',(0.,45.,0.)) ;
#2508=CARTESIAN_POINT('Axis2P3D Location',(0.,0.,0.)) ;
#2513=CARTESIAN_POINT('Line Origine',(2.87655323163,-12.,5.26549537134)) ;
#2517=CARTESIAN_POINT('Vertex',(2.87655323163,35.,5.26549537134)) ;
#2520=CARTESIAN_POINT('Axis2P3D Location',(0.,35.,0.)) ;
#2524=CARTESIAN_POINT('Vertex',(-2.87655323163,35.,-5.26549537134)) ;
#2527=CARTESIAN_POINT('Line Origine',(-2.87655323163,-12.,-5.26549537134)) ;
#2539=CARTESIAN_POINT('Axis2P3D Location',(0.,35.,0.)) ;
#2551=CARTESIAN_POINT('Axis2P3D Location',(0.,35.,8.)) ;
#2556=CARTESIAN_POINT('Axis2P3D Location',(0.,35.,0.)) ;
#2560=CARTESIAN_POINT('Vertex',(-3.83540430883,35.,-7.02066049512)) ;
#2562=CARTESIAN_POINT('Vertex',(3.83540430883,35.,7.02066049512)) ;
#2565=CARTESIAN_POINT('Axis2P3D Location',(0.,35.,0.)) ;
#2579=CARTESIAN_POINT('Axis2P3D Location',(0.,0.,0.)) ;
#2584=CARTESIAN_POINT('Line Origine',(-3.83540430883,-6.,-7.02066049512)) ;
#2588=CARTESIAN_POINT('Vertex',(-3.83540430883,-47.,-7.02066049512)) ;
#2591=CARTESIAN_POINT('Axis2P3D Location',(0.,-47.,0.)) ;
#2595=CARTESIAN_POINT('Vertex',(3.83540430883,-47.,7.02066049512)) ;
#2598=CARTESIAN_POINT('Line Origine',(3.83540430883,-6.,7.02066049512)) ;
#2610=CARTESIAN_POINT('Axis2P3D Location',(0.,-47.,0.)) ;
#2622=CARTESIAN_POINT('Axis2P3D Location',(0.,-47.,6.)) ;
#2631=CARTESIAN_POINT('Axis2P3D Location',(0.,-47.,0.)) ;
#2635=CARTESIAN_POINT('Vertex',(-2.87655323163,-47.,-5.26549537134)) ;
#2637=CARTESIAN_POINT('Vertex',(2.87655323163,-47.,5.26549537134)) ;
#2640=CARTESIAN_POINT('Axis2P3D Location',(0.,-47.,0.)) ;
#2650=CARTESIAN_POINT('Line Origine',(2.87655323163,-12.,5.26549537134)) ;
#2654=CARTESIAN_POINT('Vertex',(2.87655323163,-56.,5.26549537134)) ;
#2657=CARTESIAN_POINT('Axis2P3D Location',(0.,-56.,0.)) ;
#2661=CARTESIAN_POINT('Vertex',(-2.87655323163,-56.,-5.26549537134)) ;
#2664=CARTESIAN_POINT('Line Origine',(-2.87655323163,-12.,-5.26549537134)) ;
#2676=CARTESIAN_POINT('Axis2P3D Location',(0.,-56.,0.)) ;
#2688=CARTESIAN_POINT('Axis2P3D Location',(0.,-56.,4.)) ;
#2697=CARTESIAN_POINT('Axis2P3D Location',(0.,-56.,0.)) ;
#2701=CARTESIAN_POINT('Vertex',(-1.91770215442,-56.,-3.51033024756)) ;
#2703=CARTESIAN_POINT('Vertex',(1.91770215442,-56.,3.51033024756)) ;
#2706=CARTESIAN_POINT('Axis2P3D Location',(0.,-56.,0.)) ;
#2716=CARTESIAN_POINT('Axis2P3D Location',(0.,0.,0.)) ;
#2721=CARTESIAN_POINT('Line Origine',(1.91770215442,-59.,3.51033024756)) ;
#2725=CARTESIAN_POINT('Vertex',(1.91770215442,-62.,3.51033024756)) ;
#2728=CARTESIAN_POINT('Axis2P3D Location',(0.,-62.,0.)) ;
#2732=CARTESIAN_POINT('Vertex',(-1.91770215442,-62.,-3.51033024756)) ;
#2735=CARTESIAN_POINT('Line Origine',(-1.91770215442,-59.,-3.51033024756)) ;
#2747=CARTESIAN_POINT('Axis2P3D Location',(0.,-62.,0.)) ;
#2759=CARTESIAN_POINT('Axis2P3D Location',(0.,-62.,6.)) ;
#2764=CARTESIAN_POINT('Axis2P3D Location',(0.,-62.,0.)) ;
#2768=CARTESIAN_POINT('Vertex',(-2.87655323163,-62.,-5.26549537134)) ;
#2770=CARTESIAN_POINT('Vertex',(2.87655323163,-62.,5.26549537134)) ;
#2773=CARTESIAN_POINT('Axis2P3D Location',(0.,-62.,0.)) ;
#2787=CARTESIAN_POINT('Line Origine',(-2.87655323163,-12.,-5.26549537134)) ;
#2791=CARTESIAN_POINT('Vertex',(-2.87655323163,-69.,-5.26549537134)) ;
#2794=CARTESIAN_POINT('Axis2P3D Location',(0.,-69.,0.)) ;
#2798=CARTESIAN_POINT('Vertex',(2.87655323163,-69.,5.26549537134)) ;
#2801=CARTESIAN_POINT('Line Origine',(2.87655323163,-12.,5.26549537134)) ;
#2813=CARTESIAN_POINT('Axis2P3D Location',(0.,-69.,0.)) ;
#2825=CARTESIAN_POINT('Axis2P3D Location',(0.,-69.,0.)) ;
#2835=CARTESIAN_POINT('Axis2P3D Location',(0.,69.,9.)) ;
#2840=CARTESIAN_POINT('Axis2P3D Location',(0.,69.,0.)) ;
#2857=CARTESIAN_POINT('Control Point',(-9.,60.,-3.33066907388E-015)) ;
#2858=CARTESIAN_POINT('Control Point',(-9.,60.,0.567231278495)) ;
#2859=CARTESIAN_POINT('Control Point',(-8.95531231621,59.8659369486,1.13446097704)) ;
#2860=CARTESIAN_POINT('Control Point',(-8.86570960048,59.598605542,1.65217566595)) ;
#2861=CARTESIAN_POINT('Control Point',(-8.67834929501,58.9301349323,2.43341885921)) ;
#2862=CARTESIAN_POINT('Control Point',(-8.52960932233,58.0076693303,2.87936327693)) ;
#2863=CARTESIAN_POINT('Control Point',(-8.48500833343,57.5624931944,2.99959478629)) ;
#2864=CARTESIAN_POINT('Control Point',(-8.46197801646,56.5927625761,3.06787816739)) ;
#2865=CARTESIAN_POINT('Control Point',(-8.56870355631,55.6715959603,2.76079861339)) ;
#2866=CARTESIAN_POINT('Control Point',(-8.65498291097,55.2324233688,2.50040586321)) ;
#2867=CARTESIAN_POINT('Control Point',(-8.81544598823,54.5795061139,1.90402317198)) ;
#2868=CARTESIAN_POINT('Control Point',(-8.94050796939,54.1782958666,1.11863134437)) ;
#2869=CARTESIAN_POINT('Control Point',(-8.98019826095,54.0594052171,0.755174832258)) ;
#2870=CARTESIAN_POINT('Control Point',(-9.,54.,0.377587766178)) ;
#2871=CARTESIAN_POINT('Control Point',(-9.,54.,-3.29429450548E-015)) ;
#2895=CARTESIAN_POINT('NONE',(0.,0.,0.)) ;
#2896=CARTESIAN_POINT('NONE',(-8.881784197E-014,117.,36.)) ;
#2912=CARTESIAN_POINT('Axis2P3D Location',(0.,-72.,10.)) ;
#2917=CARTESIAN_POINT('Line Origine',(0.,72.,10.)) ;
#2921=CARTESIAN_POINT('Vertex',(-3.,72.,10.)) ;
#2923=CARTESIAN_POINT('Vertex',(3.,72.,10.)) ;
#2926=CARTESIAN_POINT('Line Origine',(-3.,0.,10.)) ;
#2930=CARTESIAN_POINT('Vertex',(-3.,-72.,10.)) ;
#2933=CARTESIAN_POINT('Line Origine',(0.,-72.,10.)) ;
#2937=CARTESIAN_POINT('Vertex',(3.,-72.,10.)) ;
#2940=CARTESIAN_POINT('Line Origine',(3.,0.,10.)) ;
#2952=CARTESIAN_POINT('Axis2P3D Location',(0.,-72.,-10.)) ;
#2957=CARTESIAN_POINT('Line Origine',(-3.,-72.,5.3290705182E-015)) ;
#2961=CARTESIAN_POINT('Vertex',(-3.,-72.,-10.)) ;
#2964=CARTESIAN_POINT('Line Origine',(0.,-72.,-10.)) ;
#2968=CARTESIAN_POINT('Vertex',(3.,-72.,-10.)) ;
#2971=CARTESIAN_POINT('Line Origine',(3.,-72.,5.3290705182E-015)) ;
#2983=CARTESIAN_POINT('Axis2P3D Location',(0.,72.,-10.)) ;
#2988=CARTESIAN_POINT('Line Origine',(-3.,0.,-10.)) ;
#2992=CARTESIAN_POINT('Vertex',(-3.,72.,-10.)) ;
#2995=CARTESIAN_POINT('Line Origine',(0.,72.,-10.)) ;
#2999=CARTESIAN_POINT('Vertex',(3.,72.,-10.)) ;
#3002=CARTESIAN_POINT('Line Origine',(3.,0.,-10.)) ;
#3014=CARTESIAN_POINT('Axis2P3D Location',(0.,72.,10.)) ;
#3019=CARTESIAN_POINT('Line Origine',(-3.,72.,-7.1054273576E-015)) ;
#3024=CARTESIAN_POINT('Line Origine',(3.,72.,-7.1054273576E-015)) ;
#3036=CARTESIAN_POINT('Axis2P3D Location',(2.9,34.,-2.48689957516E-014)) ;
#3041=CARTESIAN_POINT('Axis2P3D Location',(4.4408920985E-016,34.,-2.48689957516E-014)) ;
#3045=CARTESIAN_POINT('Vertex',(1.33226762955E-015,30.9284610334,1.67798938511)) ;
#3047=CARTESIAN_POINT('Vertex',(4.4408920985E-016,37.0715389666,-1.67798938511)) ;
#3050=CARTESIAN_POINT('Line Origine',(0.,37.0715389666,-1.67798938511)) ;
#3054=CARTESIAN_POINT('Vertex',(-3.,37.0715389666,-1.67798938511)) ;
#3057=CARTESIAN_POINT('Axis2P3D Location',(-3.,34.,-2.48689957516E-014)) ;
#3061=CARTESIAN_POINT('Vertex',(-3.,30.9284610334,1.67798938511)) ;
#3064=CARTESIAN_POINT('Line Origine',(0.,30.9284610334,1.67798938511)) ;
#3076=CARTESIAN_POINT('Axis2P3D Location',(4.4408920985E-016,34.,-2.48689957516E-014)) ;
#3081=CARTESIAN_POINT('Axis2P3D Location',(-3.,34.,-2.48689957516E-014)) ;
#3093=CARTESIAN_POINT('Axis2P3D Location',(-3.5,34.,-5.78611233E-014)) ;
#3098=CARTESIAN_POINT('Line Origine',(1.5,29.612087232,2.39712776882)) ;
#3102=CARTESIAN_POINT('Vertex',(3.,28.2957134224,3.11626613757)) ;
#3105=CARTESIAN_POINT('Axis2P3D Location',(3.,34.,4.4408920985E-015)) ;
#3109=CARTESIAN_POINT('Vertex',(3.,39.7042866523,-3.11626600093)) ;
#3112=CARTESIAN_POINT('Line Origine',(1.5,38.3879128095,-2.39712769302)) ;
#3124=CARTESIAN_POINT('Axis2P3D Location',(-3.5,34.,-8.11943105343E-014)) ;
#3129=CARTESIAN_POINT('Axis2P3D Location',(3.,34.,2.46469511467E-014)) ;
#3141=CARTESIAN_POINT('Axis2P3D Location',(-3.,0.,0.)) ;
#3152=CARTESIAN_POINT('Axis2P3D Location',(-3.,-36.,-1.15463194561E-014)) ;
#3156=CARTESIAN_POINT('Vertex',(-3.,-32.9284610334,-1.67798938511)) ;
#3158=CARTESIAN_POINT('Vertex',(-3.,-39.0715389666,1.67798938511)) ;
#3161=CARTESIAN_POINT('Axis2P3D Location',(-3.,-36.,-1.50990331349E-014)) ;
#3175=CARTESIAN_POINT('Axis2P3D Location',(2.9,-36.,-1.11022302463E-014)) ;
#3180=CARTESIAN_POINT('Axis2P3D Location',(4.4408920985E-016,-36.,-1.11022302463E-014)) ;
#3184=CARTESIAN_POINT('Vertex',(4.4408920985E-016,-32.9284610334,-1.67798938511)) ;
#3186=CARTESIAN_POINT('Vertex',(1.33226762955E-015,-39.0715389666,1.67798938511)) ;
#3189=CARTESIAN_POINT('Line Origine',(0.,-39.0715389666,1.67798938511)) ;
#3194=CARTESIAN_POINT('Line Origine',(0.,-32.9284610334,-1.67798938511)) ;
#3206=CARTESIAN_POINT('Axis2P3D Location',(3.,0.,0.)) ;
#3217=CARTESIAN_POINT('Axis2P3D Location',(3.,-36.,-1.66533453694E-015)) ;
#3221=CARTESIAN_POINT('Vertex',(3.,-30.2957133477,-3.11626600093)) ;
#3223=CARTESIAN_POINT('Vertex',(3.,-41.7042865776,3.11626613757)) ;
#3226=CARTESIAN_POINT('Axis2P3D Location',(3.,-36.,5.77315972805E-015)) ;
#3240=CARTESIAN_POINT('Axis2P3D Location',(4.4408920985E-016,-36.,-1.11022302463E-014)) ;
#3252=CARTESIAN_POINT('Axis2P3D Location',(-3.5,-36.,-4.02640883597E-014)) ;
#3257=CARTESIAN_POINT('Line Origine',(1.5,-40.387912768,2.39712776882)) ;
#3262=CARTESIAN_POINT('Line Origine',(1.5,-31.6120871905,-2.39712769302)) ;
#3274=CARTESIAN_POINT('Axis2P3D Location',(-3.5,-36.,-6.3615779311E-014)) ;
#3296=CARTESIAN_POINT('NONE',(0.,0.,0.)) ;
#3297=CARTESIAN_POINT('NONE',(-22.,72.,-3.)) ;
#3311=CARTESIAN_POINT('NONE',(0.,0.,0.)) ;
#3312=CARTESIAN_POINT('NONE',(22.,72.,-3.)) ;
#3328=CARTESIAN_POINT('Axis2P3D Location',(-1.5,-8.,8.881784197E-016)) ;
#3333=CARTESIAN_POINT('Axis2P3D Location',(3.5,-8.,8.881784197E-016)) ;
#3337=CARTESIAN_POINT('Vertex',(3.5,-13.6049016083,3.06197170396)) ;
#3339=CARTESIAN_POINT('Vertex',(3.5,-2.39509839167,-3.06197170396)) ;
#3342=CARTESIAN_POINT('Line Origine',(1.08660254038,-3.61790058443,-2.39395182147)) ;
#3346=CARTESIAN_POINT('Vertex',(-1.5,-4.92846103338,-1.67798938511)) ;
#3349=CARTESIAN_POINT('Axis2P3D Location',(-1.5,-8.,8.881784197E-016)) ;
#3353=CARTESIAN_POINT('Vertex',(-1.5,-11.0715389666,1.67798938511)) ;
#3356=CARTESIAN_POINT('Line Origine',(1.08660254038,-12.3820994156,2.39395182147)) ;
#3368=CARTESIAN_POINT('Axis2P3D Location',(3.5,-8.,8.881784197E-016)) ;
#3373=CARTESIAN_POINT('Axis2P3D Location',(-1.5,-8.,8.881784197E-016)) ;
#3385=CARTESIAN_POINT('Axis2P3D Location',(3.4,-8.,8.881784197E-016)) ;
#3390=CARTESIAN_POINT('Axis2P3D Location',(-3.5,-8.,8.881784197E-016)) ;
#3394=CARTESIAN_POINT('Vertex',(-3.5,-11.0715389666,1.67798938511)) ;
#3396=CARTESIAN_POINT('Vertex',(-3.5,-4.92846103338,-1.67798938511)) ;
#3399=CARTESIAN_POINT('Line Origine',(-2.65500000002,-11.0715389666,1.67798938511)) ;
#3404=CARTESIAN_POINT('Line Origine',(-2.65500000002,-4.92846103338,-1.67798938511)) ;
#3416=CARTESIAN_POINT('Axis2P3D Location',(3.5,0.,0.)) ;
#3421=CARTESIAN_POINT('Line Origine',(3.5,-3.5527136788E-015,16.)) ;
#3425=CARTESIAN_POINT('Vertex',(3.5,16.,16.)) ;
#3427=CARTESIAN_POINT('Vertex',(3.5,-16.,16.)) ;
#3430=CARTESIAN_POINT('Line Origine',(3.5,-16.,0.)) ;
#3434=CARTESIAN_POINT('Vertex',(3.5,-16.,-16.)) ;
#3437=CARTESIAN_POINT('Line Origine',(3.5,-3.5527136788E-015,-16.)) ;
#3441=CARTESIAN_POINT('Vertex',(3.5,16.,-16.)) ;
#3444=CARTESIAN_POINT('Line Origine',(3.5,16.,7.1054273576E-015)) ;
#3459=CARTESIAN_POINT('Axis2P3D Location',(3.5,8.,6.66133814775E-016)) ;
#3463=CARTESIAN_POINT('Vertex',(3.5,2.39509839167,3.06197170396)) ;
#3465=CARTESIAN_POINT('Vertex',(3.5,13.6049016083,-3.06197170396)) ;
#3468=CARTESIAN_POINT('Axis2P3D Location',(3.5,8.,2.22044604925E-016)) ;
#3478=CARTESIAN_POINT('Axis2P3D Location',(-3.5,-8.,8.881784197E-016)) ;
#3490=CARTESIAN_POINT('Axis2P3D Location',(0.,-16.,16.)) ;
#3495=CARTESIAN_POINT('Line Origine',(0.,16.,16.)) ;
#3499=CARTESIAN_POINT('Vertex',(-3.5,16.,16.)) ;
#3502=CARTESIAN_POINT('Line Origine',(-3.5,-3.5527136788E-015,16.)) ;
#3506=CARTESIAN_POINT('Vertex',(-3.5,-16.,16.)) ;
#3509=CARTESIAN_POINT('Line Origine',(0.,-16.,16.)) ;
#3521=CARTESIAN_POINT('Axis2P3D Location',(0.,-16.,-16.)) ;
#3526=CARTESIAN_POINT('Line Origine',(-3.5,-16.,0.)) ;
#3530=CARTESIAN_POINT('Vertex',(-3.5,-16.,-16.)) ;
#3533=CARTESIAN_POINT('Line Origine',(0.,-16.,-16.)) ;
#3545=CARTESIAN_POINT('Axis2P3D Location',(0.,16.,-16.)) ;
#3550=CARTESIAN_POINT('Line Origine',(-3.5,-3.5527136788E-015,-16.)) ;
#3554=CARTESIAN_POINT('Vertex',(-3.5,16.,-16.)) ;
#3557=CARTESIAN_POINT('Line Origine',(0.,16.,-16.)) ;
#3569=CARTESIAN_POINT('Axis2P3D Location',(0.,16.,16.)) ;
#3574=CARTESIAN_POINT('Line Origine',(-3.5,16.,7.1054273576E-015)) ;
#3586=CARTESIAN_POINT('Axis2P3D Location',(3.4,8.,8.881784197E-016)) ;
#3591=CARTESIAN_POINT('Axis2P3D Location',(-3.5,8.,8.881784197E-016)) ;
#3595=CARTESIAN_POINT('Vertex',(-3.5,4.92846103338,1.67798938511)) ;
#3597=CARTESIAN_POINT('Vertex',(-3.5,11.0715389666,-1.67798938511)) ;
#3600=CARTESIAN_POINT('Line Origine',(-2.65500000002,4.92846103338,1.67798938511)) ;
#3604=CARTESIAN_POINT('Vertex',(-1.5,4.92846103338,1.67798938511)) ;
#3607=CARTESIAN_POINT('Axis2P3D Location',(-1.5,8.,8.881784197E-016)) ;
#3611=CARTESIAN_POINT('Vertex',(-1.5,11.0715389666,-1.67798938511)) ;
#3614=CARTESIAN_POINT('Line Origine',(-2.65500000002,11.0715389666,-1.67798938511)) ;
#3626=CARTESIAN_POINT('Axis2P3D Location',(-3.5,8.,8.881784197E-016)) ;
#3631=CARTESIAN_POINT('Axis2P3D Location',(-1.5,8.,8.881784197E-016)) ;
#3643=CARTESIAN_POINT('Axis2P3D Location',(-1.5,8.,8.881784197E-016)) ;
#3648=CARTESIAN_POINT('Line Origine',(1.08660254038,3.61790058443,2.39395182147)) ;
#3653=CARTESIAN_POINT('Line Origine',(1.08660254038,12.3820994156,-2.39395182147)) ;
#3672=CARTESIAN_POINT('Axis2P3D Location',(-3.5,0.,0.)) ;
#3702=CARTESIAN_POINT('NONE',(0.,0.,0.)) ;
#3703=CARTESIAN_POINT('NONE',(-1.33557958723E-014,52.,3.5)) ;
#3719=CARTESIAN_POINT('Axis2P3D Location',(0.,1.,-1.)) ;
#3725=CARTESIAN_POINT('Control Point',(5.4083269132,1.,-1.)) ;
#3726=CARTESIAN_POINT('Control Point',(5.61139764365,1.,-0.800314018765)) ;
#3727=CARTESIAN_POINT('Control Point',(5.81435131502,1.,-0.600433321816)) ;
#3728=CARTESIAN_POINT('Control Point',(6.01721721386,1.,-0.400385792182)) ;
#3729=CARTESIAN_POINT('Control Point',(6.21996201729,1.,-0.200241635186)) ;
#3730=CARTESIAN_POINT('Control Point',(6.42261628933,1.,-1.11022302463E-016)) ;
#3731=CARTESIAN_POINT('Vertex',(5.4083269132,1.,-1.)) ;
#3733=CARTESIAN_POINT('Vertex',(6.42261628933,1.,-1.11022302463E-016)) ;
#3736=CARTESIAN_POINT('Line Origine',(0.,1.,0.)) ;
#3740=CARTESIAN_POINT('Vertex',(-6.42261628933,1.,0.)) ;
#3744=CARTESIAN_POINT('Control Point',(-5.4083269132,1.,-1.)) ;
#3745=CARTESIAN_POINT('Control Point',(-5.61139764365,1.,-0.800314018765)) ;
#3746=CARTESIAN_POINT('Control Point',(-5.81435131502,1.,-0.600433321816)) ;
#3747=CARTESIAN_POINT('Control Point',(-6.01721721386,1.,-0.400385792182)) ;
#3748=CARTESIAN_POINT('Control Point',(-6.21996201729,1.,-0.200241635186)) ;
#3749=CARTESIAN_POINT('Control Point',(-6.42261628933,1.,-1.11022302463E-016)) ;
#3750=CARTESIAN_POINT('Vertex',(-5.4083269132,1.,-1.)) ;
#3753=CARTESIAN_POINT('Line Origine',(0.,1.,-1.)) ;
#3765=CARTESIAN_POINT('Axis2P3D Location',(0.,0.,-3.5)) ;
#3770=CARTESIAN_POINT('Axis2P3D Location',(0.,0.,-6.66133814775E-015)) ;
#3774=CARTESIAN_POINT('Vertex',(3.11626600093,-5.70428665229,-7.54951656745E-015)) ;
#3776=CARTESIAN_POINT('Vertex',(6.42261628933,-1.,0.)) ;
#3779=CARTESIAN_POINT('Line Origine',(2.27727130837,-4.16851716898,-1.75)) ;
#3783=CARTESIAN_POINT('Vertex',(1.43827661581,-2.63274768567,-3.5)) ;
#3786=CARTESIAN_POINT('Axis2P3D Location',(0.,0.,-3.5)) ;
#3790=CARTESIAN_POINT('Vertex',(-1.43827661581,2.63274768567,-3.5)) ;
#3793=CARTESIAN_POINT('Line Origine',(-2.27727130837,4.16851716898,-1.75)) ;
#3797=CARTESIAN_POINT('Vertex',(-3.11626600093,5.70428665229,-7.54951656745E-015)) ;
#3800=CARTESIAN_POINT('Axis2P3D Location',(0.,0.,-6.66133814775E-015)) ;
#3805=CARTESIAN_POINT('Axis2P3D Location',(0.,0.,-1.)) ;
#3809=CARTESIAN_POINT('Vertex',(5.4083269132,-1.,-1.)) ;
#3813=CARTESIAN_POINT('Control Point',(5.4083269132,-1.,-1.)) ;
#3814=CARTESIAN_POINT('Control Point',(5.74677813062,-1.,-0.667190031275)) ;
#3815=CARTESIAN_POINT('Control Point',(6.08485916927,-1.,-0.333736058643)) ;
#3816=CARTESIAN_POINT('Control Point',(6.42261628933,-1.,-7.54951656745E-015)) ;
#3829=CARTESIAN_POINT('Axis2P3D Location',(0.,0.,0.)) ;
#3834=CARTESIAN_POINT('Axis2P3D Location',(0.,0.,0.)) ;
#3845=CARTESIAN_POINT('Axis2P3D Location',(0.,0.,-9.11602540314)) ;
#3850=CARTESIAN_POINT('Line Origine',(-1.43827661581,2.63274768567,-10.)) ;
#3854=CARTESIAN_POINT('Vertex',(-1.43827661581,2.63274768567,-16.5)) ;
#3857=CARTESIAN_POINT('Line Origine',(1.43827661581,-2.63274768567,-10.)) ;
#3861=CARTESIAN_POINT('Vertex',(1.43827661581,-2.63274768567,-16.5)) ;
#3864=CARTESIAN_POINT('Axis2P3D Location',(0.,0.,-16.5)) ;
#3876=CARTESIAN_POINT('Axis2P3D Location',(0.,-1.,0.)) ;
#3881=CARTESIAN_POINT('Line Origine',(8.881784197E-016,-1.,-1.)) ;
#3885=CARTESIAN_POINT('Vertex',(-5.4083269132,-1.,-1.)) ;
#3889=CARTESIAN_POINT('Control Point',(-5.4083269132,-1.,-1.)) ;
#3890=CARTESIAN_POINT('Control Point',(-5.61139764365,-1.,-0.800314018765)) ;
#3891=CARTESIAN_POINT('Control Point',(-5.81435131502,-1.,-0.600433321816)) ;
#3892=CARTESIAN_POINT('Control Point',(-6.01721721386,-1.,-0.400385792182)) ;
#3893=CARTESIAN_POINT('Control Point',(-6.21996201729,-1.,-0.200241635186)) ;
#3894=CARTESIAN_POINT('Control Point',(-6.42261628933,-1.,-4.4408920985E-016)) ;
#3895=CARTESIAN_POINT('Vertex',(-6.42261628933,-1.,0.)) ;
#3898=CARTESIAN_POINT('Line Origine',(0.,-1.,0.)) ;
#3910=CARTESIAN_POINT('Axis2P3D Location',(0.,0.,-3.5)) ;
#3915=CARTESIAN_POINT('Axis2P3D Location',(0.,0.,-16.5)) ;
#3927=CARTESIAN_POINT('Axis2P3D Location',(0.,0.,-18.2320508076)) ;
#3932=CARTESIAN_POINT('Line Origine',(-0.719138307906,1.31637384284,-17.3660254038)) ;
#3936=CARTESIAN_POINT('Vertex',(0.,0.,-18.2320508076)) ;
#3939=CARTESIAN_POINT('Line Origine',(0.719138307906,-1.31637384284,-17.3660254038)) ;
#3956=CARTESIAN_POINT('Axis2P3D Location',(0.,0.,0.)) ;
#3967=CARTESIAN_POINT('Axis2P3D Location',(0.,1.,-1.)) ;
#3972=CARTESIAN_POINT('Axis2P3D Location',(-2.30926389122E-014,-8.881784197E-016,-1.)) ;
#4005=CARTESIAN_POINT('NONE',(0.,0.,0.)) ;
#4006=CARTESIAN_POINT('NONE',(-1.18324526634E-014,60.,-1.43352276119E-014)) ;
#4020=CARTESIAN_POINT('NONE',(0.,0.,0.)) ;
#4021=CARTESIAN_POINT('NONE',(1.3167034663E-013,44.,-6.88617454279E-017)) ;
#4037=CARTESIAN_POINT('Axis2P3D Location',(0.,1.,-2.)) ;
#4043=CARTESIAN_POINT('Control Point',(5.00099990002,1.,-2.)) ;
#4044=CARTESIAN_POINT('Control Point',(5.2861171424,1.,-1.60059627433)) ;
#4045=CARTESIAN_POINT('Control Point',(5.57080970593,1.,-1.20069313016)) ;
#4046=CARTESIAN_POINT('Control Point',(5.8547399782,1.,-0.801069988948)) ;
#4047=CARTESIAN_POINT('Control Point',(6.13879983123,1.,-0.400625100436)) ;
#4048=CARTESIAN_POINT('Control Point',(6.42261628933,1.,-1.55431223448E-015)) ;
#4049=CARTESIAN_POINT('Vertex',(5.00099990002,1.,-2.)) ;
#4051=CARTESIAN_POINT('Vertex',(6.42261628933,1.,-1.33226762955E-015)) ;
#4054=CARTESIAN_POINT('Line Origine',(0.,1.,-1.33226762955E-015)) ;
#4058=CARTESIAN_POINT('Vertex',(-6.42261628933,1.,-1.33226762955E-015)) ;
#4062=CARTESIAN_POINT('Control Point',(-5.00099990002,1.,-2.)) ;
#4063=CARTESIAN_POINT('Control Point',(-5.28611714239,1.,-1.60059627435)) ;
#4064=CARTESIAN_POINT('Control Point',(-5.5708097059,1.,-1.2006931302)) ;
#4065=CARTESIAN_POINT('Control Point',(-5.85473997823,1.,-0.801069988909)) ;
#4066=CARTESIAN_POINT('Control Point',(-6.13879983124,1.,-0.400625100417)) ;
#4067=CARTESIAN_POINT('Control Point',(-6.42261628933,1.,-1.33226762955E-015)) ;
#4068=CARTESIAN_POINT('Vertex',(-5.00099990002,1.,-2.)) ;
#4071=CARTESIAN_POINT('Line Origine',(0.,1.,-2.)) ;
#4083=CARTESIAN_POINT('Axis2P3D Location',(0.,0.,-5.)) ;
#4088=CARTESIAN_POINT('Axis2P3D Location',(0.,0.,7.1054273576E-015)) ;
#4092=CARTESIAN_POINT('Vertex',(3.11626600093,-5.70428665229,7.1054273576E-015)) ;
#4094=CARTESIAN_POINT('Vertex',(6.42261628933,-1.,-3.5527136788E-015)) ;
#4097=CARTESIAN_POINT('Line Origine',(2.27727130837,-4.16851716898,-2.5)) ;
#4101=CARTESIAN_POINT('Vertex',(1.43827661581,-2.63274768567,-5.)) ;
#4104=CARTESIAN_POINT('Axis2P3D Location',(0.,0.,-5.)) ;
#4108=CARTESIAN_POINT('Vertex',(-1.43827661581,2.63274768567,-5.)) ;
#4111=CARTESIAN_POINT('Line Origine',(-2.27727130837,4.16851716898,-2.5)) ;
#4115=CARTESIAN_POINT('Vertex',(-3.11626600093,5.70428665229,7.1054273576E-015)) ;
#4118=CARTESIAN_POINT('Axis2P3D Location',(0.,0.,7.1054273576E-015)) ;
#4123=CARTESIAN_POINT('Axis2P3D Location',(0.,0.,-2.)) ;
#4127=CARTESIAN_POINT('Vertex',(5.00099990002,-1.,-2.)) ;
#4131=CARTESIAN_POINT('Control Point',(5.00099990002,-1.,-2.)) ;
#4132=CARTESIAN_POINT('Control Point',(5.47619530395,-1.,-1.33432712393)) ;
#4133=CARTESIAN_POINT('Control Point',(5.9495888592,-1.,-0.667708500679)) ;
#4134=CARTESIAN_POINT('Control Point',(6.42261628933,-1.,-3.5527136788E-015)) ;
#4147=CARTESIAN_POINT('Axis2P3D Location',(0.,0.,0.)) ;
#4152=CARTESIAN_POINT('Axis2P3D Location',(0.,0.,0.)) ;
#4163=CARTESIAN_POINT('Axis2P3D Location',(0.,0.,-10.75)) ;
#4168=CARTESIAN_POINT('Line Origine',(-1.43827661581,2.63274768567,-12.3839745962)) ;
#4172=CARTESIAN_POINT('Vertex',(-1.43827661581,2.63274768567,-19.7679491924)) ;
#4175=CARTESIAN_POINT('Line Origine',(1.43827661581,-2.63274768567,-12.3839745962)) ;
#4179=CARTESIAN_POINT('Vertex',(1.43827661581,-2.63274768567,-19.7679491924)) ;
#4182=CARTESIAN_POINT('Axis2P3D Location',(0.,0.,-19.7679491924)) ;
#4194=CARTESIAN_POINT('Axis2P3D Location',(0.,-1.,-3.5527136788E-015)) ;
#4199=CARTESIAN_POINT('Line Origine',(0.,-1.,-2.)) ;
#4203=CARTESIAN_POINT('Vertex',(-5.00099990002,-1.,-2.)) ;
#4207=CARTESIAN_POINT('Control Point',(-5.00099990002,-1.,-2.)) ;
#4208=CARTESIAN_POINT('Control Point',(-5.28611714239,-1.,-1.60059627434)) ;
#4209=CARTESIAN_POINT('Control Point',(-5.57080970591,-1.,-1.20069313019)) ;
#4210=CARTESIAN_POINT('Control Point',(-5.85473997822,-1.,-0.801069988924)) ;
#4211=CARTESIAN_POINT('Control Point',(-6.13879983124,-1.,-0.400625100424)) ;
#4212=CARTESIAN_POINT('Control Point',(-6.42261628933,-1.,-2.88657986403E-015)) ;
#4213=CARTESIAN_POINT('Vertex',(-6.42261628933,-1.,-3.77475828373E-015)) ;
#4216=CARTESIAN_POINT('Line Origine',(0.,-1.,-3.5527136788E-015)) ;
#4228=CARTESIAN_POINT('Axis2P3D Location',(0.,0.,-5.)) ;
#4233=CARTESIAN_POINT('Axis2P3D Location',(0.,0.,-19.7679491924)) ;
#4245=CARTESIAN_POINT('Axis2P3D Location',(0.,0.,-21.5)) ;
#4250=CARTESIAN_POINT('Line Origine',(-0.719138307906,1.31637384284,-20.6339745962)) ;
#4254=CARTESIAN_POINT('Vertex',(0.,0.,-21.5)) ;
#4257=CARTESIAN_POINT('Line Origine',(0.719138307906,-1.31637384284,-20.6339745962)) ;
#4274=CARTESIAN_POINT('Axis2P3D Location',(0.,0.,0.)) ;
#4285=CARTESIAN_POINT('Axis2P3D Location',(0.,1.,-2.)) ;
#4290=CARTESIAN_POINT('Axis2P3D Location',(4.4408920985E-015,-1.33226762955E-015,-2.)) ;
#4323=CARTESIAN_POINT('NONE',(0.,0.,0.)) ;
#4324=CARTESIAN_POINT('NONE',(-22.,106.,-6.)) ;
#4338=CARTESIAN_POINT('NONE',(0.,0.,0.)) ;
#4339=CARTESIAN_POINT('NONE',(22.,106.,-6.)) ;
#4353=CARTESIAN_POINT('NONE',(0.,0.,0.)) ;
#4354=CARTESIAN_POINT('NONE',(-22.,36.,-6.)) ;
#4368=CARTESIAN_POINT('NONE',(0.,0.,0.)) ;
#4369=CARTESIAN_POINT('NONE',(22.,36.,-6.)) ;
#4385=CARTESIAN_POINT('Axis2P3D Location',(0.,1.,-2.)) ;
#4390=CARTESIAN_POINT('Line Origine',(0.,1.,-2.)) ;
#4394=CARTESIAN_POINT('Vertex',(4.35889894354,1.,-2.)) ;
#4396=CARTESIAN_POINT('Vertex',(-4.35889894354,1.,-2.)) ;
#4400=CARTESIAN_POINT('Control Point',(4.35889894354,1.,-2.)) ;
#4401=CARTESIAN_POINT('Control Point',(4.15327302955,1.,-1.77592435518)) ;
#4402=CARTESIAN_POINT('Control Point',(3.93371817471,1.,-1.56557370555)) ;
#4403=CARTESIAN_POINT('Control Point',(3.70159384684,1.,-1.37016458536)) ;
#4404=CARTESIAN_POINT('Control Point',(3.33008929414,1.,-1.0963883555)) ;
#4405=CARTESIAN_POINT('Control Point',(2.94458833254,1.,-0.865235280215)) ;
#4406=CARTESIAN_POINT('Control Point',(2.80947482602,1.,-0.79020513334)) ;
#4407=CARTESIAN_POINT('Control Point',(2.47622349569,1.,-0.619074097318)) ;
#4408=CARTESIAN_POINT('Control Point',(2.1511184765,1.,-0.483047079673)) ;
#4409=CARTESIAN_POINT('Control Point',(1.96579109875,1.,-0.415396524955)) ;
#4410=CARTESIAN_POINT('Control Point',(1.68900429612,1.,-0.326284114396)) ;
#4411=CARTESIAN_POINT('Control Point',(1.44992139804,1.,-0.263274736793)) ;
#4412=CARTESIAN_POINT('Control Point',(1.36581265209,1.,-0.242856209027)) ;
#4413=CARTESIAN_POINT('Control Point',(1.20261234212,1.,-0.206115825684)) ;
#4414=CARTESIAN_POINT('Control Point',(1.06067629795,1.,-0.179102718281)) ;
#4415=CARTESIAN_POINT('Control Point',(0.992302344929,1.,-0.167174695755)) ;
#4416=CARTESIAN_POINT('Control Point',(0.851262466972,1.,-0.14450858427)) ;
#4417=CARTESIAN_POINT('Control Point',(0.72897631453,1.,-0.128460489292)) ;
#4418=CARTESIAN_POINT('Control Point',(0.666614438967,1.,-0.121138661039)) ;
#4419=CARTESIAN_POINT('Control Point',(0.531879229881,1.,-0.106982738149)) ;
#4420=CARTESIAN_POINT('Control Point',(0.413128245805,1.,-0.0978209298964)) ;
#4421=CARTESIAN_POINT('Control Point',(0.349735153545,1.,-0.0937874753202)) ;
#4422=CARTESIAN_POINT('Control Point',(0.220644340041,1.,-0.0872011493117)) ;
#4423=CARTESIAN_POINT('Control Point',(0.0997217252877,1.,-0.0842544798335)) ;
#4424=CARTESIAN_POINT('Control Point',(0.0367890896729,1.,-0.0835406672392)) ;
#4425=CARTESIAN_POINT('Control Point',(-0.108045033951,1.,-0.0837592640742)) ;
#4426=CARTESIAN_POINT('Control Point',(-0.257463398896,1.,-0.0886033277022)) ;
#4427=CARTESIAN_POINT('Control Point',(-0.345793932535,1.,-0.0929936196927)) ;
#4428=CARTESIAN_POINT('Control Point',(-0.440607085905,1.,-0.0993955399868)) ;
#4429=CARTESIAN_POINT('Control Point',(-0.546302489844,1.,-0.109197542814)) ;
#4430=CARTESIAN_POINT('Vertex',(-0.546302489844,1.,-0.109197542814)) ;
#4434=CARTESIAN_POINT('Control Point',(-4.35889894354,1.,-2.)) ;
#4435=CARTESIAN_POINT('Control Point',(-4.15327302955,1.,-1.77592435518)) ;
#4436=CARTESIAN_POINT('Control Point',(-3.93371817471,1.,-1.56557370555)) ;
#4437=CARTESIAN_POINT('Control Point',(-3.70159384684,1.,-1.37016458536)) ;
#4438=CARTESIAN_POINT('Control Point',(-3.33008929415,1.,-1.09638835551)) ;
#4439=CARTESIAN_POINT('Control Point',(-2.94458833255,1.,-0.865235280216)) ;
#4440=CARTESIAN_POINT('Control Point',(-2.80947482602,1.,-0.790205133339)) ;
#4441=CARTESIAN_POINT('Control Point',(-2.4762234957,1.,-0.619074097324)) ;
#4442=CARTESIAN_POINT('Control Point',(-2.15111847652,1.,-0.483047079681)) ;
#4443=CARTESIAN_POINT('Control Point',(-1.96579109874,1.,-0.415396524948)) ;
#4444=CARTESIAN_POINT('Control Point',(-1.68900429612,1.,-0.326284114394)) ;
#4445=CARTESIAN_POINT('Control Point',(-1.44992139804,1.,-0.263274736793)) ;
#4446=CARTESIAN_POINT('Control Point',(-1.36581265209,1.,-0.242856209026)) ;
#4447=CARTESIAN_POINT('Control Point',(-1.20261234212,1.,-0.206115825684)) ;
#4448=CARTESIAN_POINT('Control Point',(-1.06067629795,1.,-0.179102718281)) ;
#4449=CARTESIAN_POINT('Control Point',(-0.992302344929,1.,-0.167174695755)) ;
#4450=CARTESIAN_POINT('Control Point',(-0.849583331319,1.,-0.144238735228)) ;
#4451=CARTESIAN_POINT('Control Point',(-0.72606724242,1.,-0.128079309455)) ;
#4452=CARTESIAN_POINT('Control Point',(-0.662550224441,1.,-0.120662952721)) ;
#4453=CARTESIAN_POINT('Control Point',(-0.602867915291,1.,-0.114443319257)) ;
#4454=CARTESIAN_POINT('Control Point',(-0.546302489844,1.,-0.109197542814)) ;
#4462=CARTESIAN_POINT('Axis2P3D Location',(0.,7.34788079488E-016,-6.)) ;
#4467=CARTESIAN_POINT('Axis2P3D Location',(0.,7.34788079488E-016,-6.)) ;
#4471=CARTESIAN_POINT('Vertex',(2.39712769302,-4.38791280945,-2.68337520964)) ;
#4473=CARTESIAN_POINT('Vertex',(0.546302489844,-1.,-0.109197542814)) ;
#4476=CARTESIAN_POINT('Axis2P3D Location',(0.,7.34788079488E-016,-2.68337520964)) ;
#4480=CARTESIAN_POINT('Vertex',(-2.39712769302,4.38791280945,-2.68337520964)) ;
#4483=CARTESIAN_POINT('Axis2P3D Location',(0.,7.34788079488E-016,-6.)) ;
#4489=CARTESIAN_POINT('Control Point',(4.35889894354,1.,-2.)) ;
#4490=CARTESIAN_POINT('Control Point',(4.50924139647,0.344672440742,-2.)) ;
#4491=CARTESIAN_POINT('Control Point',(4.50924139647,-0.344672440742,-2.)) ;
#4492=CARTESIAN_POINT('Control Point',(4.35889894354,-1.,-2.)) ;
#4493=CARTESIAN_POINT('Vertex',(4.35889894354,-1.,-2.)) ;
#4497=CARTESIAN_POINT('Control Point',(4.35889894354,-1.,-2.)) ;
#4498=CARTESIAN_POINT('Control Point',(4.15327302955,-1.,-1.77592435518)) ;
#4499=CARTESIAN_POINT('Control Point',(3.93371807076,-1.00000011368,-1.56557363634)) ;
#4500=CARTESIAN_POINT('Control Point',(3.70159366854,-1.00000024736,-1.37016459777)) ;
#4501=CARTESIAN_POINT('Control Point',(3.1405597448,-0.999999674683,-0.956716431296)) ;
#4502=CARTESIAN_POINT('Control Point',(2.54760454623,-1.00000042785,-0.640475029598)) ;
#4503=CARTESIAN_POINT('Control Point',(2.20832651608,-0.999999750074,-0.496013543372)) ;
#4504=CARTESIAN_POINT('Control Point',(1.52724617431,-1.0000003034,-0.262908354599)) ;
#4505=CARTESIAN_POINT('Control Point',(1.05011389153,-0.999999631678,-0.171002188355)) ;
#4506=CARTESIAN_POINT('Control Point',(0.857021435085,-1.00000033427,-0.142519364912)) ;
#4507=CARTESIAN_POINT('Control Point',(0.691406728434,-1.,-0.122654250521)) ;
#4508=CARTESIAN_POINT('Control Point',(0.546302489844,-1.,-0.109197542814)) ;
#4519=CARTESIAN_POINT('Axis2P3D Location',(0.,0.,-6.34168760478)) ;
#4524=CARTESIAN_POINT('Line Origine',(-2.39712769302,4.38791280945,-3.68337520964)) ;
#4528=CARTESIAN_POINT('Vertex',(-2.39712769302,4.38791280945,-4.68337520964)) ;
#4531=CARTESIAN_POINT('Line Origine',(2.39712769302,-4.38791280945,-3.68337520964)) ;
#4535=CARTESIAN_POINT('Vertex',(2.39712769302,-4.38791280945,-4.68337520964)) ;
#4538=CARTESIAN_POINT('Axis2P3D Location',(0.,0.,-4.68337520964)) ;
#4550=CARTESIAN_POINT('Axis2P3D Location',(0.,-1.,8.881784197E-016)) ;
#4555=CARTESIAN_POINT('Line Origine',(0.,-1.,-2.)) ;
#4559=CARTESIAN_POINT('Vertex',(-4.35889894354,-1.,-2.)) ;
#4563=CARTESIAN_POINT('Control Point',(-4.35889894354,-1.,-2.)) ;
#4564=CARTESIAN_POINT('Control Point',(-4.15327302955,-1.,-1.77592435518)) ;
#4565=CARTESIAN_POINT('Control Point',(-3.93371817471,-1.,-1.56557370555)) ;
#4566=CARTESIAN_POINT('Control Point',(-3.70159384684,-1.,-1.37016458536)) ;
#4567=CARTESIAN_POINT('Control Point',(-3.33008929415,-1.,-1.09638835551)) ;
#4568=CARTESIAN_POINT('Control Point',(-2.94458833255,-1.,-0.865235280216)) ;
#4569=CARTESIAN_POINT('Control Point',(-2.80947482602,-1.,-0.790205133339)) ;
#4570=CARTESIAN_POINT('Control Point',(-2.47622349571,-1.,-0.619074097328)) ;
#4571=CARTESIAN_POINT('Control Point',(-2.15111847654,-1.,-0.483047079688)) ;
#4572=CARTESIAN_POINT('Control Point',(-1.96579109872,-1.,-0.415396524944)) ;
#4573=CARTESIAN_POINT('Control Point',(-1.68900429611,-1.,-0.326284114393)) ;
#4574=CARTESIAN_POINT('Control Point',(-1.44992139804,-1.,-0.263274736794)) ;
#4575=CARTESIAN_POINT('Control Point',(-1.36581265209,-1.,-0.242856209026)) ;
#4576=CARTESIAN_POINT('Control Point',(-1.20261234212,-1.,-0.206115825684)) ;
#4577=CARTESIAN_POINT('Control Point',(-1.06067629795,-1.,-0.179102718281)) ;
#4578=CARTESIAN_POINT('Control Point',(-0.992302344929,-1.,-0.167174695755)) ;
#4579=CARTESIAN_POINT('Control Point',(-0.851262466972,-1.,-0.14450858427)) ;
#4580=CARTESIAN_POINT('Control Point',(-0.72897631453,-1.,-0.128460489292)) ;
#4581=CARTESIAN_POINT('Control Point',(-0.666614438968,-1.,-0.121138661039)) ;
#4582=CARTESIAN_POINT('Control Point',(-0.531879229881,-1.,-0.106982738149)) ;
#4583=CARTESIAN_POINT('Control Point',(-0.413128245805,-1.,-0.0978209298964)) ;
#4584=CARTESIAN_POINT('Control Point',(-0.349735153546,-1.,-0.0937874753203)) ;
#4585=CARTESIAN_POINT('Control Point',(-0.220644340041,-1.,-0.0872011493117)) ;
#4586=CARTESIAN_POINT('Control Point',(-0.0997217252881,-1.,-0.0842544798336)) ;
#4587=CARTESIAN_POINT('Control Point',(-0.0367890896732,-1.,-0.0835406672392)) ;
#4588=CARTESIAN_POINT('Control Point',(0.108045033951,-1.,-0.0837592640742)) ;
#4589=CARTESIAN_POINT('Control Point',(0.257463398893,-1.,-0.0886033277021)) ;
#4590=CARTESIAN_POINT('Control Point',(0.345793932535,-1.,-0.0929936196927)) ;
#4591=CARTESIAN_POINT('Control Point',(0.440607085906,-1.,-0.0993955399869)) ;
#4592=CARTESIAN_POINT('Control Point',(0.546302489844,-1.,-0.109197542814)) ;
#4600=CARTESIAN_POINT('Axis2P3D Location',(0.,3.,-4.68337520964)) ;
#4605=CARTESIAN_POINT('Axis2P3D Location',(0.,0.,-4.68337520964)) ;
#4614=CARTESIAN_POINT('Axis2P3D Location',(0.,0.,-4.68337520964)) ;
#4618=CARTESIAN_POINT('Vertex',(1.43827661581,-2.63274768567,-4.68337520964)) ;
#4620=CARTESIAN_POINT('Vertex',(-1.43827661581,2.63274768567,-4.68337520964)) ;
#4623=CARTESIAN_POINT('Axis2P3D Location',(0.,0.,-4.68337520964)) ;
#4633=CARTESIAN_POINT('Axis2P3D Location',(0.,0.,-6.34168760478)) ;
#4638=CARTESIAN_POINT('Line Origine',(1.43827661581,-2.63274768567,-8.18337520964)) ;
#4642=CARTESIAN_POINT('Vertex',(1.43827661581,-2.63274768567,-11.6833752096)) ;
#4645=CARTESIAN_POINT('Line Origine',(-1.43827661581,2.63274768567,-8.18337520964)) ;
#4649=CARTESIAN_POINT('Vertex',(-1.43827661581,2.63274768567,-11.6833752096)) ;
#4652=CARTESIAN_POINT('Axis2P3D Location',(0.,0.,-11.6833752096)) ;
#4664=CARTESIAN_POINT('Axis2P3D Location',(0.,0.,-11.6833752096)) ;
#4676=CARTESIAN_POINT('Axis2P3D Location',(0.,2.,-11.6833752096)) ;
#4685=CARTESIAN_POINT('Axis2P3D Location',(0.,0.,-11.6833752096)) ;
#4689=CARTESIAN_POINT('Vertex',(0.958851077208,-1.75516512378,-11.6833752096)) ;
#4691=CARTESIAN_POINT('Vertex',(-0.958851077208,1.75516512378,-11.6833752096)) ;
#4694=CARTESIAN_POINT('Axis2P3D Location',(0.,0.,-11.6833752096)) ;
#4704=CARTESIAN_POINT('Axis2P3D Location',(0.,0.,-6.34168760478)) ;
#4709=CARTESIAN_POINT('Line Origine',(0.958851077208,-1.75516512378,-12.1833752096)) ;
#4713=CARTESIAN_POINT('Vertex',(0.958851077208,-1.75516512378,-12.6833752096)) ;
#4716=CARTESIAN_POINT('Line Origine',(-0.958851077208,1.75516512378,-12.1833752096)) ;
#4720=CARTESIAN_POINT('Vertex',(-0.958851077208,1.75516512378,-12.6833752096)) ;
#4723=CARTESIAN_POINT('Axis2P3D Location',(0.,0.,-12.6833752096)) ;
#4735=CARTESIAN_POINT('Axis2P3D Location',(0.,0.,-12.6833752096)) ;
#4747=CARTESIAN_POINT('Axis2P3D Location',(0.,0.,-12.6833752096)) ;
#4757=CARTESIAN_POINT('Axis2P3D Location',(0.,0.,-2.68337520964)) ;
#4770=CARTESIAN_POINT('Control Point',(-4.35889894354,1.,-2.)) ;
#4771=CARTESIAN_POINT('Control Point',(-4.50924139648,0.344672440732,-2.)) ;
#4772=CARTESIAN_POINT('Control Point',(-4.50924139648,-0.344672440732,-2.)) ;
#4773=CARTESIAN_POINT('Control Point',(-4.35889894354,-1.,-2.)) ;
#4784=CARTESIAN_POINT('Axis2P3D Location',(0.,1.,-2.)) ;
#4806=CARTESIAN_POINT('NONE',(0.,0.,0.)) ;
#4807=CARTESIAN_POINT('NONE',(-1.65909156202E-014,56.,52.6833752096)) ;
#4823=CARTESIAN_POINT('Axis2P3D Location',(0.,0.,0.)) ;
#4828=CARTESIAN_POINT('Axis2P3D Location',(0.,62.,0.)) ;
#4832=CARTESIAN_POINT('Vertex',(0.958851077208,62.,1.75516512378)) ;
#4834=CARTESIAN_POINT('Vertex',(-0.958851077208,62.,-1.75516512378)) ;
#4837=CARTESIAN_POINT('Line Origine',(0.958851077208,0.,1.75516512378)) ;
#4841=CARTESIAN_POINT('Vertex',(0.958851077208,52.,1.75516512378)) ;
#4844=CARTESIAN_POINT('Axis2P3D Location',(0.,52.,0.)) ;
#4848=CARTESIAN_POINT('Vertex',(-0.958851077208,52.,-1.75516512378)) ;
#4851=CARTESIAN_POINT('Line Origine',(-0.958851077208,0.,-1.75516512378)) ;
#4863=CARTESIAN_POINT('Axis2P3D Location',(0.,62.,0.)) ;
#4868=CARTESIAN_POINT('Axis2P3D Location',(0.,52.,0.)) ;
#4880=CARTESIAN_POINT('Axis2P3D Location',(0.,0.,0.)) ;
#4885=CARTESIAN_POINT('Axis2P3D Location',(0.,52.,0.)) ;
#4889=CARTESIAN_POINT('Vertex',(1.43827661581,52.,2.63274768567)) ;
#4891=CARTESIAN_POINT('Vertex',(-1.43827661581,52.,-2.63274768567)) ;
#4894=CARTESIAN_POINT('Line Origine',(1.43827661581,7.1054273576E-015,2.63274768567)) ;
#4898=CARTESIAN_POINT('Vertex',(1.43827661581,-52.,2.63274768567)) ;
#4901=CARTESIAN_POINT('Axis2P3D Location',(0.,-52.,0.)) ;
#4905=CARTESIAN_POINT('Vertex',(-1.43827661581,-52.,-2.63274768567)) ;
#4908=CARTESIAN_POINT('Line Origine',(-1.43827661581,7.1054273576E-015,-2.63274768567)) ;
#4920=CARTESIAN_POINT('Axis2P3D Location',(0.,52.,0.)) ;
#4925=CARTESIAN_POINT('Axis2P3D Location',(0.,-52.,0.)) ;
#4937=CARTESIAN_POINT('Axis2P3D Location',(0.,-52.,0.)) ;
#4941=CARTESIAN_POINT('Vertex',(0.958851077208,-52.,1.75516512378)) ;
#4943=CARTESIAN_POINT('Vertex',(-0.958851077208,-52.,-1.75516512378)) ;
#4946=CARTESIAN_POINT('Line Origine',(0.958851077208,0.,1.75516512378)) ;
#4950=CARTESIAN_POINT('Vertex',(0.958851077208,-62.,1.75516512378)) ;
#4953=CARTESIAN_POINT('Axis2P3D Location',(0.,-62.,0.)) ;
#4957=CARTESIAN_POINT('Vertex',(-0.958851077208,-62.,-1.75516512378)) ;
#4960=CARTESIAN_POINT('Line Origine',(-0.958851077208,0.,-1.75516512378)) ;
#4972=CARTESIAN_POINT('Axis2P3D Location',(0.,-52.,0.)) ;
#4977=CARTESIAN_POINT('Axis2P3D Location',(0.,-62.,0.)) ;
#4989=CARTESIAN_POINT('Axis2P3D Location',(0.,62.,2.)) ;
#4999=CARTESIAN_POINT('Axis2P3D Location',(0.,52.,3.)) ;
#5013=CARTESIAN_POINT('Axis2P3D Location',(0.,-52.,2.)) ;
#5027=CARTESIAN_POINT('Axis2P3D Location',(0.,-62.,-1.72239277041E-014)) ;
#5047=CARTESIAN_POINT('NONE',(0.,0.,0.)) ;
#5048=CARTESIAN_POINT('NONE',(-1.10134124043E-013,174.,36.)) ;
#5064=CARTESIAN_POINT('Axis2P3D Location',(0.,0.,-4.5)) ;
#5069=CARTESIAN_POINT('Axis2P3D Location',(0.,0.,-4.5)) ;
#5073=CARTESIAN_POINT('Vertex',(1.90266112098,3.48279782053,-4.5)) ;
#5075=CARTESIAN_POINT('Vertex',(-1.90266112098,-3.48279782053,-4.5)) ;
#5078=CARTESIAN_POINT('Axis2P3D Location',(0.,0.,-4.5)) ;
#5087=CARTESIAN_POINT('Axis2P3D Location',(0.,-2.22044604925E-016,-4.5)) ;
#5091=CARTESIAN_POINT('Vertex',(1.75516512378,-0.958851077208,-4.5)) ;
#5093=CARTESIAN_POINT('Vertex',(-1.75516512378,0.958851077208,-4.5)) ;
#5096=CARTESIAN_POINT('Axis2P3D Location',(2.77555756156E-016,-1.11022302463E-015,-4.5)) ;
#5106=CARTESIAN_POINT('Axis2P3D Location',(0.,0.,0.)) ;
#5111=CARTESIAN_POINT('Axis2P3D Location',(0.,0.,0.)) ;
#5115=CARTESIAN_POINT('Vertex',(1.90266112098,3.48279782053,4.5)) ;
#5118=CARTESIAN_POINT('Axis2P3D Location',(0.,2.22044604925E-016,4.5)) ;
#5122=CARTESIAN_POINT('Vertex',(-1.90266112098,-3.48279782053,4.5)) ;
#5125=CARTESIAN_POINT('Axis2P3D Location',(0.,0.,0.)) ;
#5137=CARTESIAN_POINT('Axis2P3D Location',(0.,2.22044604925E-016,4.5)) ;
#5149=CARTESIAN_POINT('Axis2P3D Location',(0.,4.39154885296E-016,4.4)) ;
#5154=CARTESIAN_POINT('Axis2P3D Location',(0.,3.94745964311E-016,3.5)) ;
#5158=CARTESIAN_POINT('Vertex',(-1.75516512378,0.958851077208,3.5)) ;
#5160=CARTESIAN_POINT('Vertex',(1.75516512378,-0.958851077208,3.5)) ;
#5163=CARTESIAN_POINT('Line Origine',(-1.75516512378,0.958851077208,8.881784197E-016)) ;
#5168=CARTESIAN_POINT('Line Origine',(1.75516512378,-0.958851077208,8.881784197E-016)) ;
#5180=CARTESIAN_POINT('Axis2P3D Location',(0.,3.94745964311E-016,3.5)) ;
#5192=CARTESIAN_POINT('Axis2P3D Location',(0.,3.9686269666,4.5)) ;
#5201=CARTESIAN_POINT('Axis2P3D Location',(-5.27217158819E-014,2.6645352591E-014,4.5)) ;
#5205=CARTESIAN_POINT('Vertex',(2.63274768567,-1.43827661581,4.5)) ;
#5207=CARTESIAN_POINT('Vertex',(-2.63274768476,1.43827661748,4.5)) ;
#5210=CARTESIAN_POINT('Axis2P3D Location',(-3.42642931919E-014,3.90798504668E-014,4.5)) ;
#5220=CARTESIAN_POINT('Axis2P3D Location',(1.39999123405E-013,1.37445610449E-013,1.5)) ;
#5225=CARTESIAN_POINT('Line Origine',(2.19395640473,-1.19856384651,4.)) ;
#5230=CARTESIAN_POINT('Line Origine',(-2.19395640473,1.19856384651,4.)) ;
#5242=CARTESIAN_POINT('Axis2P3D Location',(9.92539384015E-014,-6.57252030578E-014,1.5)) ;
#5264=CARTESIAN_POINT('NONE',(0.,0.,0.)) ;
#5265=CARTESIAN_POINT('NONE',(-46.5184771754,174.,69.7976520084)) ;
#5279=CARTESIAN_POINT('NONE',(0.,0.,0.)) ;
#5280=CARTESIAN_POINT('NONE',(46.5184771754,174.,2.20234799157)) ;
#64=DIRECTION('Axis2P3D Direction',(0.,0.,-1.)) ;
#65=DIRECTION('Axis2P3D XDirection',(0.87758256189,0.479425538604,0.)) ;
#69=DIRECTION('Vector Direction',(-0.760008792515,-0.415194695654,-0.5)) ;
#78=DIRECTION('Axis2P3D Direction',(0.,0.,-1.)) ;
#85=DIRECTION('Vector Direction',(0.760008792515,0.415194695654,-0.5)) ;
#96=DIRECTION('Axis2P3D Direction',(1.,0.,0.)) ;
#97=DIRECTION('Axis2P3D XDirection',(0.,1.,0.)) ;
#101=DIRECTION('Vector Direction',(0.,9.97393190984E-017,-1.)) ;
#110=DIRECTION('Vector Direction',(0.,-0.707106781187,-0.707106781187)) ;
#117=DIRECTION('Vector Direction',(0.,1.,0.)) ;
#124=DIRECTION('Vector Direction',(0.,0.,-1.)) ;
#131=DIRECTION('Vector Direction',(0.,-1.,0.)) ;
#138=DIRECTION('Vector Direction',(0.,0.,1.)) ;
#145=DIRECTION('Vector Direction',(0.,1.,0.)) ;
#160=DIRECTION('Axis2P3D Direction',(-1.,0.,0.)) ;
#161=DIRECTION('Axis2P3D XDirection',(-0.,0.,-1.)) ;
#165=DIRECTION('Vector Direction',(0.,0.,1.)) ;
#174=DIRECTION('Vector Direction',(0.,-1.,0.)) ;
#181=DIRECTION('Vector Direction',(0.,0.,-1.)) ;
#188=DIRECTION('Vector Direction',(0.,-1.,0.)) ;
#200=DIRECTION('Axis2P3D Direction',(0.,0.,1.)) ;
#201=DIRECTION('Axis2P3D XDirection',(-1.,0.,0.)) ;
#205=DIRECTION('Vector Direction',(-1.,0.,0.)) ;
#212=DIRECTION('Vector Direction',(-1.,0.,0.)) ;
#219=DIRECTION('Vector Direction',(0.,-1.,0.)) ;
#231=DIRECTION('Axis2P3D Direction',(-1.,0.,0.)) ;
#232=DIRECTION('Axis2P3D XDirection',(-0.,0.,-1.)) ;
#236=DIRECTION('Vector Direction',(0.,0.,-1.)) ;
#243=DIRECTION('Vector Direction',(0.,0.,-1.)) ;
#250=DIRECTION('Vector Direction',(0.,-1.,0.)) ;
#257=DIRECTION('Vector Direction',(0.,-1.,0.)) ;
#264=DIRECTION('Vector Direction',(0.,-1.,0.)) ;
#278=DIRECTION('Axis2P3D Direction',(-0.,0.,1.)) ;
#279=DIRECTION('Axis2P3D XDirection',(0.,-1.,0.)) ;
#283=DIRECTION('Vector Direction',(0.,-1.,0.)) ;
#292=DIRECTION('Vector Direction',(-1.,0.,0.)) ;
#297=DIRECTION('Vector Direction',(1.,0.,0.)) ;
#309=DIRECTION('Vector Direction',(-1.,0.,0.)) ;
#316=DIRECTION('Vector Direction',(-1.,0.,0.)) ;
#323=DIRECTION('Vector Direction',(0.,-1.,0.)) ;
#335=DIRECTION('Vector Direction',(0.,-1.,0.)) ;
#344=DIRECTION('Vector Direction',(-1.,0.,0.)) ;
#349=DIRECTION('Vector Direction',(1.,0.,0.)) ;
#361=DIRECTION('Vector Direction',(-1.,0.,0.)) ;
#368=DIRECTION('Vector Direction',(-1.,0.,0.)) ;
#375=DIRECTION('Vector Direction',(0.,-1.,0.)) ;
#387=DIRECTION('Axis2P3D Direction',(0.,1.,-0.)) ;
#388=DIRECTION('Axis2P3D XDirection',(-1.,0.,0.)) ;
#392=DIRECTION('Vector Direction',(-1.,0.,0.)) ;
#399=DIRECTION('Vector Direction',(-1.,0.,0.)) ;
#406=DIRECTION('Axis2P3D Direction',(0.,1.,-0.)) ;
#413=DIRECTION('Vector Direction',(-0.422618261741,0.,0.906307787037)) ;
#420=DIRECTION('Axis2P3D Direction',(0.,1.,-0.)) ;
#427=DIRECTION('Vector Direction',(-0.422618261741,0.,-0.906307787037)) ;
#434=DIRECTION('Axis2P3D Direction',(0.,1.,-0.)) ;
#450=DIRECTION('Axis2P3D Direction',(0.,1.,-0.)) ;
#459=DIRECTION('Axis2P3D Direction',(0.,1.,-0.)) ;
#469=DIRECTION('Axis2P3D Direction',(1.,0.,-0.)) ;
#470=DIRECTION('Axis2P3D XDirection',(0.,0.,1.)) ;
#474=DIRECTION('Vector Direction',(0.,0.,1.)) ;
#481=DIRECTION('Vector Direction',(0.,-1.,0.)) ;
#486=DIRECTION('Vector Direction',(0.,0.,1.)) ;
#493=DIRECTION('Vector Direction',(0.,-1.,0.)) ;
#507=DIRECTION('Axis2P3D Direction',(0.,1.,0.)) ;
#508=DIRECTION('Axis2P3D XDirection',(-1.,0.,0.)) ;
#512=DIRECTION('Vector Direction',(0.,1.,0.)) ;
#519=DIRECTION('Axis2P3D Direction',(0.,1.,0.)) ;
#526=DIRECTION('Vector Direction',(0.,1.,0.)) ;
#538=DIRECTION('Axis2P3D Direction',(0.,1.,0.)) ;
#550=DIRECTION('Vector Direction',(-1.,0.,0.)) ;
#557=DIRECTION('Vector Direction',(-1.,0.,0.)) ;
#564=DIRECTION('Vector Direction',(0.,-1.,0.)) ;
#576=DIRECTION('Axis2P3D Direction',(1.,0.,-0.)) ;
#577=DIRECTION('Axis2P3D XDirection',(0.,0.,1.)) ;
#581=DIRECTION('Vector Direction',(0.,0.,1.)) ;
#588=DIRECTION('Vector Direction',(0.,0.,1.)) ;
#595=DIRECTION('Vector Direction',(0.,-1.,0.)) ;
#607=DIRECTION('Axis2P3D Direction',(1.,0.,0.)) ;
#608=DIRECTION('Axis2P3D XDirection',(0.,1.,0.)) ;
#612=DIRECTION('Vector Direction',(0.,0.,-1.)) ;
#621=DIRECTION('Vector Direction',(0.,1.,0.)) ;
#628=DIRECTION('Vector Direction',(0.,-0.707106781187,-0.707106781187)) ;
#635=DIRECTION('Vector Direction',(0.,9.97393190984E-017,-1.)) ;
#642=DIRECTION('Vector Direction',(0.,1.,0.)) ;
#649=DIRECTION('Vector Direction',(0.,0.,1.)) ;
#656=DIRECTION('Vector Direction',(0.,-1.,0.)) ;
#671=DIRECTION('Vector Direction',(1.,0.,0.)) ;
#676=DIRECTION('Vector Direction',(1.,0.,0.)) ;
#683=DIRECTION('Vector Direction',(0.,-1.,0.)) ;
#697=DIRECTION('Axis2P3D Direction',(0.,1.,0.)) ;
#698=DIRECTION('Axis2P3D XDirection',(1.83690953073E-016,0.,-1.)) ;
#702=DIRECTION('Axis2P3D Direction',(0.,1.,0.)) ;
#709=DIRECTION('Vector Direction',(0.,1.,0.)) ;
#721=DIRECTION('Axis2P3D Direction',(0.906307787037,0.,0.422618261741)) ;
#722=DIRECTION('Axis2P3D XDirection',(-0.422618261741,0.,0.906307787037)) ;
#726=DIRECTION('Vector Direction',(-0.422618261741,0.,0.906307787037)) ;
#733=DIRECTION('Vector Direction',(0.,-1.,0.)) ;
#745=DIRECTION('Axis2P3D Direction',(0.,1.,0.)) ;
#746=DIRECTION('Axis2P3D XDirection',(-0.906307787037,0.,0.422618261741)) ;
#750=DIRECTION('Axis2P3D Direction',(0.,1.,0.)) ;
#757=DIRECTION('Vector Direction',(0.,1.,0.)) ;
#769=DIRECTION('Axis2P3D Direction',(-0.906307787037,0.,0.422618261741)) ;
#770=DIRECTION('Axis2P3D XDirection',(-0.422618261741,0.,-0.906307787037)) ;
#774=DIRECTION('Vector Direction',(-0.422618261741,0.,-0.906307787037)) ;
#781=DIRECTION('Vector Direction',(0.,-1.,0.)) ;
#793=DIRECTION('Axis2P3D Direction',(0.,1.,0.)) ;
#794=DIRECTION('Axis2P3D XDirection',(0.906307787037,0.,-0.422618261741)) ;
#798=DIRECTION('Axis2P3D Direction',(0.,1.,0.)) ;
#805=DIRECTION('Vector Direction',(0.,1.,0.)) ;
#817=DIRECTION('Axis2P3D Direction',(0.,-0.707106781187,0.707106781187)) ;
#818=DIRECTION('Axis2P3D XDirection',(-0.,-0.707106781187,-0.707106781187)) ;
#822=DIRECTION('Vector Direction',(1.,0.,0.)) ;
#827=DIRECTION('Vector Direction',(1.,0.,0.)) ;
#839=DIRECTION('Axis2P3D Direction',(0.,0.,-1.)) ;
#840=DIRECTION('Axis2P3D XDirection',(0.,1.,0.)) ;
#844=DIRECTION('Vector Direction',(1.,0.,0.)) ;
#856=DIRECTION('Axis2P3D Direction',(0.,-1.,-9.86864910778E-017)) ;
#857=DIRECTION('Axis2P3D XDirection',(0.,9.86864910778E-017,-1.)) ;
#861=DIRECTION('Vector Direction',(1.,0.,0.)) ;
#876=DIRECTION('Vector Direction',(-1.,0.,0.)) ;
#890=DIRECTION('Axis2P3D Direction',(0.,1.,0.)) ;
#891=DIRECTION('Axis2P3D XDirection',(0.,0.,1.)) ;
#895=DIRECTION('Vector Direction',(1.,0.,0.)) ;
#900=DIRECTION('Vector Direction',(1.,0.,0.)) ;
#931=DIRECTION('Axis2P3D Direction',(0.,-1.,-9.97393190984E-017)) ;
#932=DIRECTION('Axis2P3D XDirection',(0.,9.97393190984E-017,-1.)) ;
#936=DIRECTION('Vector Direction',(1.,0.,0.)) ;
#941=DIRECTION('Vector Direction',(1.,0.,0.)) ;
#962=DIRECTION('Axis2P3D Direction',(0.,-0.,1.)) ;
#963=DIRECTION('Axis2P3D XDirection',(0.87758256189,0.479425538604,0.)) ;
#967=DIRECTION('Axis2P3D Direction',(0.,-0.,1.)) ;
#976=DIRECTION('Vector Direction',(0.,0.,1.)) ;
#981=DIRECTION('Axis2P3D Direction',(0.,-0.,1.)) ;
#986=DIRECTION('Vector Direction',(0.,0.,1.)) ;
#998=DIRECTION('Axis2P3D Direction',(0.,-0.,1.)) ;
#1016=DIRECTION('Axis2P3D Direction',(0.,0.,-1.)) ;
#1017=DIRECTION('Axis2P3D XDirection',(0.,1.,0.)) ;
#1027=DIRECTION('Axis2P3D Direction',(0.,0.,-1.)) ;
#1036=DIRECTION('Axis2P3D Direction',(0.,0.,-1.)) ;
#1045=DIRECTION('Axis2P3D Direction',(0.,0.,-1.)) ;
#1054=DIRECTION('Axis2P3D Direction',(0.,0.,-1.)) ;
#1070=DIRECTION('Axis2P3D Direction',(0.,0.,-1.)) ;
#1079=DIRECTION('Axis2P3D Direction',(0.,0.,-1.)) ;
#1093=DIRECTION('Axis2P3D Direction',(0.,0.,-1.)) ;
#1094=DIRECTION('Axis2P3D XDirection',(0.87758256189,0.479425538604,0.)) ;
#1098=DIRECTION('Vector Direction',(-0.760008792515,-0.415194695654,-0.5)) ;
#1107=DIRECTION('Axis2P3D Direction',(0.,0.,-1.)) ;
#1114=DIRECTION('Vector Direction',(0.760008792515,0.415194695654,-0.5)) ;
#1125=DIRECTION('Axis2P3D Direction',(0.,0.,-1.)) ;
#1136=DIRECTION('Axis2P3D Direction',(0.,0.,1.)) ;
#1137=DIRECTION('Axis2P3D XDirection',(0.87758256189,0.479425538604,0.)) ;
#1141=DIRECTION('Vector Direction',(0.,0.,1.)) ;
#1146=DIRECTION('Vector Direction',(0.,0.,1.)) ;
#1165=DIRECTION('Axis2P3D Direction',(0.,0.,-1.)) ;
#1166=DIRECTION('Axis2P3D XDirection',(0.87758256189,0.479425538604,0.)) ;
#1170=DIRECTION('Vector Direction',(-0.760008792515,-0.415194695654,-0.5)) ;
#1179=DIRECTION('Axis2P3D Direction',(0.,0.,-1.)) ;
#1186=DIRECTION('Vector Direction',(0.760008792515,0.415194695654,-0.5)) ;
#1197=DIRECTION('Axis2P3D Direction',(0.,0.,-1.)) ;
#1208=DIRECTION('Axis2P3D Direction',(0.,0.,1.)) ;
#1209=DIRECTION('Axis2P3D XDirection',(0.87758256189,0.479425538604,0.)) ;
#1213=DIRECTION('Vector Direction',(0.,0.,1.)) ;
#1218=DIRECTION('Vector Direction',(0.,0.,1.)) ;
#1237=DIRECTION('Axis2P3D Direction',(0.,0.,-1.)) ;
#1238=DIRECTION('Axis2P3D XDirection',(0.87758256189,0.479425538604,0.)) ;
#1242=DIRECTION('Vector Direction',(-0.760008792515,-0.415194695654,-0.5)) ;
#1251=DIRECTION('Axis2P3D Direction',(0.,0.,-1.)) ;
#1258=DIRECTION('Vector Direction',(0.760008792515,0.415194695654,-0.5)) ;
#1269=DIRECTION('Axis2P3D Direction',(0.,0.,-1.)) ;
#1280=DIRECTION('Axis2P3D Direction',(0.,0.,1.)) ;
#1281=DIRECTION('Axis2P3D XDirection',(0.87758256189,0.479425538604,0.)) ;
#1285=DIRECTION('Vector Direction',(0.,0.,1.)) ;
#1290=DIRECTION('Vector Direction',(0.,0.,1.)) ;
#1320=DIRECTION('NONE',(1.,0.,0.)) ;
#1321=DIRECTION('NONE',(0.,0.,1.)) ;
#1322=DIRECTION('NONE',(1.,0.,0.)) ;
#1323=DIRECTION('NONE',(0.,0.,1.)) ;
#1336=DIRECTION('Axis2P3D Direction',(0.,0.,-1.)) ;
#1337=DIRECTION('Axis2P3D XDirection',(0.87758256189,0.479425538604,0.)) ;
#1341=DIRECTION('Vector Direction',(-0.760008792515,-0.415194695654,-0.5)) ;
#1350=DIRECTION('Axis2P3D Direction',(0.,0.,-1.)) ;
#1357=DIRECTION('Vector Direction',(0.760008792515,0.415194695654,-0.5)) ;
#1368=DIRECTION('Axis2P3D Direction',(0.,-1.,0.)) ;
#1369=DIRECTION('Axis2P3D XDirection',(0.,0.,-1.)) ;
#1373=DIRECTION('Vector Direction',(0.,0.,-1.)) ;
#1382=DIRECTION('Vector Direction',(1.,0.,0.)) ;
#1389=DIRECTION('Vector Direction',(0.,0.,1.)) ;
#1396=DIRECTION('Vector Direction',(1.,0.,0.)) ;
#1403=DIRECTION('Vector Direction',(0.,0.,-1.)) ;
#1410=DIRECTION('Vector Direction',(1.,0.,0.)) ;
#1417=DIRECTION('Vector Direction',(0.,0.,-1.)) ;
#1424=DIRECTION('Vector Direction',(1.,0.,0.)) ;
#1440=DIRECTION('Axis2P3D Direction',(1.,0.,-0.)) ;
#1441=DIRECTION('Axis2P3D XDirection',(0.,0.,1.)) ;
#1445=DIRECTION('Vector Direction',(0.,-1.,0.)) ;
#1452=DIRECTION('Vector Direction',(0.,0.,1.)) ;
#1459=DIRECTION('Vector Direction',(0.,-1.,0.)) ;
#1471=DIRECTION('Axis2P3D Direction',(0.,0.,-1.)) ;
#1472=DIRECTION('Axis2P3D XDirection',(0.,1.,0.)) ;
#1476=DIRECTION('Vector Direction',(1.,0.,0.)) ;
#1483=DIRECTION('Vector Direction',(0.,-1.,0.)) ;
#1495=DIRECTION('Axis2P3D Direction',(1.,0.,0.)) ;
#1496=DIRECTION('Axis2P3D XDirection',(0.,1.,0.)) ;
#1500=DIRECTION('Vector Direction',(0.,-1.,0.)) ;
#1507=DIRECTION('Vector Direction',(0.,0.,1.)) ;
#1514=DIRECTION('Vector Direction',(0.,-1.,0.)) ;
#1521=DIRECTION('Vector Direction',(0.,0.,1.)) ;
#1528=DIRECTION('Vector Direction',(0.,-1.,0.)) ;
#1542=DIRECTION('Vector Direction',(1.,0.,0.)) ;
#1549=DIRECTION('Vector Direction',(0.,-1.,0.)) ;
#1561=DIRECTION('Axis2P3D Direction',(0.,1.,0.)) ;
#1562=DIRECTION('Axis2P3D XDirection',(0.832090248194,0.,-0.554640260764)) ;
#1566=DIRECTION('Axis2P3D Direction',(0.,1.,0.)) ;
#1575=DIRECTION('Vector Direction',(0.,1.,0.)) ;
#1582=DIRECTION('Axis2P3D Direction',(0.,1.,0.)) ;
#1589=DIRECTION('Vector Direction',(0.,1.,0.)) ;
#1601=DIRECTION('Axis2P3D Direction',(-0.832090248194,0.,0.554640260764)) ;
#1602=DIRECTION('Axis2P3D XDirection',(-0.554640260764,0.,-0.832090248194)) ;
#1606=DIRECTION('Vector Direction',(0.,-1.,0.)) ;
#1615=DIRECTION('Vector Direction',(-0.554640260764,0.,-0.832090248194)) ;
#1620=DIRECTION('Vector Direction',(-0.554640260764,0.,-0.832090248194)) ;
#1632=DIRECTION('Axis2P3D Direction',(0.,1.,0.)) ;
#1633=DIRECTION('Axis2P3D XDirection',(-0.832090248194,0.,0.554640260764)) ;
#1637=DIRECTION('Vector Direction',(0.,1.,0.)) ;
#1646=DIRECTION('Axis2P3D Direction',(0.,1.,0.)) ;
#1651=DIRECTION('Axis2P3D Direction',(0.,1.,0.)) ;
#1658=DIRECTION('Axis2P3D Direction',(0.,1.,0.)) ;
#1713=DIRECTION('Axis2P3D Direction',(0.832090248194,0.,0.554640260764)) ;
#1714=DIRECTION('Axis2P3D XDirection',(-0.554640260764,0.,0.832090248194)) ;
#1718=DIRECTION('Vector Direction',(0.,-1.,0.)) ;
#1727=DIRECTION('Vector Direction',(-0.554640260764,0.,0.832090248194)) ;
#1732=DIRECTION('Vector Direction',(-0.554640260764,0.,0.832090248194)) ;
#1744=DIRECTION('Axis2P3D Direction',(0.,1.,0.)) ;
#1745=DIRECTION('Axis2P3D XDirection',(1.07186937277E-015,0.,-1.)) ;
#1749=DIRECTION('Axis2P3D Direction',(0.,1.,0.)) ;
#1756=DIRECTION('Vector Direction',(0.,1.,0.)) ;
#1763=DIRECTION('Axis2P3D Direction',(0.,1.,0.)) ;
#1775=DIRECTION('Axis2P3D Direction',(-0.,0.,1.)) ;
#1776=DIRECTION('Axis2P3D XDirection',(0.,-1.,0.)) ;
#1780=DIRECTION('Vector Direction',(0.,-1.,0.)) ;
#1789=DIRECTION('Vector Direction',(-1.,0.,0.)) ;
#1794=DIRECTION('Vector Direction',(1.,0.,0.)) ;
#1806=DIRECTION('Axis2P3D Direction',(0.,1.,0.)) ;
#1807=DIRECTION('Axis2P3D XDirection',(0.,0.,1.)) ;
#1811=DIRECTION('Vector Direction',(1.,0.,0.)) ;
#1818=DIRECTION('Vector Direction',(0.,0.,1.)) ;
#1832=DIRECTION('Axis2P3D Direction',(0.,0.,-1.)) ;
#1833=DIRECTION('Axis2P3D XDirection',(0.87758256189,-0.479425538604,0.)) ;
#1837=DIRECTION('Vector Direction',(0.,0.,-1.)) ;
#1844=DIRECTION('Axis2P3D Direction',(0.,0.,-1.)) ;
#1851=DIRECTION('Vector Direction',(0.,0.,-1.)) ;
#1863=DIRECTION('Axis2P3D Direction',(0.,0.,-1.)) ;
#1875=DIRECTION('Axis2P3D Direction',(0.,0.,-1.)) ;
#1876=DIRECTION('Axis2P3D XDirection',(1.,0.,0.)) ;
#1884=DIRECTION('Axis2P3D Direction',(0.,0.,-1.)) ;
#1893=DIRECTION('Axis2P3D Direction',(0.,0.,-1.)) ;
#1903=DIRECTION('Axis2P3D Direction',(0.,0.,-1.)) ;
#1904=DIRECTION('Axis2P3D XDirection',(0.87758256189,-0.479425538604,0.)) ;
#1929=DIRECTION('Vector Direction',(0.,0.,-1.)) ;
#1934=DIRECTION('Vector Direction',(0.,0.,-1.)) ;
#1970=DIRECTION('Axis2P3D Direction',(0.,1.,-0.)) ;
#1971=DIRECTION('Axis2P3D XDirection',(-1.,0.,0.)) ;
#1975=DIRECTION('Axis2P3D Direction',(0.,1.,-0.)) ;
#1984=DIRECTION('Axis2P3D Direction',(0.,1.,-0.)) ;
#1994=DIRECTION('Axis2P3D Direction',(0.,1.,0.)) ;
#1995=DIRECTION('Axis2P3D XDirection',(-1.,0.,0.)) ;
#1999=DIRECTION('Vector Direction',(0.,1.,0.)) ;
#2006=DIRECTION('Axis2P3D Direction',(0.,1.,0.)) ;
#2013=DIRECTION('Vector Direction',(0.,1.,0.)) ;
#2025=DIRECTION('Axis2P3D Direction',(0.,1.,0.)) ;
#2041=DIRECTION('Vector Direction',(1.,0.,0.)) ;
#2046=DIRECTION('Vector Direction',(1.,0.,0.)) ;
#2060=DIRECTION('Vector Direction',(-1.,0.,0.)) ;
#2072=DIRECTION('Axis2P3D Direction',(-0.,0.,1.)) ;
#2073=DIRECTION('Axis2P3D XDirection',(0.,-1.,0.)) ;
#2077=DIRECTION('Vector Direction',(0.,-1.,0.)) ;
#2090=DIRECTION('Axis2P3D Direction',(1.,0.,0.)) ;
#2091=DIRECTION('Axis2P3D XDirection',(0.,1.,0.)) ;
#2095=DIRECTION('Vector Direction',(0.,0.,1.)) ;
#2109=DIRECTION('Axis2P3D Direction',(0.,1.,0.)) ;
#2110=DIRECTION('Axis2P3D XDirection',(0.,0.,1.)) ;
#2114=DIRECTION('Vector Direction',(1.,0.,0.)) ;
#2121=DIRECTION('Vector Direction',(0.,0.,-1.)) ;
#2147=DIRECTION('Axis2P3D Direction',(-1.,0.,0.)) ;
#2148=DIRECTION('Axis2P3D XDirection',(-0.,0.,-1.)) ;
#2152=DIRECTION('Vector Direction',(0.,-1.,0.)) ;
#2164=DIRECTION('Axis2P3D Direction',(0.,-0.,1.)) ;
#2165=DIRECTION('Axis2P3D XDirection',(0.87758256189,0.479425538604,0.)) ;
#2169=DIRECTION('Axis2P3D Direction',(0.,-0.,1.)) ;
#2178=DIRECTION('Vector Direction',(0.,0.,1.)) ;
#2183=DIRECTION('Axis2P3D Direction',(0.,-0.,1.)) ;
#2188=DIRECTION('Vector Direction',(0.,0.,1.)) ;
#2200=DIRECTION('Axis2P3D Direction',(0.,-0.,1.)) ;
#2218=DIRECTION('Axis2P3D Direction',(0.,0.,-1.)) ;
#2219=DIRECTION('Axis2P3D XDirection',(1.,-0.,0.)) ;
#2229=DIRECTION('Axis2P3D Direction',(0.,0.,-1.)) ;
#2238=DIRECTION('Axis2P3D Direction',(0.,0.,-1.)) ;
#2252=DIRECTION('Axis2P3D Direction',(0.,0.,-1.)) ;
#2253=DIRECTION('Axis2P3D XDirection',(0.87758256189,0.479425538604,0.)) ;
#2257=DIRECTION('Vector Direction',(-0.760008792515,-0.415194695654,-0.5)) ;
#2266=DIRECTION('Axis2P3D Direction',(0.,0.,-1.)) ;
#2273=DIRECTION('Vector Direction',(0.760008792515,0.415194695654,-0.5)) ;
#2284=DIRECTION('Axis2P3D Direction',(0.,0.,-1.)) ;
#2295=DIRECTION('Axis2P3D Direction',(0.,0.,1.)) ;
#2296=DIRECTION('Axis2P3D XDirection',(0.87758256189,0.479425538604,0.)) ;
#2300=DIRECTION('Vector Direction',(0.,0.,1.)) ;
#2305=DIRECTION('Vector Direction',(0.,0.,1.)) ;
#2335=DIRECTION('NONE',(1.,0.,0.)) ;
#2336=DIRECTION('NONE',(0.,0.,1.)) ;
#2337=DIRECTION('NONE',(1.,-7.93894703601E-017,-7.32959020163E-022)) ;
#2338=DIRECTION('NONE',(7.32959020138E-022,3.46944695187E-018,1.)) ;
#2351=DIRECTION('Axis2P3D Direction',(1.,0.,0.)) ;
#2352=DIRECTION('Axis2P3D XDirection',(0.,1.,0.)) ;
#2356=DIRECTION('Vector Direction',(1.,0.,0.)) ;
#2384=DIRECTION('Vector Direction',(1.,0.,0.)) ;
#2415=DIRECTION('Axis2P3D Direction',(0.,1.,0.)) ;
#2416=DIRECTION('Axis2P3D XDirection',(0.479425538604,-0.,0.87758256189)) ;
#2420=DIRECTION('Axis2P3D Direction',(0.,1.,0.)) ;
#2429=DIRECTION('Vector Direction',(0.,1.,0.)) ;
#2436=DIRECTION('Axis2P3D Direction',(0.,1.,0.)) ;
#2443=DIRECTION('Vector Direction',(0.,1.,0.)) ;
#2476=DIRECTION('Axis2P3D Direction',(0.,1.,0.)) ;
#2477=DIRECTION('Axis2P3D XDirection',(1.,-0.,0.)) ;
#2481=DIRECTION('Axis2P3D Direction',(0.,1.,0.)) ;
#2490=DIRECTION('Axis2P3D Direction',(0.,1.,0.)) ;
#2499=DIRECTION('Axis2P3D Direction',(0.,1.,0.)) ;
#2509=DIRECTION('Axis2P3D Direction',(0.,1.,0.)) ;
#2510=DIRECTION('Axis2P3D XDirection',(0.479425538604,-0.,0.87758256189)) ;
#2514=DIRECTION('Vector Direction',(0.,1.,0.)) ;
#2521=DIRECTION('Axis2P3D Direction',(0.,1.,0.)) ;
#2528=DIRECTION('Vector Direction',(0.,1.,0.)) ;
#2540=DIRECTION('Axis2P3D Direction',(0.,1.,0.)) ;
#2552=DIRECTION('Axis2P3D Direction',(0.,1.,0.)) ;
#2553=DIRECTION('Axis2P3D XDirection',(1.,-0.,0.)) ;
#2557=DIRECTION('Axis2P3D Direction',(0.,1.,0.)) ;
#2566=DIRECTION('Axis2P3D Direction',(0.,1.,0.)) ;
#2580=DIRECTION('Axis2P3D Direction',(0.,1.,0.)) ;
#2581=DIRECTION('Axis2P3D XDirection',(0.479425538604,-0.,0.87758256189)) ;
#2585=DIRECTION('Vector Direction',(0.,1.,0.)) ;
#2592=DIRECTION('Axis2P3D Direction',(0.,1.,0.)) ;
#2599=DIRECTION('Vector Direction',(0.,1.,0.)) ;
#2611=DIRECTION('Axis2P3D Direction',(0.,1.,0.)) ;
#2623=DIRECTION('Axis2P3D Direction',(0.,1.,0.)) ;
#2624=DIRECTION('Axis2P3D XDirection',(1.,-0.,0.)) ;
#2632=DIRECTION('Axis2P3D Direction',(0.,1.,0.)) ;
#2641=DIRECTION('Axis2P3D Direction',(0.,1.,0.)) ;
#2651=DIRECTION('Vector Direction',(0.,1.,0.)) ;
#2658=DIRECTION('Axis2P3D Direction',(0.,1.,0.)) ;
#2665=DIRECTION('Vector Direction',(0.,1.,0.)) ;
#2677=DIRECTION('Axis2P3D Direction',(0.,1.,0.)) ;
#2689=DIRECTION('Axis2P3D Direction',(0.,1.,0.)) ;
#2690=DIRECTION('Axis2P3D XDirection',(1.,-0.,0.)) ;
#2698=DIRECTION('Axis2P3D Direction',(0.,1.,0.)) ;
#2707=DIRECTION('Axis2P3D Direction',(0.,1.,0.)) ;
#2717=DIRECTION('Axis2P3D Direction',(0.,1.,0.)) ;
#2718=DIRECTION('Axis2P3D XDirection',(0.479425538604,-0.,0.87758256189)) ;
#2722=DIRECTION('Vector Direction',(0.,1.,0.)) ;
#2729=DIRECTION('Axis2P3D Direction',(0.,1.,0.)) ;
#2736=DIRECTION('Vector Direction',(0.,1.,0.)) ;
#2748=DIRECTION('Axis2P3D Direction',(0.,1.,0.)) ;
#2760=DIRECTION('Axis2P3D Direction',(0.,1.,0.)) ;
#2761=DIRECTION('Axis2P3D XDirection',(1.,-0.,0.)) ;
#2765=DIRECTION('Axis2P3D Direction',(0.,1.,0.)) ;
#2774=DIRECTION('Axis2P3D Direction',(0.,1.,0.)) ;
#2788=DIRECTION('Vector Direction',(0.,1.,0.)) ;
#2795=DIRECTION('Axis2P3D Direction',(0.,1.,0.)) ;
#2802=DIRECTION('Vector Direction',(0.,1.,0.)) ;
#2814=DIRECTION('Axis2P3D Direction',(0.,1.,0.)) ;
#2826=DIRECTION('Axis2P3D Direction',(0.,1.,0.)) ;
#2827=DIRECTION('Axis2P3D XDirection',(1.,-0.,0.)) ;
#2836=DIRECTION('Axis2P3D Direction',(0.,1.,0.)) ;
#2837=DIRECTION('Axis2P3D XDirection',(1.,-0.,0.)) ;
#2841=DIRECTION('Axis2P3D Direction',(0.,1.,0.)) ;
#2897=DIRECTION('NONE',(1.,0.,0.)) ;
#2898=DIRECTION('NONE',(0.,0.,1.)) ;
#2899=DIRECTION('NONE',(-0.809016994355,8.46980488807E-017,0.587785252321)) ;
#2900=DIRECTION('NONE',(-0.587785252321,1.06265538119E-016,-0.809016994355)) ;
#2913=DIRECTION('Axis2P3D Direction',(0.,0.,-1.)) ;
#2914=DIRECTION('Axis2P3D XDirection',(0.,1.,0.)) ;
#2918=DIRECTION('Vector Direction',(1.,0.,0.)) ;
#2927=DIRECTION('Vector Direction',(0.,1.,0.)) ;
#2934=DIRECTION('Vector Direction',(1.,0.,0.)) ;
#2941=DIRECTION('Vector Direction',(0.,1.,0.)) ;
#2953=DIRECTION('Axis2P3D Direction',(0.,1.,0.)) ;
#2954=DIRECTION('Axis2P3D XDirection',(0.,0.,1.)) ;
#2958=DIRECTION('Vector Direction',(0.,0.,1.)) ;
#2965=DIRECTION('Vector Direction',(1.,0.,0.)) ;
#2972=DIRECTION('Vector Direction',(0.,0.,1.)) ;
#2984=DIRECTION('Axis2P3D Direction',(-0.,0.,1.)) ;
#2985=DIRECTION('Axis2P3D XDirection',(0.,-1.,0.)) ;
#2989=DIRECTION('Vector Direction',(0.,-1.,0.)) ;
#2996=DIRECTION('Vector Direction',(1.,0.,0.)) ;
#3003=DIRECTION('Vector Direction',(0.,-1.,0.)) ;
#3015=DIRECTION('Axis2P3D Direction',(0.,-1.,0.)) ;
#3016=DIRECTION('Axis2P3D XDirection',(0.,0.,-1.)) ;
#3020=DIRECTION('Vector Direction',(0.,0.,-1.)) ;
#3025=DIRECTION('Vector Direction',(0.,0.,-1.)) ;
#3037=DIRECTION('Axis2P3D Direction',(-1.,0.,-0.)) ;
#3038=DIRECTION('Axis2P3D XDirection',(0.,0.87758256189,-0.479425538604)) ;
#3042=DIRECTION('Axis2P3D Direction',(-1.,0.,-0.)) ;
#3051=DIRECTION('Vector Direction',(-1.,0.,0.)) ;
#3058=DIRECTION('Axis2P3D Direction',(-1.,0.,-0.)) ;
#3065=DIRECTION('Vector Direction',(-1.,0.,0.)) ;
#3077=DIRECTION('Axis2P3D Direction',(-1.,0.,-0.)) ;
#3082=DIRECTION('Axis2P3D Direction',(-1.,0.,-0.)) ;
#3094=DIRECTION('Axis2P3D Direction',(1.,-0.,9.58492544593E-015)) ;
#3095=DIRECTION('Axis2P3D XDirection',(-5.26835606386E-015,-0.836896946007,0.547360486119)) ;
#3099=DIRECTION('Vector Direction',(0.707106781187,-0.620544574707,0.339005060141)) ;
#3106=DIRECTION('Axis2P3D Direction',(1.,4.39070404746E-015,6.71324821818E-015)) ;
#3113=DIRECTION('Vector Direction',(0.707106781187,0.620544580564,-0.339005049421)) ;
#3125=DIRECTION('Axis2P3D Direction',(1.,-0.,1.62832710278E-014)) ;
#3126=DIRECTION('Axis2P3D XDirection',(7.7708251942E-015,0.87758256189,-0.479425538604)) ;
#3130=DIRECTION('Axis2P3D Direction',(1.,6.85095005384E-015,1.25405799556E-014)) ;
#3142=DIRECTION('Axis2P3D Direction',(1.,0.,0.)) ;
#3143=DIRECTION('Axis2P3D XDirection',(0.,1.,0.)) ;
#3153=DIRECTION('Axis2P3D Direction',(1.,0.,0.)) ;
#3162=DIRECTION('Axis2P3D Direction',(1.,0.,0.)) ;
#3176=DIRECTION('Axis2P3D Direction',(-1.,0.,-0.)) ;
#3177=DIRECTION('Axis2P3D XDirection',(0.,0.87758256189,-0.479425538604)) ;
#3181=DIRECTION('Axis2P3D Direction',(-1.,0.,-0.)) ;
#3190=DIRECTION('Vector Direction',(-1.,0.,0.)) ;
#3195=DIRECTION('Vector Direction',(-1.,0.,0.)) ;
#3207=DIRECTION('Axis2P3D Direction',(1.,0.,0.)) ;
#3208=DIRECTION('Axis2P3D XDirection',(0.,1.,0.)) ;
#3218=DIRECTION('Axis2P3D Direction',(1.,0.,0.)) ;
#3227=DIRECTION('Axis2P3D Direction',(1.,0.,0.)) ;
#3241=DIRECTION('Axis2P3D Direction',(-1.,0.,-0.)) ;
#3253=DIRECTION('Axis2P3D Direction',(1.,-0.,8.58572472377E-015)) ;
#3254=DIRECTION('Axis2P3D XDirection',(-4.74152045748E-015,-0.836896946003,0.547360486125)) ;
#3258=DIRECTION('Vector Direction',(0.707106781187,-0.620544574707,0.339005060141)) ;
#3263=DIRECTION('Vector Direction',(0.707106781187,0.620544580564,-0.339005049421)) ;
#3275=DIRECTION('Axis2P3D Direction',(1.,-0.,1.53210777398E-014)) ;
#3276=DIRECTION('Axis2P3D XDirection',(7.37569848941E-015,0.87758256189,-0.479425538604)) ;
#3298=DIRECTION('NONE',(1.,0.,0.)) ;
#3299=DIRECTION('NONE',(0.,0.,1.)) ;
#3300=DIRECTION('NONE',(-1.38777878078E-017,2.46519032882E-031,-1.)) ;
#3301=DIRECTION('NONE',(1.,-3.33120356399E-015,-1.38777878078E-017)) ;
#3313=DIRECTION('NONE',(1.,0.,0.)) ;
#3314=DIRECTION('NONE',(0.,0.,1.)) ;
#3315=DIRECTION('NONE',(0.,-9.86076131526E-032,-1.)) ;
#3316=DIRECTION('NONE',(1.,-1.67413506503E-015,0.)) ;
#3329=DIRECTION('Axis2P3D Direction',(1.,-0.,-0.)) ;
#3330=DIRECTION('Axis2P3D XDirection',(0.,-0.87758256189,0.479425538604)) ;
#3334=DIRECTION('Axis2P3D Direction',(1.,-0.,0.)) ;
#3343=DIRECTION('Vector Direction',(0.866025403784,0.438791280945,-0.239712769302)) ;
#3350=DIRECTION('Axis2P3D Direction',(1.,-0.,0.)) ;
#3357=DIRECTION('Vector Direction',(0.866025403784,-0.438791280945,0.239712769302)) ;
#3369=DIRECTION('Axis2P3D Direction',(1.,-0.,0.)) ;
#3374=DIRECTION('Axis2P3D Direction',(1.,-0.,0.)) ;
#3386=DIRECTION('Axis2P3D Direction',(-1.,0.,0.)) ;
#3387=DIRECTION('Axis2P3D XDirection',(-0.,-0.87758256189,0.479425538604)) ;
#3391=DIRECTION('Axis2P3D Direction',(-1.,0.,0.)) ;
#3400=DIRECTION('Vector Direction',(-1.,0.,0.)) ;
#3405=DIRECTION('Vector Direction',(-1.,0.,0.)) ;
#3417=DIRECTION('Axis2P3D Direction',(1.,0.,0.)) ;
#3418=DIRECTION('Axis2P3D XDirection',(0.,1.,0.)) ;
#3422=DIRECTION('Vector Direction',(0.,1.,0.)) ;
#3431=DIRECTION('Vector Direction',(0.,0.,1.)) ;
#3438=DIRECTION('Vector Direction',(0.,-1.,0.)) ;
#3445=DIRECTION('Vector Direction',(0.,0.,-1.)) ;
#3460=DIRECTION('Axis2P3D Direction',(1.,0.,0.)) ;
#3469=DIRECTION('Axis2P3D Direction',(1.,0.,0.)) ;
#3479=DIRECTION('Axis2P3D Direction',(-1.,0.,0.)) ;
#3491=DIRECTION('Axis2P3D Direction',(0.,0.,-1.)) ;
#3492=DIRECTION('Axis2P3D XDirection',(0.,1.,0.)) ;
#3496=DIRECTION('Vector Direction',(1.,0.,0.)) ;
#3503=DIRECTION('Vector Direction',(0.,1.,0.)) ;
#3510=DIRECTION('Vector Direction',(1.,0.,0.)) ;
#3522=DIRECTION('Axis2P3D Direction',(0.,1.,0.)) ;
#3523=DIRECTION('Axis2P3D XDirection',(0.,0.,1.)) ;
#3527=DIRECTION('Vector Direction',(0.,0.,1.)) ;
#3534=DIRECTION('Vector Direction',(1.,0.,0.)) ;
#3546=DIRECTION('Axis2P3D Direction',(-0.,0.,1.)) ;
#3547=DIRECTION('Axis2P3D XDirection',(0.,-1.,0.)) ;
#3551=DIRECTION('Vector Direction',(0.,-1.,0.)) ;
#3558=DIRECTION('Vector Direction',(1.,0.,0.)) ;
#3570=DIRECTION('Axis2P3D Direction',(0.,-1.,0.)) ;
#3571=DIRECTION('Axis2P3D XDirection',(0.,0.,-1.)) ;
#3575=DIRECTION('Vector Direction',(0.,0.,-1.)) ;
#3587=DIRECTION('Axis2P3D Direction',(-1.,0.,-0.)) ;
#3588=DIRECTION('Axis2P3D XDirection',(0.,0.87758256189,-0.479425538604)) ;
#3592=DIRECTION('Axis2P3D Direction',(-1.,0.,-0.)) ;
#3601=DIRECTION('Vector Direction',(-1.,0.,0.)) ;
#3608=DIRECTION('Axis2P3D Direction',(-1.,0.,-0.)) ;
#3615=DIRECTION('Vector Direction',(-1.,0.,0.)) ;
#3627=DIRECTION('Axis2P3D Direction',(-1.,0.,-0.)) ;
#3632=DIRECTION('Axis2P3D Direction',(-1.,0.,-0.)) ;
#3644=DIRECTION('Axis2P3D Direction',(1.,0.,0.)) ;
#3645=DIRECTION('Axis2P3D XDirection',(0.,0.87758256189,-0.479425538604)) ;
#3649=DIRECTION('Vector Direction',(0.866025403784,-0.438791280945,0.239712769302)) ;
#3654=DIRECTION('Vector Direction',(0.866025403784,0.438791280945,-0.239712769302)) ;
#3673=DIRECTION('Axis2P3D Direction',(1.,0.,0.)) ;
#3674=DIRECTION('Axis2P3D XDirection',(0.,1.,0.)) ;
#3704=DIRECTION('NONE',(1.,0.,0.)) ;
#3705=DIRECTION('NONE',(0.,0.,1.)) ;
#3706=DIRECTION('NONE',(-7.32959020138E-022,-3.46944695187E-018,-1.)) ;
#3707=DIRECTION('NONE',(1.,-7.93959193212E-017,-7.32959020113E-022)) ;
#3720=DIRECTION('Axis2P3D Direction',(0.,-1.,0.)) ;
#3721=DIRECTION('Axis2P3D XDirection',(0.,0.,1.)) ;
#3737=DIRECTION('Vector Direction',(-1.,0.,0.)) ;
#3754=DIRECTION('Vector Direction',(-1.,0.,0.)) ;
#3766=DIRECTION('Axis2P3D Direction',(0.,0.,1.)) ;
#3767=DIRECTION('Axis2P3D XDirection',(-0.479425538604,0.87758256189,0.)) ;
#3771=DIRECTION('Axis2P3D Direction',(0.,0.,1.)) ;
#3780=DIRECTION('Vector Direction',(0.339005049421,-0.620544580564,0.707106781187)) ;
#3787=DIRECTION('Axis2P3D Direction',(0.,0.,1.)) ;
#3794=DIRECTION('Vector Direction',(-0.339005049421,0.620544580564,0.707106781187)) ;
#3801=DIRECTION('Axis2P3D Direction',(0.,0.,1.)) ;
#3806=DIRECTION('Axis2P3D Direction',(0.,0.,1.)) ;
#3830=DIRECTION('Axis2P3D Direction',(0.,0.,1.)) ;
#3831=DIRECTION('Axis2P3D XDirection',(1.,0.,0.)) ;
#3835=DIRECTION('Axis2P3D Direction',(0.,0.,1.)) ;
#3846=DIRECTION('Axis2P3D Direction',(0.,0.,1.)) ;
#3847=DIRECTION('Axis2P3D XDirection',(-0.479425538604,0.87758256189,0.)) ;
#3851=DIRECTION('Vector Direction',(0.,0.,1.)) ;
#3858=DIRECTION('Vector Direction',(0.,0.,1.)) ;
#3865=DIRECTION('Axis2P3D Direction',(0.,0.,1.)) ;
#3877=DIRECTION('Axis2P3D Direction',(0.,1.,0.)) ;
#3878=DIRECTION('Axis2P3D XDirection',(0.,0.,-1.)) ;
#3882=DIRECTION('Vector Direction',(-1.,0.,0.)) ;
#3899=DIRECTION('Vector Direction',(-1.,0.,0.)) ;
#3911=DIRECTION('Axis2P3D Direction',(0.,0.,1.)) ;
#3916=DIRECTION('Axis2P3D Direction',(0.,0.,1.)) ;
#3928=DIRECTION('Axis2P3D Direction',(0.,0.,1.)) ;
#3929=DIRECTION('Axis2P3D XDirection',(-0.479425538604,0.87758256189,0.)) ;
#3933=DIRECTION('Vector Direction',(-0.415194695654,0.760008792515,0.5)) ;
#3940=DIRECTION('Vector Direction',(0.415194695654,-0.760008792515,0.5)) ;
#3957=DIRECTION('Axis2P3D Direction',(0.,0.,1.)) ;
#3968=DIRECTION('Axis2P3D Direction',(-0.,-0.,-1.)) ;
#3969=DIRECTION('Axis2P3D XDirection',(0.,-1.,0.)) ;
#3973=DIRECTION('Axis2P3D Direction',(-0.,-0.,-1.)) ;
#4007=DIRECTION('NONE',(1.,0.,0.)) ;
#4008=DIRECTION('NONE',(0.,0.,1.)) ;
#4009=DIRECTION('NONE',(1.,-3.42765960043E-015,-7.32959020102E-022)) ;
#4010=DIRECTION('NONE',(-7.32959021543E-022,-3.46944695187E-018,-1.)) ;
#4022=DIRECTION('NONE',(1.,0.,0.)) ;
#4023=DIRECTION('NONE',(0.,0.,1.)) ;
#4024=DIRECTION('NONE',(-1.,3.42764011144E-015,7.32959020176E-022)) ;
#4025=DIRECTION('NONE',(-7.32959020138E-022,-2.89305274534E-018,-1.)) ;
#4038=DIRECTION('Axis2P3D Direction',(0.,-1.,0.)) ;
#4039=DIRECTION('Axis2P3D XDirection',(0.,0.,1.)) ;
#4055=DIRECTION('Vector Direction',(-1.,0.,0.)) ;
#4072=DIRECTION('Vector Direction',(-1.,0.,0.)) ;
#4084=DIRECTION('Axis2P3D Direction',(0.,0.,1.)) ;
#4085=DIRECTION('Axis2P3D XDirection',(-0.479425538604,0.87758256189,0.)) ;
#4089=DIRECTION('Axis2P3D Direction',(0.,0.,1.)) ;
#4098=DIRECTION('Vector Direction',(0.274932493316,-0.503260553314,0.819231920519)) ;
#4105=DIRECTION('Axis2P3D Direction',(0.,0.,1.)) ;
#4112=DIRECTION('Vector Direction',(-0.274932493316,0.503260553314,0.819231920519)) ;
#4119=DIRECTION('Axis2P3D Direction',(0.,0.,1.)) ;
#4124=DIRECTION('Axis2P3D Direction',(0.,0.,1.)) ;
#4148=DIRECTION('Axis2P3D Direction',(0.,0.,1.)) ;
#4149=DIRECTION('Axis2P3D XDirection',(1.,0.,0.)) ;
#4153=DIRECTION('Axis2P3D Direction',(0.,0.,1.)) ;
#4164=DIRECTION('Axis2P3D Direction',(0.,0.,1.)) ;
#4165=DIRECTION('Axis2P3D XDirection',(-0.479425538604,0.87758256189,0.)) ;
#4169=DIRECTION('Vector Direction',(0.,0.,1.)) ;
#4176=DIRECTION('Vector Direction',(0.,0.,1.)) ;
#4183=DIRECTION('Axis2P3D Direction',(0.,0.,1.)) ;
#4195=DIRECTION('Axis2P3D Direction',(0.,1.,0.)) ;
#4196=DIRECTION('Axis2P3D XDirection',(0.,0.,-1.)) ;
#4200=DIRECTION('Vector Direction',(-1.,0.,0.)) ;
#4217=DIRECTION('Vector Direction',(-1.,0.,0.)) ;
#4229=DIRECTION('Axis2P3D Direction',(0.,0.,1.)) ;
#4234=DIRECTION('Axis2P3D Direction',(0.,0.,1.)) ;
#4246=DIRECTION('Axis2P3D Direction',(0.,0.,1.)) ;
#4247=DIRECTION('Axis2P3D XDirection',(-0.479425538604,0.87758256189,0.)) ;
#4251=DIRECTION('Vector Direction',(-0.415194695654,0.760008792515,0.5)) ;
#4258=DIRECTION('Vector Direction',(0.415194695654,-0.760008792515,0.5)) ;
#4275=DIRECTION('Axis2P3D Direction',(0.,0.,1.)) ;
#4286=DIRECTION('Axis2P3D Direction',(-0.,-0.,-1.)) ;
#4287=DIRECTION('Axis2P3D XDirection',(0.,-1.,0.)) ;
#4291=DIRECTION('Axis2P3D Direction',(-0.,-0.,-1.)) ;
#4325=DIRECTION('NONE',(1.,0.,0.)) ;
#4326=DIRECTION('NONE',(0.,0.,1.)) ;
#4327=DIRECTION('NONE',(-1.,4.77630626208E-032,0.)) ;
#4328=DIRECTION('NONE',(0.,0.,-1.)) ;
#4340=DIRECTION('NONE',(1.,0.,0.)) ;
#4341=DIRECTION('NONE',(0.,0.,1.)) ;
#4342=DIRECTION('NONE',(-1.,4.77630626208E-032,0.)) ;
#4343=DIRECTION('NONE',(0.,0.,-1.)) ;
#4355=DIRECTION('NONE',(1.,0.,0.)) ;
#4356=DIRECTION('NONE',(0.,0.,1.)) ;
#4357=DIRECTION('NONE',(-1.,4.77630626208E-032,0.)) ;
#4358=DIRECTION('NONE',(0.,0.,-1.)) ;
#4370=DIRECTION('NONE',(1.,0.,0.)) ;
#4371=DIRECTION('NONE',(0.,0.,1.)) ;
#4372=DIRECTION('NONE',(-1.,4.77630626208E-032,0.)) ;
#4373=DIRECTION('NONE',(0.,0.,-1.)) ;
#4386=DIRECTION('Axis2P3D Direction',(0.,-1.,0.)) ;
#4387=DIRECTION('Axis2P3D XDirection',(0.,0.,1.)) ;
#4391=DIRECTION('Vector Direction',(-1.,0.,0.)) ;
#4463=DIRECTION('Axis2P3D Direction',(0.,0.,1.)) ;
#4464=DIRECTION('Axis2P3D XDirection',(-0.479425538604,0.87758256189,0.)) ;
#4468=DIRECTION('Axis2P3D Direction',(-0.87758256189,-0.479425538604,0.)) ;
#4477=DIRECTION('Axis2P3D Direction',(0.,0.,1.)) ;
#4484=DIRECTION('Axis2P3D Direction',(0.87758256189,0.479425538604,-0.)) ;
#4520=DIRECTION('Axis2P3D Direction',(0.,0.,1.)) ;
#4521=DIRECTION('Axis2P3D XDirection',(-0.479425538604,0.87758256189,0.)) ;
#4525=DIRECTION('Vector Direction',(0.,0.,1.)) ;
#4532=DIRECTION('Vector Direction',(0.,0.,1.)) ;
#4539=DIRECTION('Axis2P3D Direction',(0.,0.,1.)) ;
#4551=DIRECTION('Axis2P3D Direction',(0.,1.,0.)) ;
#4552=DIRECTION('Axis2P3D XDirection',(0.,0.,-1.)) ;
#4556=DIRECTION('Vector Direction',(-1.,0.,0.)) ;
#4601=DIRECTION('Axis2P3D Direction',(0.,0.,1.)) ;
#4602=DIRECTION('Axis2P3D XDirection',(1.,0.,0.)) ;
#4606=DIRECTION('Axis2P3D Direction',(0.,0.,1.)) ;
#4615=DIRECTION('Axis2P3D Direction',(0.,0.,1.)) ;
#4624=DIRECTION('Axis2P3D Direction',(0.,0.,1.)) ;
#4634=DIRECTION('Axis2P3D Direction',(0.,0.,1.)) ;
#4635=DIRECTION('Axis2P3D XDirection',(-0.479425538604,0.87758256189,0.)) ;
#4639=DIRECTION('Vector Direction',(0.,0.,1.)) ;
#4646=DIRECTION('Vector Direction',(0.,0.,1.)) ;
#4653=DIRECTION('Axis2P3D Direction',(0.,0.,1.)) ;
#4665=DIRECTION('Axis2P3D Direction',(0.,0.,1.)) ;
#4677=DIRECTION('Axis2P3D Direction',(0.,0.,1.)) ;
#4678=DIRECTION('Axis2P3D XDirection',(1.,0.,0.)) ;
#4686=DIRECTION('Axis2P3D Direction',(0.,0.,1.)) ;
#4695=DIRECTION('Axis2P3D Direction',(0.,0.,1.)) ;
#4705=DIRECTION('Axis2P3D Direction',(0.,0.,1.)) ;
#4706=DIRECTION('Axis2P3D XDirection',(-0.479425538604,0.87758256189,0.)) ;
#4710=DIRECTION('Vector Direction',(0.,0.,1.)) ;
#4717=DIRECTION('Vector Direction',(0.,0.,1.)) ;
#4724=DIRECTION('Axis2P3D Direction',(0.,0.,1.)) ;
#4736=DIRECTION('Axis2P3D Direction',(0.,0.,1.)) ;
#4748=DIRECTION('Axis2P3D Direction',(0.,0.,1.)) ;
#4749=DIRECTION('Axis2P3D XDirection',(1.,0.,0.)) ;
#4758=DIRECTION('Axis2P3D Direction',(0.,0.,1.)) ;
#4785=DIRECTION('Axis2P3D Direction',(-0.,-0.,-1.)) ;
#4786=DIRECTION('Axis2P3D XDirection',(0.,-1.,0.)) ;
#4808=DIRECTION('NONE',(1.,0.,0.)) ;
#4809=DIRECTION('NONE',(0.,0.,1.)) ;
#4810=DIRECTION('NONE',(1.,-7.93894703601E-017,-7.32959020163E-022)) ;
#4811=DIRECTION('NONE',(7.32959020138E-022,3.46944695187E-018,1.)) ;
#4824=DIRECTION('Axis2P3D Direction',(0.,1.,0.)) ;
#4825=DIRECTION('Axis2P3D XDirection',(0.479425538604,-0.,0.87758256189)) ;
#4829=DIRECTION('Axis2P3D Direction',(0.,1.,0.)) ;
#4838=DIRECTION('Vector Direction',(0.,1.,0.)) ;
#4845=DIRECTION('Axis2P3D Direction',(0.,1.,0.)) ;
#4852=DIRECTION('Vector Direction',(0.,1.,0.)) ;
#4864=DIRECTION('Axis2P3D Direction',(0.,1.,0.)) ;
#4869=DIRECTION('Axis2P3D Direction',(0.,1.,0.)) ;
#4881=DIRECTION('Axis2P3D Direction',(0.,1.,0.)) ;
#4882=DIRECTION('Axis2P3D XDirection',(0.479425538604,-0.,0.87758256189)) ;
#4886=DIRECTION('Axis2P3D Direction',(0.,1.,0.)) ;
#4895=DIRECTION('Vector Direction',(0.,1.,0.)) ;
#4902=DIRECTION('Axis2P3D Direction',(0.,1.,0.)) ;
#4909=DIRECTION('Vector Direction',(0.,1.,0.)) ;
#4921=DIRECTION('Axis2P3D Direction',(0.,1.,0.)) ;
#4926=DIRECTION('Axis2P3D Direction',(0.,1.,0.)) ;
#4938=DIRECTION('Axis2P3D Direction',(0.,1.,0.)) ;
#4947=DIRECTION('Vector Direction',(0.,1.,0.)) ;
#4954=DIRECTION('Axis2P3D Direction',(0.,1.,0.)) ;
#4961=DIRECTION('Vector Direction',(0.,1.,0.)) ;
#4973=DIRECTION('Axis2P3D Direction',(0.,1.,0.)) ;
#4978=DIRECTION('Axis2P3D Direction',(0.,1.,0.)) ;
#4990=DIRECTION('Axis2P3D Direction',(0.,1.,0.)) ;
#4991=DIRECTION('Axis2P3D XDirection',(1.,-0.,0.)) ;
#5000=DIRECTION('Axis2P3D Direction',(0.,1.,0.)) ;
#5001=DIRECTION('Axis2P3D XDirection',(1.,-0.,0.)) ;
#5014=DIRECTION('Axis2P3D Direction',(0.,1.,0.)) ;
#5015=DIRECTION('Axis2P3D XDirection',(1.,-0.,0.)) ;
#5028=DIRECTION('Axis2P3D Direction',(0.,1.,0.)) ;
#5029=DIRECTION('Axis2P3D XDirection',(1.,-0.,0.)) ;
#5049=DIRECTION('NONE',(1.,0.,0.)) ;
#5050=DIRECTION('NONE',(0.,0.,1.)) ;
#5051=DIRECTION('NONE',(-1.4221084325E-016,-1.,-2.80292032121E-017)) ;
#5052=DIRECTION('NONE',(-0.587785252321,1.06265538119E-016,-0.809016994355)) ;
#5065=DIRECTION('Axis2P3D Direction',(0.,-4.93432455389E-017,-1.)) ;
#5066=DIRECTION('Axis2P3D XDirection',(1.,0.,0.)) ;
#5070=DIRECTION('Axis2P3D Direction',(0.,-4.93432455389E-017,-1.)) ;
#5079=DIRECTION('Axis2P3D Direction',(0.,-4.93432455389E-017,-1.)) ;
#5088=DIRECTION('Axis2P3D Direction',(0.,-4.93432455389E-017,-1.)) ;
#5097=DIRECTION('Axis2P3D Direction',(0.,-4.93432455389E-017,-1.)) ;
#5107=DIRECTION('Axis2P3D Direction',(0.,-4.93432455389E-017,-1.)) ;
#5108=DIRECTION('Axis2P3D XDirection',(0.479425538604,0.87758256189,0.)) ;
#5112=DIRECTION('Axis2P3D Direction',(-0.87758256189,0.479425538604,-2.3656412069E-017)) ;
#5119=DIRECTION('Axis2P3D Direction',(0.,-4.93432455389E-017,-1.)) ;
#5126=DIRECTION('Axis2P3D Direction',(0.87758256189,-0.479425538604,2.3656412069E-017)) ;
#5138=DIRECTION('Axis2P3D Direction',(0.,-4.93432455389E-017,-1.)) ;
#5150=DIRECTION('Axis2P3D Direction',(0.,-4.93432455389E-017,-1.)) ;
#5151=DIRECTION('Axis2P3D XDirection',(0.87758256189,-0.479425538604,2.3656412069E-017)) ;
#5155=DIRECTION('Axis2P3D Direction',(0.,-4.93432455389E-017,-1.)) ;
#5164=DIRECTION('Vector Direction',(0.,-4.61631195265E-017,-1.)) ;
#5169=DIRECTION('Vector Direction',(0.,-4.61631195265E-017,-1.)) ;
#5181=DIRECTION('Axis2P3D Direction',(0.,-4.93432455389E-017,-1.)) ;
#5193=DIRECTION('Axis2P3D Direction',(0.,-4.93432455389E-017,-1.)) ;
#5194=DIRECTION('Axis2P3D XDirection',(1.,0.,0.)) ;
#5202=DIRECTION('Axis2P3D Direction',(0.,-4.93432455389E-017,-1.)) ;
#5211=DIRECTION('Axis2P3D Direction',(0.,-4.93432455389E-017,-1.)) ;
#5221=DIRECTION('Axis2P3D Direction',(-6.99440505514E-014,-6.86117829218E-014,1.)) ;
#5222=DIRECTION('Axis2P3D XDirection',(0.87758256189,-0.479425538604,2.84491227449E-014)) ;
#5226=DIRECTION('Vector Direction',(0.620544580564,-0.339005049421,0.707106781187)) ;
#5231=DIRECTION('Vector Direction',(-0.620544580564,0.339005049421,0.707106781187)) ;
#5243=DIRECTION('Axis2P3D Direction',(-4.95159468983E-014,3.33066907388E-014,1.)) ;
#5244=DIRECTION('Axis2P3D XDirection',(-0.99321605592,0.11628355973,-5.30786873434E-014)) ;
#5266=DIRECTION('NONE',(1.,0.,0.)) ;
#5267=DIRECTION('NONE',(0.,0.,1.)) ;
#5268=DIRECTION('NONE',(-0.587785252321,1.77629712947E-015,-0.809016994355)) ;
#5269=DIRECTION('NONE',(0.809016994355,-1.47919082227E-016,-0.587785252321)) ;
#5281=DIRECTION('NONE',(1.,0.,0.)) ;
#5282=DIRECTION('NONE',(0.,0.,1.)) ;
#5283=DIRECTION('NONE',(0.587785252321,1.57583312431E-015,0.809016994355)) ;
#5284=DIRECTION('NONE',(-0.809016994355,4.92325911497E-017,0.587785252321)) ;
#66=AXIS2_PLACEMENT_3D('Cone Axis2P3D',#63,#64,#65) ;
#79=AXIS2_PLACEMENT_3D('Circle Axis2P3D',#77,#78,$) ;
#98=AXIS2_PLACEMENT_3D('Plane Axis2P3D',#95,#96,#97) ;
#162=AXIS2_PLACEMENT_3D('Plane Axis2P3D',#159,#160,#161) ;
#202=AXIS2_PLACEMENT_3D('Plane Axis2P3D',#199,#200,#201) ;
#233=AXIS2_PLACEMENT_3D('Plane Axis2P3D',#230,#231,#232) ;
#280=AXIS2_PLACEMENT_3D('Plane Axis2P3D',#277,#278,#279) ;
#389=AXIS2_PLACEMENT_3D('Plane Axis2P3D',#386,#387,#388) ;
#407=AXIS2_PLACEMENT_3D('Circle Axis2P3D',#405,#406,$) ;
#421=AXIS2_PLACEMENT_3D('Circle Axis2P3D',#419,#420,$) ;
#435=AXIS2_PLACEMENT_3D('Circle Axis2P3D',#433,#434,$) ;
#451=AXIS2_PLACEMENT_3D('Circle Axis2P3D',#449,#450,$) ;
#460=AXIS2_PLACEMENT_3D('Circle Axis2P3D',#458,#459,$) ;
#471=AXIS2_PLACEMENT_3D('Plane Axis2P3D',#468,#469,#470) ;
#509=AXIS2_PLACEMENT_3D('Cylinder Axis2P3D',#506,#507,#508) ;
#520=AXIS2_PLACEMENT_3D('Circle Axis2P3D',#518,#519,$) ;
#539=AXIS2_PLACEMENT_3D('Circle Axis2P3D',#537,#538,$) ;
#578=AXIS2_PLACEMENT_3D('Plane Axis2P3D',#575,#576,#577) ;
#609=AXIS2_PLACEMENT_3D('Plane Axis2P3D',#606,#607,#608) ;
#699=AXIS2_PLACEMENT_3D('Cylinder Axis2P3D',#696,#697,#698) ;
#703=AXIS2_PLACEMENT_3D('Circle Axis2P3D',#701,#702,$) ;
#723=AXIS2_PLACEMENT_3D('Plane Axis2P3D',#720,#721,#722) ;
#747=AXIS2_PLACEMENT_3D('Cylinder Axis2P3D',#744,#745,#746) ;
#751=AXIS2_PLACEMENT_3D('Circle Axis2P3D',#749,#750,$) ;
#771=AXIS2_PLACEMENT_3D('Plane Axis2P3D',#768,#769,#770) ;
#795=AXIS2_PLACEMENT_3D('Cylinder Axis2P3D',#792,#793,#794) ;
#799=AXIS2_PLACEMENT_3D('Circle Axis2P3D',#797,#798,$) ;
#819=AXIS2_PLACEMENT_3D('Plane Axis2P3D',#816,#817,#818) ;
#841=AXIS2_PLACEMENT_3D('Plane Axis2P3D',#838,#839,#840) ;
#858=AXIS2_PLACEMENT_3D('Plane Axis2P3D',#855,#856,#857) ;
#892=AXIS2_PLACEMENT_3D('Plane Axis2P3D',#889,#890,#891) ;
#933=AXIS2_PLACEMENT_3D('Plane Axis2P3D',#930,#931,#932) ;
#964=AXIS2_PLACEMENT_3D('Cylinder Axis2P3D',#961,#962,#963) ;
#968=AXIS2_PLACEMENT_3D('Circle Axis2P3D',#966,#967,$) ;
#982=AXIS2_PLACEMENT_3D('Circle Axis2P3D',#980,#981,$) ;
#999=AXIS2_PLACEMENT_3D('Circle Axis2P3D',#997,#998,$) ;
#1018=AXIS2_PLACEMENT_3D('Plane Axis2P3D',#1015,#1016,#1017) ;
#1028=AXIS2_PLACEMENT_3D('Circle Axis2P3D',#1026,#1027,$) ;
#1037=AXIS2_PLACEMENT_3D('Circle Axis2P3D',#1035,#1036,$) ;
#1046=AXIS2_PLACEMENT_3D('Circle Axis2P3D',#1044,#1045,$) ;
#1055=AXIS2_PLACEMENT_3D('Circle Axis2P3D',#1053,#1054,$) ;
#1071=AXIS2_PLACEMENT_3D('Circle Axis2P3D',#1069,#1070,$) ;
#1080=AXIS2_PLACEMENT_3D('Circle Axis2P3D',#1078,#1079,$) ;
#1095=AXIS2_PLACEMENT_3D('Cone Axis2P3D',#1092,#1093,#1094) ;
#1108=AXIS2_PLACEMENT_3D('Circle Axis2P3D',#1106,#1107,$) ;
#1126=AXIS2_PLACEMENT_3D('Circle Axis2P3D',#1124,#1125,$) ;
#1138=AXIS2_PLACEMENT_3D('Cylinder Axis2P3D',#1135,#1136,#1137) ;
#1167=AXIS2_PLACEMENT_3D('Cone Axis2P3D',#1164,#1165,#1166) ;
#1180=AXIS2_PLACEMENT_3D('Circle Axis2P3D',#1178,#1179,$) ;
#1198=AXIS2_PLACEMENT_3D('Circle Axis2P3D',#1196,#1197,$) ;
#1210=AXIS2_PLACEMENT_3D('Cylinder Axis2P3D',#1207,#1208,#1209) ;
#1239=AXIS2_PLACEMENT_3D('Cone Axis2P3D',#1236,#1237,#1238) ;
#1252=AXIS2_PLACEMENT_3D('Circle Axis2P3D',#1250,#1251,$) ;
#1270=AXIS2_PLACEMENT_3D('Circle Axis2P3D',#1268,#1269,$) ;
#1282=AXIS2_PLACEMENT_3D('Cylinder Axis2P3D',#1279,#1280,#1281) ;
#1316=AXIS2_PLACEMENT_3D(' ',#1319,#1323,#1322) ;
#1317=AXIS2_PLACEMENT_3D(' ',#1318,#1321,#1320) ;
#1338=AXIS2_PLACEMENT_3D('Cone Axis2P3D',#1335,#1336,#1337) ;
#1351=AXIS2_PLACEMENT_3D('Circle Axis2P3D',#1349,#1350,$) ;
#1370=AXIS2_PLACEMENT_3D('Plane Axis2P3D',#1367,#1368,#1369) ;
#1442=AXIS2_PLACEMENT_3D('Plane Axis2P3D',#1439,#1440,#1441) ;
#1473=AXIS2_PLACEMENT_3D('Plane Axis2P3D',#1470,#1471,#1472) ;
#1497=AXIS2_PLACEMENT_3D('Plane Axis2P3D',#1494,#1495,#1496) ;
#1563=AXIS2_PLACEMENT_3D('Cylinder Axis2P3D',#1560,#1561,#1562) ;
#1567=AXIS2_PLACEMENT_3D('Circle Axis2P3D',#1565,#1566,$) ;
#1583=AXIS2_PLACEMENT_3D('Circle Axis2P3D',#1581,#1582,$) ;
#1603=AXIS2_PLACEMENT_3D('Plane Axis2P3D',#1600,#1601,#1602) ;
#1634=AXIS2_PLACEMENT_3D('Cylinder Axis2P3D',#1631,#1632,#1633) ;
#1647=AXIS2_PLACEMENT_3D('Circle Axis2P3D',#1645,#1646,$) ;
#1652=AXIS2_PLACEMENT_3D('Circle Axis2P3D',#1650,#1651,$) ;
#1659=AXIS2_PLACEMENT_3D('Circle Axis2P3D',#1657,#1658,$) ;
#1715=AXIS2_PLACEMENT_3D('Plane Axis2P3D',#1712,#1713,#1714) ;
#1746=AXIS2_PLACEMENT_3D('Cylinder Axis2P3D',#1743,#1744,#1745) ;
#1750=AXIS2_PLACEMENT_3D('Circle Axis2P3D',#1748,#1749,$) ;
#1764=AXIS2_PLACEMENT_3D('Circle Axis2P3D',#1762,#1763,$) ;
#1777=AXIS2_PLACEMENT_3D('Plane Axis2P3D',#1774,#1775,#1776) ;
#1808=AXIS2_PLACEMENT_3D('Plane Axis2P3D',#1805,#1806,#1807) ;
#1834=AXIS2_PLACEMENT_3D('Cylinder Axis2P3D',#1831,#1832,#1833) ;
#1845=AXIS2_PLACEMENT_3D('Circle Axis2P3D',#1843,#1844,$) ;
#1864=AXIS2_PLACEMENT_3D('Circle Axis2P3D',#1862,#1863,$) ;
#1877=AXIS2_PLACEMENT_3D('Plane Axis2P3D',#1874,#1875,#1876) ;
#1885=AXIS2_PLACEMENT_3D('Circle Axis2P3D',#1883,#1884,$) ;
#1894=AXIS2_PLACEMENT_3D('Circle Axis2P3D',#1892,#1893,$) ;
#1905=AXIS2_PLACEMENT_3D('Cylinder Axis2P3D',#1902,#1903,#1904) ;
#1972=AXIS2_PLACEMENT_3D('Plane Axis2P3D',#1969,#1970,#1971) ;
#1976=AXIS2_PLACEMENT_3D('Circle Axis2P3D',#1974,#1975,$) ;
#1985=AXIS2_PLACEMENT_3D('Circle Axis2P3D',#1983,#1984,$) ;
#1996=AXIS2_PLACEMENT_3D('Cylinder Axis2P3D',#1993,#1994,#1995) ;
#2007=AXIS2_PLACEMENT_3D('Circle Axis2P3D',#2005,#2006,$) ;
#2026=AXIS2_PLACEMENT_3D('Circle Axis2P3D',#2024,#2025,$) ;
#2074=AXIS2_PLACEMENT_3D('Plane Axis2P3D',#2071,#2072,#2073) ;
#2092=AXIS2_PLACEMENT_3D('Plane Axis2P3D',#2089,#2090,#2091) ;
#2111=AXIS2_PLACEMENT_3D('Plane Axis2P3D',#2108,#2109,#2110) ;
#2149=AXIS2_PLACEMENT_3D('Plane Axis2P3D',#2146,#2147,#2148) ;
#2166=AXIS2_PLACEMENT_3D('Cylinder Axis2P3D',#2163,#2164,#2165) ;
#2170=AXIS2_PLACEMENT_3D('Circle Axis2P3D',#2168,#2169,$) ;
#2184=AXIS2_PLACEMENT_3D('Circle Axis2P3D',#2182,#2183,$) ;
#2201=AXIS2_PLACEMENT_3D('Circle Axis2P3D',#2199,#2200,$) ;
#2220=AXIS2_PLACEMENT_3D('Plane Axis2P3D',#2217,#2218,#2219) ;
#2230=AXIS2_PLACEMENT_3D('Circle Axis2P3D',#2228,#2229,$) ;
#2239=AXIS2_PLACEMENT_3D('Circle Axis2P3D',#2237,#2238,$) ;
#2254=AXIS2_PLACEMENT_3D('Cone Axis2P3D',#2251,#2252,#2253) ;
#2267=AXIS2_PLACEMENT_3D('Circle Axis2P3D',#2265,#2266,$) ;
#2285=AXIS2_PLACEMENT_3D('Circle Axis2P3D',#2283,#2284,$) ;
#2297=AXIS2_PLACEMENT_3D('Cylinder Axis2P3D',#2294,#2295,#2296) ;
#2331=AXIS2_PLACEMENT_3D(' ',#2334,#2338,#2337) ;
#2332=AXIS2_PLACEMENT_3D(' ',#2333,#2336,#2335) ;
#2353=AXIS2_PLACEMENT_3D('Cylinder Axis2P3D',#2350,#2351,#2352) ;
#2417=AXIS2_PLACEMENT_3D('Cylinder Axis2P3D',#2414,#2415,#2416) ;
#2421=AXIS2_PLACEMENT_3D('Circle Axis2P3D',#2419,#2420,$) ;
#2437=AXIS2_PLACEMENT_3D('Circle Axis2P3D',#2435,#2436,$) ;
#2478=AXIS2_PLACEMENT_3D('Plane Axis2P3D',#2475,#2476,#2477) ;
#2482=AXIS2_PLACEMENT_3D('Circle Axis2P3D',#2480,#2481,$) ;
#2491=AXIS2_PLACEMENT_3D('Circle Axis2P3D',#2489,#2490,$) ;
#2500=AXIS2_PLACEMENT_3D('Circle Axis2P3D',#2498,#2499,$) ;
#2511=AXIS2_PLACEMENT_3D('Cylinder Axis2P3D',#2508,#2509,#2510) ;
#2522=AXIS2_PLACEMENT_3D('Circle Axis2P3D',#2520,#2521,$) ;
#2541=AXIS2_PLACEMENT_3D('Circle Axis2P3D',#2539,#2540,$) ;
#2554=AXIS2_PLACEMENT_3D('Plane Axis2P3D',#2551,#2552,#2553) ;
#2558=AXIS2_PLACEMENT_3D('Circle Axis2P3D',#2556,#2557,$) ;
#2567=AXIS2_PLACEMENT_3D('Circle Axis2P3D',#2565,#2566,$) ;
#2582=AXIS2_PLACEMENT_3D('Cylinder Axis2P3D',#2579,#2580,#2581) ;
#2593=AXIS2_PLACEMENT_3D('Circle Axis2P3D',#2591,#2592,$) ;
#2612=AXIS2_PLACEMENT_3D('Circle Axis2P3D',#2610,#2611,$) ;
#2625=AXIS2_PLACEMENT_3D('Plane Axis2P3D',#2622,#2623,#2624) ;
#2633=AXIS2_PLACEMENT_3D('Circle Axis2P3D',#2631,#2632,$) ;
#2642=AXIS2_PLACEMENT_3D('Circle Axis2P3D',#2640,#2641,$) ;
#2659=AXIS2_PLACEMENT_3D('Circle Axis2P3D',#2657,#2658,$) ;
#2678=AXIS2_PLACEMENT_3D('Circle Axis2P3D',#2676,#2677,$) ;
#2691=AXIS2_PLACEMENT_3D('Plane Axis2P3D',#2688,#2689,#2690) ;
#2699=AXIS2_PLACEMENT_3D('Circle Axis2P3D',#2697,#2698,$) ;
#2708=AXIS2_PLACEMENT_3D('Circle Axis2P3D',#2706,#2707,$) ;
#2719=AXIS2_PLACEMENT_3D('Cylinder Axis2P3D',#2716,#2717,#2718) ;
#2730=AXIS2_PLACEMENT_3D('Circle Axis2P3D',#2728,#2729,$) ;
#2749=AXIS2_PLACEMENT_3D('Circle Axis2P3D',#2747,#2748,$) ;
#2762=AXIS2_PLACEMENT_3D('Plane Axis2P3D',#2759,#2760,#2761) ;
#2766=AXIS2_PLACEMENT_3D('Circle Axis2P3D',#2764,#2765,$) ;
#2775=AXIS2_PLACEMENT_3D('Circle Axis2P3D',#2773,#2774,$) ;
#2796=AXIS2_PLACEMENT_3D('Circle Axis2P3D',#2794,#2795,$) ;
#2815=AXIS2_PLACEMENT_3D('Circle Axis2P3D',#2813,#2814,$) ;
#2828=AXIS2_PLACEMENT_3D('Plane Axis2P3D',#2825,#2826,#2827) ;
#2838=AXIS2_PLACEMENT_3D('Plane Axis2P3D',#2835,#2836,#2837) ;
#2842=AXIS2_PLACEMENT_3D('Circle Axis2P3D',#2840,#2841,$) ;
#2893=AXIS2_PLACEMENT_3D(' ',#2896,#2900,#2899) ;
#2894=AXIS2_PLACEMENT_3D(' ',#2895,#2898,#2897) ;
#2915=AXIS2_PLACEMENT_3D('Plane Axis2P3D',#2912,#2913,#2914) ;
#2955=AXIS2_PLACEMENT_3D('Plane Axis2P3D',#2952,#2953,#2954) ;
#2986=AXIS2_PLACEMENT_3D('Plane Axis2P3D',#2983,#2984,#2985) ;
#3017=AXIS2_PLACEMENT_3D('Plane Axis2P3D',#3014,#3015,#3016) ;
#3039=AXIS2_PLACEMENT_3D('Cylinder Axis2P3D',#3036,#3037,#3038) ;
#3043=AXIS2_PLACEMENT_3D('Circle Axis2P3D',#3041,#3042,$) ;
#3059=AXIS2_PLACEMENT_3D('Circle Axis2P3D',#3057,#3058,$) ;
#3078=AXIS2_PLACEMENT_3D('Circle Axis2P3D',#3076,#3077,$) ;
#3083=AXIS2_PLACEMENT_3D('Circle Axis2P3D',#3081,#3082,$) ;
#3096=AXIS2_PLACEMENT_3D('Cone Axis2P3D',#3093,#3094,#3095) ;
#3107=AXIS2_PLACEMENT_3D('Circle Axis2P3D',#3105,#3106,$) ;
#3127=AXIS2_PLACEMENT_3D('Cone Axis2P3D',#3124,#3125,#3126) ;
#3131=AXIS2_PLACEMENT_3D('Circle Axis2P3D',#3129,#3130,$) ;
#3144=AXIS2_PLACEMENT_3D('Plane Axis2P3D',#3141,#3142,#3143) ;
#3154=AXIS2_PLACEMENT_3D('Circle Axis2P3D',#3152,#3153,$) ;
#3163=AXIS2_PLACEMENT_3D('Circle Axis2P3D',#3161,#3162,$) ;
#3178=AXIS2_PLACEMENT_3D('Cylinder Axis2P3D',#3175,#3176,#3177) ;
#3182=AXIS2_PLACEMENT_3D('Circle Axis2P3D',#3180,#3181,$) ;
#3209=AXIS2_PLACEMENT_3D('Plane Axis2P3D',#3206,#3207,#3208) ;
#3219=AXIS2_PLACEMENT_3D('Circle Axis2P3D',#3217,#3218,$) ;
#3228=AXIS2_PLACEMENT_3D('Circle Axis2P3D',#3226,#3227,$) ;
#3242=AXIS2_PLACEMENT_3D('Circle Axis2P3D',#3240,#3241,$) ;
#3255=AXIS2_PLACEMENT_3D('Cone Axis2P3D',#3252,#3253,#3254) ;
#3277=AXIS2_PLACEMENT_3D('Cone Axis2P3D',#3274,#3275,#3276) ;
#3294=AXIS2_PLACEMENT_3D(' ',#3297,#3301,#3300) ;
#3295=AXIS2_PLACEMENT_3D(' ',#3296,#3299,#3298) ;
#3309=AXIS2_PLACEMENT_3D(' ',#3312,#3316,#3315) ;
#3310=AXIS2_PLACEMENT_3D(' ',#3311,#3314,#3313) ;
#3331=AXIS2_PLACEMENT_3D('Cone Axis2P3D',#3328,#3329,#3330) ;
#3335=AXIS2_PLACEMENT_3D('Circle Axis2P3D',#3333,#3334,$) ;
#3351=AXIS2_PLACEMENT_3D('Circle Axis2P3D',#3349,#3350,$) ;
#3370=AXIS2_PLACEMENT_3D('Circle Axis2P3D',#3368,#3369,$) ;
#3375=AXIS2_PLACEMENT_3D('Circle Axis2P3D',#3373,#3374,$) ;
#3388=AXIS2_PLACEMENT_3D('Cylinder Axis2P3D',#3385,#3386,#3387) ;
#3392=AXIS2_PLACEMENT_3D('Circle Axis2P3D',#3390,#3391,$) ;
#3419=AXIS2_PLACEMENT_3D('Plane Axis2P3D',#3416,#3417,#3418) ;
#3461=AXIS2_PLACEMENT_3D('Circle Axis2P3D',#3459,#3460,$) ;
#3470=AXIS2_PLACEMENT_3D('Circle Axis2P3D',#3468,#3469,$) ;
#3480=AXIS2_PLACEMENT_3D('Circle Axis2P3D',#3478,#3479,$) ;
#3493=AXIS2_PLACEMENT_3D('Plane Axis2P3D',#3490,#3491,#3492) ;
#3524=AXIS2_PLACEMENT_3D('Plane Axis2P3D',#3521,#3522,#3523) ;
#3548=AXIS2_PLACEMENT_3D('Plane Axis2P3D',#3545,#3546,#3547) ;
#3572=AXIS2_PLACEMENT_3D('Plane Axis2P3D',#3569,#3570,#3571) ;
#3589=AXIS2_PLACEMENT_3D('Cylinder Axis2P3D',#3586,#3587,#3588) ;
#3593=AXIS2_PLACEMENT_3D('Circle Axis2P3D',#3591,#3592,$) ;
#3609=AXIS2_PLACEMENT_3D('Circle Axis2P3D',#3607,#3608,$) ;
#3628=AXIS2_PLACEMENT_3D('Circle Axis2P3D',#3626,#3627,$) ;
#3633=AXIS2_PLACEMENT_3D('Circle Axis2P3D',#3631,#3632,$) ;
#3646=AXIS2_PLACEMENT_3D('Cone Axis2P3D',#3643,#3644,#3645) ;
#3675=AXIS2_PLACEMENT_3D('Plane Axis2P3D',#3672,#3673,#3674) ;
#3700=AXIS2_PLACEMENT_3D(' ',#3703,#3707,#3706) ;
#3701=AXIS2_PLACEMENT_3D(' ',#3702,#3705,#3704) ;
#3722=AXIS2_PLACEMENT_3D('Plane Axis2P3D',#3719,#3720,#3721) ;
#3768=AXIS2_PLACEMENT_3D('Cone Axis2P3D',#3765,#3766,#3767) ;
#3772=AXIS2_PLACEMENT_3D('Circle Axis2P3D',#3770,#3771,$) ;
#3788=AXIS2_PLACEMENT_3D('Circle Axis2P3D',#3786,#3787,$) ;
#3802=AXIS2_PLACEMENT_3D('Circle Axis2P3D',#3800,#3801,$) ;
#3807=AXIS2_PLACEMENT_3D('Circle Axis2P3D',#3805,#3806,$) ;
#3832=AXIS2_PLACEMENT_3D('Plane Axis2P3D',#3829,#3830,#3831) ;
#3836=AXIS2_PLACEMENT_3D('Circle Axis2P3D',#3834,#3835,$) ;
#3848=AXIS2_PLACEMENT_3D('Cylinder Axis2P3D',#3845,#3846,#3847) ;
#3866=AXIS2_PLACEMENT_3D('Circle Axis2P3D',#3864,#3865,$) ;
#3879=AXIS2_PLACEMENT_3D('Plane Axis2P3D',#3876,#3877,#3878) ;
#3912=AXIS2_PLACEMENT_3D('Circle Axis2P3D',#3910,#3911,$) ;
#3917=AXIS2_PLACEMENT_3D('Circle Axis2P3D',#3915,#3916,$) ;
#3930=AXIS2_PLACEMENT_3D('Cone Axis2P3D',#3927,#3928,#3929) ;
#3958=AXIS2_PLACEMENT_3D('Circle Axis2P3D',#3956,#3957,$) ;
#3970=AXIS2_PLACEMENT_3D('Plane Axis2P3D',#3967,#3968,#3969) ;
#3974=AXIS2_PLACEMENT_3D('Circle Axis2P3D',#3972,#3973,$) ;
#4003=AXIS2_PLACEMENT_3D(' ',#4006,#4010,#4009) ;
#4004=AXIS2_PLACEMENT_3D(' ',#4005,#4008,#4007) ;
#4018=AXIS2_PLACEMENT_3D(' ',#4021,#4025,#4024) ;
#4019=AXIS2_PLACEMENT_3D(' ',#4020,#4023,#4022) ;
#4040=AXIS2_PLACEMENT_3D('Plane Axis2P3D',#4037,#4038,#4039) ;
#4086=AXIS2_PLACEMENT_3D('Cone Axis2P3D',#4083,#4084,#4085) ;
#4090=AXIS2_PLACEMENT_3D('Circle Axis2P3D',#4088,#4089,$) ;
#4106=AXIS2_PLACEMENT_3D('Circle Axis2P3D',#4104,#4105,$) ;
#4120=AXIS2_PLACEMENT_3D('Circle Axis2P3D',#4118,#4119,$) ;
#4125=AXIS2_PLACEMENT_3D('Circle Axis2P3D',#4123,#4124,$) ;
#4150=AXIS2_PLACEMENT_3D('Plane Axis2P3D',#4147,#4148,#4149) ;
#4154=AXIS2_PLACEMENT_3D('Circle Axis2P3D',#4152,#4153,$) ;
#4166=AXIS2_PLACEMENT_3D('Cylinder Axis2P3D',#4163,#4164,#4165) ;
#4184=AXIS2_PLACEMENT_3D('Circle Axis2P3D',#4182,#4183,$) ;
#4197=AXIS2_PLACEMENT_3D('Plane Axis2P3D',#4194,#4195,#4196) ;
#4230=AXIS2_PLACEMENT_3D('Circle Axis2P3D',#4228,#4229,$) ;
#4235=AXIS2_PLACEMENT_3D('Circle Axis2P3D',#4233,#4234,$) ;
#4248=AXIS2_PLACEMENT_3D('Cone Axis2P3D',#4245,#4246,#4247) ;
#4276=AXIS2_PLACEMENT_3D('Circle Axis2P3D',#4274,#4275,$) ;
#4288=AXIS2_PLACEMENT_3D('Plane Axis2P3D',#4285,#4286,#4287) ;
#4292=AXIS2_PLACEMENT_3D('Circle Axis2P3D',#4290,#4291,$) ;
#4321=AXIS2_PLACEMENT_3D(' ',#4324,#4328,#4327) ;
#4322=AXIS2_PLACEMENT_3D(' ',#4323,#4326,#4325) ;
#4336=AXIS2_PLACEMENT_3D(' ',#4339,#4343,#4342) ;
#4337=AXIS2_PLACEMENT_3D(' ',#4338,#4341,#4340) ;
#4351=AXIS2_PLACEMENT_3D(' ',#4354,#4358,#4357) ;
#4352=AXIS2_PLACEMENT_3D(' ',#4353,#4356,#4355) ;
#4366=AXIS2_PLACEMENT_3D(' ',#4369,#4373,#4372) ;
#4367=AXIS2_PLACEMENT_3D(' ',#4368,#4371,#4370) ;
#4388=AXIS2_PLACEMENT_3D('Plane Axis2P3D',#4385,#4386,#4387) ;
#4465=AXIS2_PLACEMENT_3D('Sphere Axis2P3D',#4462,#4463,#4464) ;
#4469=AXIS2_PLACEMENT_3D('Circle Axis2P3D',#4467,#4468,$) ;
#4478=AXIS2_PLACEMENT_3D('Circle Axis2P3D',#4476,#4477,$) ;
#4485=AXIS2_PLACEMENT_3D('Circle Axis2P3D',#4483,#4484,$) ;
#4522=AXIS2_PLACEMENT_3D('Cylinder Axis2P3D',#4519,#4520,#4521) ;
#4540=AXIS2_PLACEMENT_3D('Circle Axis2P3D',#4538,#4539,$) ;
#4553=AXIS2_PLACEMENT_3D('Plane Axis2P3D',#4550,#4551,#4552) ;
#4603=AXIS2_PLACEMENT_3D('Plane Axis2P3D',#4600,#4601,#4602) ;
#4607=AXIS2_PLACEMENT_3D('Circle Axis2P3D',#4605,#4606,$) ;
#4616=AXIS2_PLACEMENT_3D('Circle Axis2P3D',#4614,#4615,$) ;
#4625=AXIS2_PLACEMENT_3D('Circle Axis2P3D',#4623,#4624,$) ;
#4636=AXIS2_PLACEMENT_3D('Cylinder Axis2P3D',#4633,#4634,#4635) ;
#4654=AXIS2_PLACEMENT_3D('Circle Axis2P3D',#4652,#4653,$) ;
#4666=AXIS2_PLACEMENT_3D('Circle Axis2P3D',#4664,#4665,$) ;
#4679=AXIS2_PLACEMENT_3D('Plane Axis2P3D',#4676,#4677,#4678) ;
#4687=AXIS2_PLACEMENT_3D('Circle Axis2P3D',#4685,#4686,$) ;
#4696=AXIS2_PLACEMENT_3D('Circle Axis2P3D',#4694,#4695,$) ;
#4707=AXIS2_PLACEMENT_3D('Cylinder Axis2P3D',#4704,#4705,#4706) ;
#4725=AXIS2_PLACEMENT_3D('Circle Axis2P3D',#4723,#4724,$) ;
#4737=AXIS2_PLACEMENT_3D('Circle Axis2P3D',#4735,#4736,$) ;
#4750=AXIS2_PLACEMENT_3D('Plane Axis2P3D',#4747,#4748,#4749) ;
#4759=AXIS2_PLACEMENT_3D('Circle Axis2P3D',#4757,#4758,$) ;
#4787=AXIS2_PLACEMENT_3D('Plane Axis2P3D',#4784,#4785,#4786) ;
#4804=AXIS2_PLACEMENT_3D(' ',#4807,#4811,#4810) ;
#4805=AXIS2_PLACEMENT_3D(' ',#4806,#4809,#4808) ;
#4826=AXIS2_PLACEMENT_3D('Cylinder Axis2P3D',#4823,#4824,#4825) ;
#4830=AXIS2_PLACEMENT_3D('Circle Axis2P3D',#4828,#4829,$) ;
#4846=AXIS2_PLACEMENT_3D('Circle Axis2P3D',#4844,#4845,$) ;
#4865=AXIS2_PLACEMENT_3D('Circle Axis2P3D',#4863,#4864,$) ;
#4870=AXIS2_PLACEMENT_3D('Circle Axis2P3D',#4868,#4869,$) ;
#4883=AXIS2_PLACEMENT_3D('Cylinder Axis2P3D',#4880,#4881,#4882) ;
#4887=AXIS2_PLACEMENT_3D('Circle Axis2P3D',#4885,#4886,$) ;
#4903=AXIS2_PLACEMENT_3D('Circle Axis2P3D',#4901,#4902,$) ;
#4922=AXIS2_PLACEMENT_3D('Circle Axis2P3D',#4920,#4921,$) ;
#4927=AXIS2_PLACEMENT_3D('Circle Axis2P3D',#4925,#4926,$) ;
#4939=AXIS2_PLACEMENT_3D('Circle Axis2P3D',#4937,#4938,$) ;
#4955=AXIS2_PLACEMENT_3D('Circle Axis2P3D',#4953,#4954,$) ;
#4974=AXIS2_PLACEMENT_3D('Circle Axis2P3D',#4972,#4973,$) ;
#4979=AXIS2_PLACEMENT_3D('Circle Axis2P3D',#4977,#4978,$) ;
#4992=AXIS2_PLACEMENT_3D('Plane Axis2P3D',#4989,#4990,#4991) ;
#5002=AXIS2_PLACEMENT_3D('Plane Axis2P3D',#4999,#5000,#5001) ;
#5016=AXIS2_PLACEMENT_3D('Plane Axis2P3D',#5013,#5014,#5015) ;
#5030=AXIS2_PLACEMENT_3D('Plane Axis2P3D',#5027,#5028,#5029) ;
#5045=AXIS2_PLACEMENT_3D(' ',#5048,#5052,#5051) ;
#5046=AXIS2_PLACEMENT_3D(' ',#5047,#5050,#5049) ;
#5067=AXIS2_PLACEMENT_3D('Plane Axis2P3D',#5064,#5065,#5066) ;
#5071=AXIS2_PLACEMENT_3D('Circle Axis2P3D',#5069,#5070,$) ;
#5080=AXIS2_PLACEMENT_3D('Circle Axis2P3D',#5078,#5079,$) ;
#5089=AXIS2_PLACEMENT_3D('Circle Axis2P3D',#5087,#5088,$) ;
#5098=AXIS2_PLACEMENT_3D('Circle Axis2P3D',#5096,#5097,$) ;
#5109=AXIS2_PLACEMENT_3D('Sphere Axis2P3D',#5106,#5107,#5108) ;
#5113=AXIS2_PLACEMENT_3D('Circle Axis2P3D',#5111,#5112,$) ;
#5120=AXIS2_PLACEMENT_3D('Circle Axis2P3D',#5118,#5119,$) ;
#5127=AXIS2_PLACEMENT_3D('Circle Axis2P3D',#5125,#5126,$) ;
#5139=AXIS2_PLACEMENT_3D('Circle Axis2P3D',#5137,#5138,$) ;
#5152=AXIS2_PLACEMENT_3D('Cylinder Axis2P3D',#5149,#5150,#5151) ;
#5156=AXIS2_PLACEMENT_3D('Circle Axis2P3D',#5154,#5155,$) ;
#5182=AXIS2_PLACEMENT_3D('Circle Axis2P3D',#5180,#5181,$) ;
#5195=AXIS2_PLACEMENT_3D('Plane Axis2P3D',#5192,#5193,#5194) ;
#5203=AXIS2_PLACEMENT_3D('Circle Axis2P3D',#5201,#5202,$) ;
#5212=AXIS2_PLACEMENT_3D('Circle Axis2P3D',#5210,#5211,$) ;
#5223=AXIS2_PLACEMENT_3D('Cone Axis2P3D',#5220,#5221,#5222) ;
#5245=AXIS2_PLACEMENT_3D('Cone Axis2P3D',#5242,#5243,#5244) ;
#5262=AXIS2_PLACEMENT_3D(' ',#5265,#5269,#5268) ;
#5263=AXIS2_PLACEMENT_3D(' ',#5264,#5267,#5266) ;
#5277=AXIS2_PLACEMENT_3D(' ',#5280,#5284,#5283) ;
#5278=AXIS2_PLACEMENT_3D(' ',#5279,#5282,#5281) ;
#45=PRODUCT_DEFINITION_SHAPE(' ',' ',#17) ;
#61=PRODUCT_DEFINITION_SHAPE(' ',' ',#58) ;
#1312=PRODUCT_DEFINITION_SHAPE(' ',' ',#1311) ;
#1333=PRODUCT_DEFINITION_SHAPE(' ',' ',#1330) ;
#2327=PRODUCT_DEFINITION_SHAPE(' ',' ',#2326) ;
#2348=PRODUCT_DEFINITION_SHAPE(' ',' ',#2345) ;
#2889=PRODUCT_DEFINITION_SHAPE(' ',' ',#2888) ;
#2910=PRODUCT_DEFINITION_SHAPE(' ',' ',#2907) ;
#3290=PRODUCT_DEFINITION_SHAPE(' ',' ',#3289) ;
#3305=PRODUCT_DEFINITION_SHAPE(' ',' ',#3304) ;
#3326=PRODUCT_DEFINITION_SHAPE(' ',' ',#3323) ;
#3696=PRODUCT_DEFINITION_SHAPE(' ',' ',#3695) ;
#3717=PRODUCT_DEFINITION_SHAPE(' ',' ',#3714) ;
#3999=PRODUCT_DEFINITION_SHAPE(' ',' ',#3998) ;
#4014=PRODUCT_DEFINITION_SHAPE(' ',' ',#4013) ;
#4035=PRODUCT_DEFINITION_SHAPE(' ',' ',#4032) ;
#4317=PRODUCT_DEFINITION_SHAPE(' ',' ',#4316) ;
#4332=PRODUCT_DEFINITION_SHAPE(' ',' ',#4331) ;
#4347=PRODUCT_DEFINITION_SHAPE(' ',' ',#4346) ;
#4362=PRODUCT_DEFINITION_SHAPE(' ',' ',#4361) ;
#4383=PRODUCT_DEFINITION_SHAPE(' ',' ',#4380) ;
#4800=PRODUCT_DEFINITION_SHAPE(' ',' ',#4799) ;
#4821=PRODUCT_DEFINITION_SHAPE(' ',' ',#4818) ;
#5041=PRODUCT_DEFINITION_SHAPE(' ',' ',#5040) ;
#5062=PRODUCT_DEFINITION_SHAPE(' ',' ',#5059) ;
#5258=PRODUCT_DEFINITION_SHAPE(' ',' ',#5257) ;
#5273=PRODUCT_DEFINITION_SHAPE(' ',' ',#5272) ;
#34=APPROVAL_PERSON_ORGANIZATION(#28,#24,#22) ;
#28=PERSON_AND_ORGANIZATION(#25,#26) ;
#25=PERSON(' ',' ',' ',$,$,$) ;
#26=ORGANIZATION(' ',' ',' ') ;
#24=APPROVAL(#23,' ') ;
#23=APPROVAL_STATUS('not_yet_approved') ;
#22=APPROVAL_ROLE('APPROVER') ;
#13=DATE_AND_TIME(#11,#12) ;
#12=LOCAL_TIME(2,13,47.,#10) ;
#10=COORDINATED_UNIVERSAL_TIME_OFFSET(0,0,.AHEAD.) ;
#90=ORIENTED_EDGE('',*,*,#76,.T.) ;
#91=ORIENTED_EDGE('',*,*,#83,.F.) ;
#92=ORIENTED_EDGE('',*,*,#88,.F.) ;
#150=ORIENTED_EDGE('',*,*,#108,.F.) ;
#151=ORIENTED_EDGE('',*,*,#115,.F.) ;
#152=ORIENTED_EDGE('',*,*,#122,.F.) ;
#153=ORIENTED_EDGE('',*,*,#129,.F.) ;
#154=ORIENTED_EDGE('',*,*,#136,.F.) ;
#155=ORIENTED_EDGE('',*,*,#143,.F.) ;
#156=ORIENTED_EDGE('',*,*,#148,.F.) ;
#193=ORIENTED_EDGE('',*,*,#172,.F.) ;
#194=ORIENTED_EDGE('',*,*,#179,.F.) ;
#195=ORIENTED_EDGE('',*,*,#186,.T.) ;
#196=ORIENTED_EDGE('',*,*,#191,.T.) ;
#224=ORIENTED_EDGE('',*,*,#210,.T.) ;
#225=ORIENTED_EDGE('',*,*,#191,.F.) ;
#226=ORIENTED_EDGE('',*,*,#217,.T.) ;
#227=ORIENTED_EDGE('',*,*,#222,.T.) ;
#269=ORIENTED_EDGE('',*,*,#241,.T.) ;
#270=ORIENTED_EDGE('',*,*,#222,.F.) ;
#271=ORIENTED_EDGE('',*,*,#248,.T.) ;
#272=ORIENTED_EDGE('',*,*,#255,.T.) ;
#273=ORIENTED_EDGE('',*,*,#262,.T.) ;
#274=ORIENTED_EDGE('',*,*,#267,.T.) ;
#302=ORIENTED_EDGE('',*,*,#290,.T.) ;
#303=ORIENTED_EDGE('',*,*,#295,.T.) ;
#304=ORIENTED_EDGE('',*,*,#267,.F.) ;
#305=ORIENTED_EDGE('',*,*,#300,.T.) ;
#328=ORIENTED_EDGE('',*,*,#314,.T.) ;
#329=ORIENTED_EDGE('',*,*,#255,.F.) ;
#330=ORIENTED_EDGE('',*,*,#321,.T.) ;
#331=ORIENTED_EDGE('',*,*,#326,.T.) ;
#354=ORIENTED_EDGE('',*,*,#342,.T.) ;
#355=ORIENTED_EDGE('',*,*,#347,.T.) ;
#356=ORIENTED_EDGE('',*,*,#290,.F.) ;
#357=ORIENTED_EDGE('',*,*,#352,.T.) ;
#380=ORIENTED_EDGE('',*,*,#366,.T.) ;
#381=ORIENTED_EDGE('',*,*,#326,.F.) ;
#382=ORIENTED_EDGE('',*,*,#373,.T.) ;
#383=ORIENTED_EDGE('',*,*,#378,.T.) ;
#439=ORIENTED_EDGE('',*,*,#397,.F.) ;
#440=ORIENTED_EDGE('',*,*,#314,.F.) ;
#441=ORIENTED_EDGE('',*,*,#366,.F.) ;
#442=ORIENTED_EDGE('',*,*,#404,.F.) ;
#443=ORIENTED_EDGE('',*,*,#411,.F.) ;
#444=ORIENTED_EDGE('',*,*,#418,.F.) ;
#445=ORIENTED_EDGE('',*,*,#425,.F.) ;
#446=ORIENTED_EDGE('',*,*,#432,.F.) ;
#447=ORIENTED_EDGE('',*,*,#437,.F.) ;
#464=ORIENTED_EDGE('',*,*,#457,.T.) ;
#465=ORIENTED_EDGE('',*,*,#462,.T.) ;
#498=ORIENTED_EDGE('',*,*,#479,.T.) ;
#499=ORIENTED_EDGE('',*,*,#342,.F.) ;
#500=ORIENTED_EDGE('',*,*,#484,.F.) ;
#501=ORIENTED_EDGE('',*,*,#378,.F.) ;
#502=ORIENTED_EDGE('',*,*,#491,.T.) ;
#503=ORIENTED_EDGE('',*,*,#496,.T.) ;
#531=ORIENTED_EDGE('',*,*,#517,.F.) ;
#532=ORIENTED_EDGE('',*,*,#524,.T.) ;
#533=ORIENTED_EDGE('',*,*,#529,.T.) ;
#534=ORIENTED_EDGE('',*,*,#462,.F.) ;
#543=ORIENTED_EDGE('',*,*,#529,.F.) ;
#544=ORIENTED_EDGE('',*,*,#541,.T.) ;
#545=ORIENTED_EDGE('',*,*,#517,.T.) ;
#546=ORIENTED_EDGE('',*,*,#457,.F.) ;
#569=ORIENTED_EDGE('',*,*,#555,.T.) ;
#570=ORIENTED_EDGE('',*,*,#496,.F.) ;
#571=ORIENTED_EDGE('',*,*,#562,.T.) ;
#572=ORIENTED_EDGE('',*,*,#567,.T.) ;
#600=ORIENTED_EDGE('',*,*,#586,.T.) ;
#601=ORIENTED_EDGE('',*,*,#567,.F.) ;
#602=ORIENTED_EDGE('',*,*,#593,.T.) ;
#603=ORIENTED_EDGE('',*,*,#598,.T.) ;
#661=ORIENTED_EDGE('',*,*,#619,.T.) ;
#662=ORIENTED_EDGE('',*,*,#626,.T.) ;
#663=ORIENTED_EDGE('',*,*,#633,.T.) ;
#664=ORIENTED_EDGE('',*,*,#640,.T.) ;
#665=ORIENTED_EDGE('',*,*,#647,.T.) ;
#666=ORIENTED_EDGE('',*,*,#654,.T.) ;
#667=ORIENTED_EDGE('',*,*,#659,.T.) ;
#688=ORIENTED_EDGE('',*,*,#674,.T.) ;
#689=ORIENTED_EDGE('',*,*,#659,.F.) ;
#690=ORIENTED_EDGE('',*,*,#681,.F.) ;
#691=ORIENTED_EDGE('',*,*,#686,.T.) ;
#692=ORIENTED_EDGE('',*,*,#404,.T.) ;
#693=ORIENTED_EDGE('',*,*,#484,.T.) ;
#714=ORIENTED_EDGE('',*,*,#411,.T.) ;
#715=ORIENTED_EDGE('',*,*,#686,.F.) ;
#716=ORIENTED_EDGE('',*,*,#707,.F.) ;
#717=ORIENTED_EDGE('',*,*,#712,.T.) ;
#738=ORIENTED_EDGE('',*,*,#418,.T.) ;
#739=ORIENTED_EDGE('',*,*,#712,.F.) ;
#740=ORIENTED_EDGE('',*,*,#731,.F.) ;
#741=ORIENTED_EDGE('',*,*,#736,.T.) ;
#762=ORIENTED_EDGE('',*,*,#425,.T.) ;
#763=ORIENTED_EDGE('',*,*,#736,.F.) ;
#764=ORIENTED_EDGE('',*,*,#755,.F.) ;
#765=ORIENTED_EDGE('',*,*,#760,.T.) ;
#786=ORIENTED_EDGE('',*,*,#432,.T.) ;
#787=ORIENTED_EDGE('',*,*,#760,.F.) ;
#788=ORIENTED_EDGE('',*,*,#779,.F.) ;
#789=ORIENTED_EDGE('',*,*,#784,.T.) ;
#810=ORIENTED_EDGE('',*,*,#437,.T.) ;
#811=ORIENTED_EDGE('',*,*,#784,.F.) ;
#812=ORIENTED_EDGE('',*,*,#803,.F.) ;
#813=ORIENTED_EDGE('',*,*,#808,.T.) ;
#832=ORIENTED_EDGE('',*,*,#825,.F.) ;
#833=ORIENTED_EDGE('',*,*,#115,.T.) ;
#834=ORIENTED_EDGE('',*,*,#830,.T.) ;
#835=ORIENTED_EDGE('',*,*,#633,.F.) ;
#849=ORIENTED_EDGE('',*,*,#847,.F.) ;
#850=ORIENTED_EDGE('',*,*,#122,.T.) ;
#851=ORIENTED_EDGE('',*,*,#825,.T.) ;
#852=ORIENTED_EDGE('',*,*,#626,.F.) ;
#866=ORIENTED_EDGE('',*,*,#674,.F.) ;
#867=ORIENTED_EDGE('',*,*,#352,.F.) ;
#868=ORIENTED_EDGE('',*,*,#300,.F.) ;
#869=ORIENTED_EDGE('',*,*,#864,.F.) ;
#870=ORIENTED_EDGE('',*,*,#129,.T.) ;
#871=ORIENTED_EDGE('',*,*,#847,.T.) ;
#872=ORIENTED_EDGE('',*,*,#619,.F.) ;
#881=ORIENTED_EDGE('',*,*,#397,.T.) ;
#882=ORIENTED_EDGE('',*,*,#808,.F.) ;
#883=ORIENTED_EDGE('',*,*,#879,.F.) ;
#884=ORIENTED_EDGE('',*,*,#136,.T.) ;
#885=ORIENTED_EDGE('',*,*,#864,.T.) ;
#886=ORIENTED_EDGE('',*,*,#262,.F.) ;
#905=ORIENTED_EDGE('',*,*,#898,.T.) ;
#906=ORIENTED_EDGE('',*,*,#143,.T.) ;
#907=ORIENTED_EDGE('',*,*,#879,.T.) ;
#908=ORIENTED_EDGE('',*,*,#803,.T.) ;
#909=ORIENTED_EDGE('',*,*,#779,.T.) ;
#910=ORIENTED_EDGE('',*,*,#755,.T.) ;
#911=ORIENTED_EDGE('',*,*,#731,.T.) ;
#912=ORIENTED_EDGE('',*,*,#707,.T.) ;
#913=ORIENTED_EDGE('',*,*,#681,.T.) ;
#914=ORIENTED_EDGE('',*,*,#654,.F.) ;
#915=ORIENTED_EDGE('',*,*,#903,.T.) ;
#916=ORIENTED_EDGE('',*,*,#593,.F.) ;
#917=ORIENTED_EDGE('',*,*,#562,.F.) ;
#918=ORIENTED_EDGE('',*,*,#491,.F.) ;
#919=ORIENTED_EDGE('',*,*,#373,.F.) ;
#920=ORIENTED_EDGE('',*,*,#321,.F.) ;
#921=ORIENTED_EDGE('',*,*,#248,.F.) ;
#922=ORIENTED_EDGE('',*,*,#217,.F.) ;
#923=ORIENTED_EDGE('',*,*,#186,.F.) ;
#926=ORIENTED_EDGE('',*,*,#541,.F.) ;
#927=ORIENTED_EDGE('',*,*,#524,.F.) ;
#946=ORIENTED_EDGE('',*,*,#939,.T.) ;
#947=ORIENTED_EDGE('',*,*,#640,.F.) ;
#948=ORIENTED_EDGE('',*,*,#830,.F.) ;
#949=ORIENTED_EDGE('',*,*,#108,.T.) ;
#950=ORIENTED_EDGE('',*,*,#944,.T.) ;
#951=ORIENTED_EDGE('',*,*,#172,.T.) ;
#952=ORIENTED_EDGE('',*,*,#210,.F.) ;
#953=ORIENTED_EDGE('',*,*,#241,.F.) ;
#954=ORIENTED_EDGE('',*,*,#295,.F.) ;
#955=ORIENTED_EDGE('',*,*,#347,.F.) ;
#956=ORIENTED_EDGE('',*,*,#479,.F.) ;
#957=ORIENTED_EDGE('',*,*,#555,.F.) ;
#958=ORIENTED_EDGE('',*,*,#586,.F.) ;
#991=ORIENTED_EDGE('',*,*,#974,.T.) ;
#992=ORIENTED_EDGE('',*,*,#979,.F.) ;
#993=ORIENTED_EDGE('',*,*,#984,.T.) ;
#994=ORIENTED_EDGE('',*,*,#989,.T.) ;
#1003=ORIENTED_EDGE('',*,*,#1001,.T.) ;
#1004=ORIENTED_EDGE('',*,*,#989,.F.) ;
#1005=ORIENTED_EDGE('',*,*,#83,.T.) ;
#1006=ORIENTED_EDGE('',*,*,#979,.T.) ;
#1010=ORIENTED_EDGE('',*,*,#88,.T.) ;
#1011=ORIENTED_EDGE('',*,*,#984,.F.) ;
#1012=ORIENTED_EDGE('',*,*,#76,.F.) ;
#1021=ORIENTED_EDGE('',*,*,#903,.F.) ;
#1022=ORIENTED_EDGE('',*,*,#647,.F.) ;
#1023=ORIENTED_EDGE('',*,*,#939,.F.) ;
#1024=ORIENTED_EDGE('',*,*,#598,.F.) ;
#1041=ORIENTED_EDGE('',*,*,#1034,.F.) ;
#1042=ORIENTED_EDGE('',*,*,#1039,.F.) ;
#1059=ORIENTED_EDGE('',*,*,#1052,.F.) ;
#1060=ORIENTED_EDGE('',*,*,#1057,.F.) ;
#1064=ORIENTED_EDGE('',*,*,#944,.F.) ;
#1065=ORIENTED_EDGE('',*,*,#148,.T.) ;
#1066=ORIENTED_EDGE('',*,*,#898,.F.) ;
#1067=ORIENTED_EDGE('',*,*,#179,.T.) ;
#1084=ORIENTED_EDGE('',*,*,#1077,.F.) ;
#1085=ORIENTED_EDGE('',*,*,#1082,.F.) ;
#1088=ORIENTED_EDGE('',*,*,#1001,.F.) ;
#1089=ORIENTED_EDGE('',*,*,#974,.F.) ;
#1119=ORIENTED_EDGE('',*,*,#1105,.T.) ;
#1120=ORIENTED_EDGE('',*,*,#1112,.F.) ;
#1121=ORIENTED_EDGE('',*,*,#1117,.F.) ;
#1130=ORIENTED_EDGE('',*,*,#1117,.T.) ;
#1131=ORIENTED_EDGE('',*,*,#1128,.F.) ;
#1132=ORIENTED_EDGE('',*,*,#1105,.F.) ;
#1151=ORIENTED_EDGE('',*,*,#1077,.T.) ;
#1152=ORIENTED_EDGE('',*,*,#1144,.F.) ;
#1153=ORIENTED_EDGE('',*,*,#1112,.T.) ;
#1154=ORIENTED_EDGE('',*,*,#1149,.T.) ;
#1158=ORIENTED_EDGE('',*,*,#1082,.T.) ;
#1159=ORIENTED_EDGE('',*,*,#1149,.F.) ;
#1160=ORIENTED_EDGE('',*,*,#1128,.T.) ;
#1161=ORIENTED_EDGE('',*,*,#1144,.T.) ;
#1191=ORIENTED_EDGE('',*,*,#1177,.T.) ;
#1192=ORIENTED_EDGE('',*,*,#1184,.F.) ;
#1193=ORIENTED_EDGE('',*,*,#1189,.F.) ;
#1202=ORIENTED_EDGE('',*,*,#1189,.T.) ;
#1203=ORIENTED_EDGE('',*,*,#1200,.F.) ;
#1204=ORIENTED_EDGE('',*,*,#1177,.F.) ;
#1223=ORIENTED_EDGE('',*,*,#1052,.T.) ;
#1224=ORIENTED_EDGE('',*,*,#1216,.F.) ;
#1225=ORIENTED_EDGE('',*,*,#1184,.T.) ;
#1226=ORIENTED_EDGE('',*,*,#1221,.T.) ;
#1230=ORIENTED_EDGE('',*,*,#1057,.T.) ;
#1231=ORIENTED_EDGE('',*,*,#1221,.F.) ;
#1232=ORIENTED_EDGE('',*,*,#1200,.T.) ;
#1233=ORIENTED_EDGE('',*,*,#1216,.T.) ;
#1263=ORIENTED_EDGE('',*,*,#1249,.T.) ;
#1264=ORIENTED_EDGE('',*,*,#1256,.F.) ;
#1265=ORIENTED_EDGE('',*,*,#1261,.F.) ;
#1274=ORIENTED_EDGE('',*,*,#1261,.T.) ;
#1275=ORIENTED_EDGE('',*,*,#1272,.F.) ;
#1276=ORIENTED_EDGE('',*,*,#1249,.F.) ;
#1295=ORIENTED_EDGE('',*,*,#1034,.T.) ;
#1296=ORIENTED_EDGE('',*,*,#1288,.F.) ;
#1297=ORIENTED_EDGE('',*,*,#1256,.T.) ;
#1298=ORIENTED_EDGE('',*,*,#1293,.T.) ;
#1302=ORIENTED_EDGE('',*,*,#1039,.T.) ;
#1303=ORIENTED_EDGE('',*,*,#1293,.F.) ;
#1304=ORIENTED_EDGE('',*,*,#1272,.T.) ;
#1305=ORIENTED_EDGE('',*,*,#1288,.T.) ;
#1362=ORIENTED_EDGE('',*,*,#1348,.T.) ;
#1363=ORIENTED_EDGE('',*,*,#1355,.F.) ;
#1364=ORIENTED_EDGE('',*,*,#1360,.F.) ;
#1429=ORIENTED_EDGE('',*,*,#1380,.F.) ;
#1430=ORIENTED_EDGE('',*,*,#1387,.F.) ;
#1431=ORIENTED_EDGE('',*,*,#1394,.F.) ;
#1432=ORIENTED_EDGE('',*,*,#1401,.T.) ;
#1433=ORIENTED_EDGE('',*,*,#1408,.F.) ;
#1434=ORIENTED_EDGE('',*,*,#1415,.F.) ;
#1435=ORIENTED_EDGE('',*,*,#1422,.T.) ;
#1436=ORIENTED_EDGE('',*,*,#1427,.T.) ;
#1464=ORIENTED_EDGE('',*,*,#1394,.T.) ;
#1465=ORIENTED_EDGE('',*,*,#1450,.F.) ;
#1466=ORIENTED_EDGE('',*,*,#1457,.F.) ;
#1467=ORIENTED_EDGE('',*,*,#1462,.T.) ;
#1488=ORIENTED_EDGE('',*,*,#1401,.F.) ;
#1489=ORIENTED_EDGE('',*,*,#1462,.F.) ;
#1490=ORIENTED_EDGE('',*,*,#1481,.F.) ;
#1491=ORIENTED_EDGE('',*,*,#1486,.T.) ;
#1533=ORIENTED_EDGE('',*,*,#1422,.F.) ;
#1534=ORIENTED_EDGE('',*,*,#1505,.F.) ;
#1535=ORIENTED_EDGE('',*,*,#1512,.F.) ;
#1536=ORIENTED_EDGE('',*,*,#1519,.F.) ;
#1537=ORIENTED_EDGE('',*,*,#1526,.F.) ;
#1538=ORIENTED_EDGE('',*,*,#1531,.T.) ;
#1554=ORIENTED_EDGE('',*,*,#1427,.F.) ;
#1555=ORIENTED_EDGE('',*,*,#1531,.F.) ;
#1556=ORIENTED_EDGE('',*,*,#1547,.F.) ;
#1557=ORIENTED_EDGE('',*,*,#1552,.T.) ;
#1594=ORIENTED_EDGE('',*,*,#1573,.F.) ;
#1595=ORIENTED_EDGE('',*,*,#1580,.F.) ;
#1596=ORIENTED_EDGE('',*,*,#1587,.F.) ;
#1597=ORIENTED_EDGE('',*,*,#1592,.T.) ;
#1625=ORIENTED_EDGE('',*,*,#1613,.F.) ;
#1626=ORIENTED_EDGE('',*,*,#1618,.F.) ;
#1627=ORIENTED_EDGE('',*,*,#1580,.T.) ;
#1628=ORIENTED_EDGE('',*,*,#1623,.F.) ;
#1663=ORIENTED_EDGE('',*,*,#1644,.F.) ;
#1664=ORIENTED_EDGE('',*,*,#1649,.F.) ;
#1665=ORIENTED_EDGE('',*,*,#1613,.T.) ;
#1666=ORIENTED_EDGE('',*,*,#1656,.T.) ;
#1667=ORIENTED_EDGE('',*,*,#1661,.T.) ;
#1708=ORIENTED_EDGE('',*,*,#1689,.T.) ;
#1709=ORIENTED_EDGE('',*,*,#1706,.T.) ;
#1737=ORIENTED_EDGE('',*,*,#1725,.F.) ;
#1738=ORIENTED_EDGE('',*,*,#1730,.F.) ;
#1739=ORIENTED_EDGE('',*,*,#1644,.T.) ;
#1740=ORIENTED_EDGE('',*,*,#1735,.F.) ;
#1768=ORIENTED_EDGE('',*,*,#1754,.F.) ;
#1769=ORIENTED_EDGE('',*,*,#1761,.F.) ;
#1770=ORIENTED_EDGE('',*,*,#1766,.F.) ;
#1771=ORIENTED_EDGE('',*,*,#1725,.T.) ;
#1799=ORIENTED_EDGE('',*,*,#1787,.F.) ;
#1800=ORIENTED_EDGE('',*,*,#1792,.F.) ;
#1801=ORIENTED_EDGE('',*,*,#1761,.T.) ;
#1802=ORIENTED_EDGE('',*,*,#1797,.T.) ;
#1823=ORIENTED_EDGE('',*,*,#1816,.T.) ;
#1824=ORIENTED_EDGE('',*,*,#1821,.F.) ;
#1825=ORIENTED_EDGE('',*,*,#1797,.F.) ;
#1826=ORIENTED_EDGE('',*,*,#1754,.T.) ;
#1827=ORIENTED_EDGE('',*,*,#1735,.T.) ;
#1828=ORIENTED_EDGE('',*,*,#1661,.F.) ;
#1856=ORIENTED_EDGE('',*,*,#1689,.F.) ;
#1857=ORIENTED_EDGE('',*,*,#1842,.F.) ;
#1858=ORIENTED_EDGE('',*,*,#1849,.T.) ;
#1859=ORIENTED_EDGE('',*,*,#1854,.T.) ;
#1868=ORIENTED_EDGE('',*,*,#1706,.F.) ;
#1869=ORIENTED_EDGE('',*,*,#1854,.F.) ;
#1870=ORIENTED_EDGE('',*,*,#1866,.T.) ;
#1871=ORIENTED_EDGE('',*,*,#1842,.T.) ;
#1880=ORIENTED_EDGE('',*,*,#1866,.F.) ;
#1881=ORIENTED_EDGE('',*,*,#1849,.F.) ;
#1898=ORIENTED_EDGE('',*,*,#1891,.T.) ;
#1899=ORIENTED_EDGE('',*,*,#1896,.T.) ;
#1939=ORIENTED_EDGE('',*,*,#1927,.T.) ;
#1940=ORIENTED_EDGE('',*,*,#1932,.T.) ;
#1941=ORIENTED_EDGE('',*,*,#1896,.F.) ;
#1942=ORIENTED_EDGE('',*,*,#1937,.F.) ;
#1963=ORIENTED_EDGE('',*,*,#1961,.T.) ;
#1964=ORIENTED_EDGE('',*,*,#1937,.T.) ;
#1965=ORIENTED_EDGE('',*,*,#1891,.F.) ;
#1966=ORIENTED_EDGE('',*,*,#1932,.F.) ;
#1989=ORIENTED_EDGE('',*,*,#1982,.T.) ;
#1990=ORIENTED_EDGE('',*,*,#1987,.T.) ;
#2018=ORIENTED_EDGE('',*,*,#2004,.F.) ;
#2019=ORIENTED_EDGE('',*,*,#2011,.T.) ;
#2020=ORIENTED_EDGE('',*,*,#2016,.T.) ;
#2021=ORIENTED_EDGE('',*,*,#1987,.F.) ;
#2030=ORIENTED_EDGE('',*,*,#2016,.F.) ;
#2031=ORIENTED_EDGE('',*,*,#2028,.T.) ;
#2032=ORIENTED_EDGE('',*,*,#2004,.T.) ;
#2033=ORIENTED_EDGE('',*,*,#1982,.F.) ;
#2036=ORIENTED_EDGE('',*,*,#1927,.F.) ;
#2037=ORIENTED_EDGE('',*,*,#1961,.F.) ;
#2051=ORIENTED_EDGE('',*,*,#2044,.F.) ;
#2052=ORIENTED_EDGE('',*,*,#1512,.T.) ;
#2053=ORIENTED_EDGE('',*,*,#2049,.T.) ;
#2054=ORIENTED_EDGE('',*,*,#1656,.F.) ;
#2055=ORIENTED_EDGE('',*,*,#1623,.T.) ;
#2056=ORIENTED_EDGE('',*,*,#1573,.T.) ;
#2065=ORIENTED_EDGE('',*,*,#1592,.F.) ;
#2066=ORIENTED_EDGE('',*,*,#2063,.F.) ;
#2067=ORIENTED_EDGE('',*,*,#1519,.T.) ;
#2068=ORIENTED_EDGE('',*,*,#2044,.T.) ;
#2082=ORIENTED_EDGE('',*,*,#2049,.F.) ;
#2083=ORIENTED_EDGE('',*,*,#1505,.T.) ;
#2084=ORIENTED_EDGE('',*,*,#1415,.T.) ;
#2085=ORIENTED_EDGE('',*,*,#2080,.F.) ;
#2086=ORIENTED_EDGE('',*,*,#1816,.F.) ;
#2100=ORIENTED_EDGE('',*,*,#1821,.T.) ;
#2101=ORIENTED_EDGE('',*,*,#2080,.T.) ;
#2102=ORIENTED_EDGE('',*,*,#1408,.T.) ;
#2103=ORIENTED_EDGE('',*,*,#1486,.F.) ;
#2104=ORIENTED_EDGE('',*,*,#2098,.T.) ;
#2105=ORIENTED_EDGE('',*,*,#1787,.T.) ;
#2126=ORIENTED_EDGE('',*,*,#1547,.T.) ;
#2127=ORIENTED_EDGE('',*,*,#1526,.T.) ;
#2128=ORIENTED_EDGE('',*,*,#2063,.T.) ;
#2129=ORIENTED_EDGE('',*,*,#1587,.T.) ;
#2130=ORIENTED_EDGE('',*,*,#1618,.T.) ;
#2131=ORIENTED_EDGE('',*,*,#1649,.T.) ;
#2132=ORIENTED_EDGE('',*,*,#1730,.T.) ;
#2133=ORIENTED_EDGE('',*,*,#1766,.T.) ;
#2134=ORIENTED_EDGE('',*,*,#1792,.T.) ;
#2135=ORIENTED_EDGE('',*,*,#2098,.F.) ;
#2136=ORIENTED_EDGE('',*,*,#1481,.T.) ;
#2137=ORIENTED_EDGE('',*,*,#1457,.T.) ;
#2138=ORIENTED_EDGE('',*,*,#2119,.T.) ;
#2139=ORIENTED_EDGE('',*,*,#2124,.T.) ;
#2142=ORIENTED_EDGE('',*,*,#2028,.F.) ;
#2143=ORIENTED_EDGE('',*,*,#2011,.F.) ;
#2157=ORIENTED_EDGE('',*,*,#1380,.T.) ;
#2158=ORIENTED_EDGE('',*,*,#1552,.F.) ;
#2159=ORIENTED_EDGE('',*,*,#2124,.F.) ;
#2160=ORIENTED_EDGE('',*,*,#2155,.T.) ;
#2193=ORIENTED_EDGE('',*,*,#2176,.T.) ;
#2194=ORIENTED_EDGE('',*,*,#2181,.F.) ;
#2195=ORIENTED_EDGE('',*,*,#2186,.T.) ;
#2196=ORIENTED_EDGE('',*,*,#2191,.T.) ;
#2205=ORIENTED_EDGE('',*,*,#2203,.T.) ;
#2206=ORIENTED_EDGE('',*,*,#2191,.F.) ;
#2207=ORIENTED_EDGE('',*,*,#1355,.T.) ;
#2208=ORIENTED_EDGE('',*,*,#2181,.T.) ;
#2212=ORIENTED_EDGE('',*,*,#1360,.T.) ;
#2213=ORIENTED_EDGE('',*,*,#2186,.F.) ;
#2214=ORIENTED_EDGE('',*,*,#1348,.F.) ;
#2223=ORIENTED_EDGE('',*,*,#1387,.T.) ;
#2224=ORIENTED_EDGE('',*,*,#2155,.F.) ;
#2225=ORIENTED_EDGE('',*,*,#2119,.F.) ;
#2226=ORIENTED_EDGE('',*,*,#1450,.T.) ;
#2243=ORIENTED_EDGE('',*,*,#2236,.F.) ;
#2244=ORIENTED_EDGE('',*,*,#2241,.F.) ;
#2247=ORIENTED_EDGE('',*,*,#2203,.F.) ;
#2248=ORIENTED_EDGE('',*,*,#2176,.F.) ;
#2278=ORIENTED_EDGE('',*,*,#2264,.T.) ;
#2279=ORIENTED_EDGE('',*,*,#2271,.F.) ;
#2280=ORIENTED_EDGE('',*,*,#2276,.F.) ;
#2289=ORIENTED_EDGE('',*,*,#2276,.T.) ;
#2290=ORIENTED_EDGE('',*,*,#2287,.F.) ;
#2291=ORIENTED_EDGE('',*,*,#2264,.F.) ;
#2310=ORIENTED_EDGE('',*,*,#2236,.T.) ;
#2311=ORIENTED_EDGE('',*,*,#2303,.F.) ;
#2312=ORIENTED_EDGE('',*,*,#2271,.T.) ;
#2313=ORIENTED_EDGE('',*,*,#2308,.T.) ;
#2317=ORIENTED_EDGE('',*,*,#2241,.T.) ;
#2318=ORIENTED_EDGE('',*,*,#2308,.F.) ;
#2319=ORIENTED_EDGE('',*,*,#2287,.T.) ;
#2320=ORIENTED_EDGE('',*,*,#2303,.T.) ;
#2408=ORIENTED_EDGE('',*,*,#2363,.T.) ;
#2409=ORIENTED_EDGE('',*,*,#2382,.F.) ;
#2410=ORIENTED_EDGE('',*,*,#2389,.F.) ;
#2411=ORIENTED_EDGE('',*,*,#2406,.T.) ;
#2448=ORIENTED_EDGE('',*,*,#2427,.F.) ;
#2449=ORIENTED_EDGE('',*,*,#2434,.T.) ;
#2450=ORIENTED_EDGE('',*,*,#2441,.T.) ;
#2451=ORIENTED_EDGE('',*,*,#2446,.F.) ;
#2471=ORIENTED_EDGE('',*,*,#2469,.F.) ;
#2472=ORIENTED_EDGE('',*,*,#2406,.F.) ;
#2486=ORIENTED_EDGE('',*,*,#2441,.F.) ;
#2487=ORIENTED_EDGE('',*,*,#2484,.F.) ;
#2504=ORIENTED_EDGE('',*,*,#2497,.T.) ;
#2505=ORIENTED_EDGE('',*,*,#2502,.T.) ;
#2533=ORIENTED_EDGE('',*,*,#2502,.F.) ;
#2534=ORIENTED_EDGE('',*,*,#2519,.T.) ;
#2535=ORIENTED_EDGE('',*,*,#2526,.T.) ;
#2536=ORIENTED_EDGE('',*,*,#2531,.F.) ;
#2545=ORIENTED_EDGE('',*,*,#2497,.F.) ;
#2546=ORIENTED_EDGE('',*,*,#2531,.T.) ;
#2547=ORIENTED_EDGE('',*,*,#2543,.T.) ;
#2548=ORIENTED_EDGE('',*,*,#2519,.F.) ;
#2571=ORIENTED_EDGE('',*,*,#2564,.T.) ;
#2572=ORIENTED_EDGE('',*,*,#2569,.T.) ;
#2575=ORIENTED_EDGE('',*,*,#2526,.F.) ;
#2576=ORIENTED_EDGE('',*,*,#2543,.F.) ;
#2604=ORIENTED_EDGE('',*,*,#2564,.F.) ;
#2605=ORIENTED_EDGE('',*,*,#2590,.T.) ;
#2606=ORIENTED_EDGE('',*,*,#2597,.T.) ;
#2607=ORIENTED_EDGE('',*,*,#2602,.F.) ;
#2616=ORIENTED_EDGE('',*,*,#2569,.F.) ;
#2617=ORIENTED_EDGE('',*,*,#2602,.T.) ;
#2618=ORIENTED_EDGE('',*,*,#2614,.T.) ;
#2619=ORIENTED_EDGE('',*,*,#2590,.F.) ;
#2628=ORIENTED_EDGE('',*,*,#2614,.F.) ;
#2629=ORIENTED_EDGE('',*,*,#2597,.F.) ;
#2646=ORIENTED_EDGE('',*,*,#2639,.T.) ;
#2647=ORIENTED_EDGE('',*,*,#2644,.T.) ;
#2670=ORIENTED_EDGE('',*,*,#2644,.F.) ;
#2671=ORIENTED_EDGE('',*,*,#2656,.T.) ;
#2672=ORIENTED_EDGE('',*,*,#2663,.T.) ;
#2673=ORIENTED_EDGE('',*,*,#2668,.F.) ;
#2682=ORIENTED_EDGE('',*,*,#2639,.F.) ;
#2683=ORIENTED_EDGE('',*,*,#2668,.T.) ;
#2684=ORIENTED_EDGE('',*,*,#2680,.T.) ;
#2685=ORIENTED_EDGE('',*,*,#2656,.F.) ;
#2694=ORIENTED_EDGE('',*,*,#2663,.F.) ;
#2695=ORIENTED_EDGE('',*,*,#2680,.F.) ;
#2712=ORIENTED_EDGE('',*,*,#2705,.T.) ;
#2713=ORIENTED_EDGE('',*,*,#2710,.T.) ;
#2741=ORIENTED_EDGE('',*,*,#2710,.F.) ;
#2742=ORIENTED_EDGE('',*,*,#2727,.T.) ;
#2743=ORIENTED_EDGE('',*,*,#2734,.T.) ;
#2744=ORIENTED_EDGE('',*,*,#2739,.F.) ;
#2753=ORIENTED_EDGE('',*,*,#2705,.F.) ;
#2754=ORIENTED_EDGE('',*,*,#2739,.T.) ;
#2755=ORIENTED_EDGE('',*,*,#2751,.T.) ;
#2756=ORIENTED_EDGE('',*,*,#2727,.F.) ;
#2779=ORIENTED_EDGE('',*,*,#2772,.T.) ;
#2780=ORIENTED_EDGE('',*,*,#2777,.T.) ;
#2783=ORIENTED_EDGE('',*,*,#2734,.F.) ;
#2784=ORIENTED_EDGE('',*,*,#2751,.F.) ;
#2807=ORIENTED_EDGE('',*,*,#2772,.F.) ;
#2808=ORIENTED_EDGE('',*,*,#2793,.T.) ;
#2809=ORIENTED_EDGE('',*,*,#2800,.T.) ;
#2810=ORIENTED_EDGE('',*,*,#2805,.F.) ;
#2819=ORIENTED_EDGE('',*,*,#2777,.F.) ;
#2820=ORIENTED_EDGE('',*,*,#2805,.T.) ;
#2821=ORIENTED_EDGE('',*,*,#2817,.T.) ;
#2822=ORIENTED_EDGE('',*,*,#2793,.F.) ;
#2831=ORIENTED_EDGE('',*,*,#2817,.F.) ;
#2832=ORIENTED_EDGE('',*,*,#2800,.F.) ;
#2846=ORIENTED_EDGE('',*,*,#2427,.T.) ;
#2847=ORIENTED_EDGE('',*,*,#2844,.T.) ;
#2851=ORIENTED_EDGE('',*,*,#2844,.F.) ;
#2852=ORIENTED_EDGE('',*,*,#2446,.T.) ;
#2853=ORIENTED_EDGE('',*,*,#2484,.T.) ;
#2854=ORIENTED_EDGE('',*,*,#2434,.F.) ;
#2874=ORIENTED_EDGE('',*,*,#2382,.T.) ;
#2875=ORIENTED_EDGE('',*,*,#2872,.T.) ;
#2879=ORIENTED_EDGE('',*,*,#2389,.T.) ;
#2880=ORIENTED_EDGE('',*,*,#2872,.F.) ;
#2881=ORIENTED_EDGE('',*,*,#2363,.F.) ;
#2882=ORIENTED_EDGE('',*,*,#2469,.T.) ;
#2946=ORIENTED_EDGE('',*,*,#2925,.F.) ;
#2947=ORIENTED_EDGE('',*,*,#2932,.T.) ;
#2948=ORIENTED_EDGE('',*,*,#2939,.T.) ;
#2949=ORIENTED_EDGE('',*,*,#2944,.F.) ;
#2977=ORIENTED_EDGE('',*,*,#2939,.F.) ;
#2978=ORIENTED_EDGE('',*,*,#2963,.T.) ;
#2979=ORIENTED_EDGE('',*,*,#2970,.T.) ;
#2980=ORIENTED_EDGE('',*,*,#2975,.F.) ;
#3008=ORIENTED_EDGE('',*,*,#2970,.F.) ;
#3009=ORIENTED_EDGE('',*,*,#2994,.T.) ;
#3010=ORIENTED_EDGE('',*,*,#3001,.T.) ;
#3011=ORIENTED_EDGE('',*,*,#3006,.F.) ;
#3030=ORIENTED_EDGE('',*,*,#3001,.F.) ;
#3031=ORIENTED_EDGE('',*,*,#3023,.T.) ;
#3032=ORIENTED_EDGE('',*,*,#2925,.T.) ;
#3033=ORIENTED_EDGE('',*,*,#3028,.F.) ;
#3070=ORIENTED_EDGE('',*,*,#3049,.T.) ;
#3071=ORIENTED_EDGE('',*,*,#3056,.F.) ;
#3072=ORIENTED_EDGE('',*,*,#3063,.F.) ;
#3073=ORIENTED_EDGE('',*,*,#3068,.T.) ;
#3087=ORIENTED_EDGE('',*,*,#3080,.T.) ;
#3088=ORIENTED_EDGE('',*,*,#3068,.F.) ;
#3089=ORIENTED_EDGE('',*,*,#3085,.F.) ;
#3090=ORIENTED_EDGE('',*,*,#3056,.T.) ;
#3118=ORIENTED_EDGE('',*,*,#3104,.T.) ;
#3119=ORIENTED_EDGE('',*,*,#3111,.T.) ;
#3120=ORIENTED_EDGE('',*,*,#3116,.F.) ;
#3121=ORIENTED_EDGE('',*,*,#3049,.F.) ;
#3135=ORIENTED_EDGE('',*,*,#3116,.T.) ;
#3136=ORIENTED_EDGE('',*,*,#3133,.T.) ;
#3137=ORIENTED_EDGE('',*,*,#3104,.F.) ;
#3138=ORIENTED_EDGE('',*,*,#3080,.F.) ;
#3147=ORIENTED_EDGE('',*,*,#3023,.F.) ;
#3148=ORIENTED_EDGE('',*,*,#2994,.F.) ;
#3149=ORIENTED_EDGE('',*,*,#2963,.F.) ;
#3150=ORIENTED_EDGE('',*,*,#2932,.F.) ;
#3167=ORIENTED_EDGE('',*,*,#3160,.T.) ;
#3168=ORIENTED_EDGE('',*,*,#3165,.T.) ;
#3171=ORIENTED_EDGE('',*,*,#3085,.T.) ;
#3172=ORIENTED_EDGE('',*,*,#3063,.T.) ;
#3200=ORIENTED_EDGE('',*,*,#3188,.T.) ;
#3201=ORIENTED_EDGE('',*,*,#3193,.F.) ;
#3202=ORIENTED_EDGE('',*,*,#3160,.F.) ;
#3203=ORIENTED_EDGE('',*,*,#3198,.T.) ;
#3212=ORIENTED_EDGE('',*,*,#2944,.T.) ;
#3213=ORIENTED_EDGE('',*,*,#2975,.T.) ;
#3214=ORIENTED_EDGE('',*,*,#3006,.T.) ;
#3215=ORIENTED_EDGE('',*,*,#3028,.T.) ;
#3232=ORIENTED_EDGE('',*,*,#3225,.F.) ;
#3233=ORIENTED_EDGE('',*,*,#3230,.F.) ;
#3236=ORIENTED_EDGE('',*,*,#3133,.F.) ;
#3237=ORIENTED_EDGE('',*,*,#3111,.F.) ;
#3246=ORIENTED_EDGE('',*,*,#3244,.T.) ;
#3247=ORIENTED_EDGE('',*,*,#3198,.F.) ;
#3248=ORIENTED_EDGE('',*,*,#3165,.F.) ;
#3249=ORIENTED_EDGE('',*,*,#3193,.T.) ;
#3268=ORIENTED_EDGE('',*,*,#3261,.T.) ;
#3269=ORIENTED_EDGE('',*,*,#3230,.T.) ;
#3270=ORIENTED_EDGE('',*,*,#3266,.F.) ;
#3271=ORIENTED_EDGE('',*,*,#3244,.F.) ;
#3280=ORIENTED_EDGE('',*,*,#3266,.T.) ;
#3281=ORIENTED_EDGE('',*,*,#3225,.T.) ;
#3282=ORIENTED_EDGE('',*,*,#3261,.F.) ;
#3283=ORIENTED_EDGE('',*,*,#3188,.F.) ;
#3362=ORIENTED_EDGE('',*,*,#3341,.T.) ;
#3363=ORIENTED_EDGE('',*,*,#3348,.F.) ;
#3364=ORIENTED_EDGE('',*,*,#3355,.T.) ;
#3365=ORIENTED_EDGE('',*,*,#3360,.T.) ;
#3379=ORIENTED_EDGE('',*,*,#3372,.T.) ;
#3380=ORIENTED_EDGE('',*,*,#3360,.F.) ;
#3381=ORIENTED_EDGE('',*,*,#3377,.T.) ;
#3382=ORIENTED_EDGE('',*,*,#3348,.T.) ;
#3410=ORIENTED_EDGE('',*,*,#3398,.F.) ;
#3411=ORIENTED_EDGE('',*,*,#3403,.T.) ;
#3412=ORIENTED_EDGE('',*,*,#3355,.F.) ;
#3413=ORIENTED_EDGE('',*,*,#3408,.F.) ;
#3450=ORIENTED_EDGE('',*,*,#3429,.T.) ;
#3451=ORIENTED_EDGE('',*,*,#3436,.T.) ;
#3452=ORIENTED_EDGE('',*,*,#3443,.T.) ;
#3453=ORIENTED_EDGE('',*,*,#3448,.T.) ;
#3456=ORIENTED_EDGE('',*,*,#3372,.F.) ;
#3457=ORIENTED_EDGE('',*,*,#3341,.F.) ;
#3474=ORIENTED_EDGE('',*,*,#3467,.F.) ;
#3475=ORIENTED_EDGE('',*,*,#3472,.F.) ;
#3484=ORIENTED_EDGE('',*,*,#3482,.F.) ;
#3485=ORIENTED_EDGE('',*,*,#3408,.T.) ;
#3486=ORIENTED_EDGE('',*,*,#3377,.F.) ;
#3487=ORIENTED_EDGE('',*,*,#3403,.F.) ;
#3515=ORIENTED_EDGE('',*,*,#3501,.F.) ;
#3516=ORIENTED_EDGE('',*,*,#3508,.T.) ;
#3517=ORIENTED_EDGE('',*,*,#3513,.T.) ;
#3518=ORIENTED_EDGE('',*,*,#3429,.F.) ;
#3539=ORIENTED_EDGE('',*,*,#3513,.F.) ;
#3540=ORIENTED_EDGE('',*,*,#3532,.T.) ;
#3541=ORIENTED_EDGE('',*,*,#3537,.T.) ;
#3542=ORIENTED_EDGE('',*,*,#3436,.F.) ;
#3563=ORIENTED_EDGE('',*,*,#3537,.F.) ;
#3564=ORIENTED_EDGE('',*,*,#3556,.T.) ;
#3565=ORIENTED_EDGE('',*,*,#3561,.T.) ;
#3566=ORIENTED_EDGE('',*,*,#3443,.F.) ;
#3580=ORIENTED_EDGE('',*,*,#3561,.F.) ;
#3581=ORIENTED_EDGE('',*,*,#3578,.T.) ;
#3582=ORIENTED_EDGE('',*,*,#3501,.T.) ;
#3583=ORIENTED_EDGE('',*,*,#3448,.F.) ;
#3620=ORIENTED_EDGE('',*,*,#3599,.F.) ;
#3621=ORIENTED_EDGE('',*,*,#3606,.T.) ;
#3622=ORIENTED_EDGE('',*,*,#3613,.F.) ;
#3623=ORIENTED_EDGE('',*,*,#3618,.F.) ;
#3637=ORIENTED_EDGE('',*,*,#3630,.F.) ;
#3638=ORIENTED_EDGE('',*,*,#3618,.T.) ;
#3639=ORIENTED_EDGE('',*,*,#3635,.F.) ;
#3640=ORIENTED_EDGE('',*,*,#3606,.F.) ;
#3659=ORIENTED_EDGE('',*,*,#3472,.T.) ;
#3660=ORIENTED_EDGE('',*,*,#3652,.F.) ;
#3661=ORIENTED_EDGE('',*,*,#3635,.T.) ;
#3662=ORIENTED_EDGE('',*,*,#3657,.T.) ;
#3666=ORIENTED_EDGE('',*,*,#3467,.T.) ;
#3667=ORIENTED_EDGE('',*,*,#3657,.F.) ;
#3668=ORIENTED_EDGE('',*,*,#3613,.T.) ;
#3669=ORIENTED_EDGE('',*,*,#3652,.T.) ;
#3678=ORIENTED_EDGE('',*,*,#3578,.F.) ;
#3679=ORIENTED_EDGE('',*,*,#3556,.F.) ;
#3680=ORIENTED_EDGE('',*,*,#3532,.F.) ;
#3681=ORIENTED_EDGE('',*,*,#3508,.F.) ;
#3684=ORIENTED_EDGE('',*,*,#3398,.T.) ;
#3685=ORIENTED_EDGE('',*,*,#3482,.T.) ;
#3688=ORIENTED_EDGE('',*,*,#3630,.T.) ;
#3689=ORIENTED_EDGE('',*,*,#3599,.T.) ;
#3759=ORIENTED_EDGE('',*,*,#3735,.T.) ;
#3760=ORIENTED_EDGE('',*,*,#3742,.T.) ;
#3761=ORIENTED_EDGE('',*,*,#3752,.F.) ;
#3762=ORIENTED_EDGE('',*,*,#3757,.F.) ;
#3819=ORIENTED_EDGE('',*,*,#3778,.F.) ;
#3820=ORIENTED_EDGE('',*,*,#3785,.F.) ;
#3821=ORIENTED_EDGE('',*,*,#3792,.T.) ;
#3822=ORIENTED_EDGE('',*,*,#3799,.T.) ;
#3823=ORIENTED_EDGE('',*,*,#3804,.F.) ;
#3824=ORIENTED_EDGE('',*,*,#3735,.F.) ;
#3825=ORIENTED_EDGE('',*,*,#3811,.T.) ;
#3826=ORIENTED_EDGE('',*,*,#3817,.T.) ;
#3840=ORIENTED_EDGE('',*,*,#3804,.T.) ;
#3841=ORIENTED_EDGE('',*,*,#3838,.T.) ;
#3842=ORIENTED_EDGE('',*,*,#3742,.F.) ;
#3870=ORIENTED_EDGE('',*,*,#3856,.T.) ;
#3871=ORIENTED_EDGE('',*,*,#3792,.F.) ;
#3872=ORIENTED_EDGE('',*,*,#3863,.F.) ;
#3873=ORIENTED_EDGE('',*,*,#3868,.T.) ;
#3904=ORIENTED_EDGE('',*,*,#3817,.F.) ;
#3905=ORIENTED_EDGE('',*,*,#3887,.T.) ;
#3906=ORIENTED_EDGE('',*,*,#3897,.T.) ;
#3907=ORIENTED_EDGE('',*,*,#3902,.F.) ;
#3921=ORIENTED_EDGE('',*,*,#3863,.T.) ;
#3922=ORIENTED_EDGE('',*,*,#3914,.F.) ;
#3923=ORIENTED_EDGE('',*,*,#3856,.F.) ;
#3924=ORIENTED_EDGE('',*,*,#3919,.T.) ;
#3945=ORIENTED_EDGE('',*,*,#3938,.T.) ;
#3946=ORIENTED_EDGE('',*,*,#3868,.F.) ;
#3947=ORIENTED_EDGE('',*,*,#3943,.F.) ;
#3951=ORIENTED_EDGE('',*,*,#3943,.T.) ;
#3952=ORIENTED_EDGE('',*,*,#3919,.F.) ;
#3953=ORIENTED_EDGE('',*,*,#3938,.F.) ;
#3962=ORIENTED_EDGE('',*,*,#3960,.T.) ;
#3963=ORIENTED_EDGE('',*,*,#3778,.T.) ;
#3964=ORIENTED_EDGE('',*,*,#3902,.T.) ;
#3978=ORIENTED_EDGE('',*,*,#3757,.T.) ;
#3979=ORIENTED_EDGE('',*,*,#3976,.F.) ;
#3980=ORIENTED_EDGE('',*,*,#3887,.F.) ;
#3981=ORIENTED_EDGE('',*,*,#3811,.F.) ;
#3985=ORIENTED_EDGE('',*,*,#3838,.F.) ;
#3986=ORIENTED_EDGE('',*,*,#3799,.F.) ;
#3987=ORIENTED_EDGE('',*,*,#3914,.T.) ;
#3988=ORIENTED_EDGE('',*,*,#3785,.T.) ;
#3989=ORIENTED_EDGE('',*,*,#3960,.F.) ;
#3990=ORIENTED_EDGE('',*,*,#3897,.F.) ;
#3991=ORIENTED_EDGE('',*,*,#3976,.T.) ;
#3992=ORIENTED_EDGE('',*,*,#3752,.T.) ;
#4077=ORIENTED_EDGE('',*,*,#4053,.T.) ;
#4078=ORIENTED_EDGE('',*,*,#4060,.T.) ;
#4079=ORIENTED_EDGE('',*,*,#4070,.F.) ;
#4080=ORIENTED_EDGE('',*,*,#4075,.F.) ;
#4137=ORIENTED_EDGE('',*,*,#4096,.F.) ;
#4138=ORIENTED_EDGE('',*,*,#4103,.F.) ;
#4139=ORIENTED_EDGE('',*,*,#4110,.T.) ;
#4140=ORIENTED_EDGE('',*,*,#4117,.T.) ;
#4141=ORIENTED_EDGE('',*,*,#4122,.F.) ;
#4142=ORIENTED_EDGE('',*,*,#4053,.F.) ;
#4143=ORIENTED_EDGE('',*,*,#4129,.T.) ;
#4144=ORIENTED_EDGE('',*,*,#4135,.T.) ;
#4158=ORIENTED_EDGE('',*,*,#4122,.T.) ;
#4159=ORIENTED_EDGE('',*,*,#4156,.T.) ;
#4160=ORIENTED_EDGE('',*,*,#4060,.F.) ;
#4188=ORIENTED_EDGE('',*,*,#4174,.T.) ;
#4189=ORIENTED_EDGE('',*,*,#4110,.F.) ;
#4190=ORIENTED_EDGE('',*,*,#4181,.F.) ;
#4191=ORIENTED_EDGE('',*,*,#4186,.T.) ;
#4222=ORIENTED_EDGE('',*,*,#4135,.F.) ;
#4223=ORIENTED_EDGE('',*,*,#4205,.T.) ;
#4224=ORIENTED_EDGE('',*,*,#4215,.T.) ;
#4225=ORIENTED_EDGE('',*,*,#4220,.F.) ;
#4239=ORIENTED_EDGE('',*,*,#4181,.T.) ;
#4240=ORIENTED_EDGE('',*,*,#4232,.F.) ;
#4241=ORIENTED_EDGE('',*,*,#4174,.F.) ;
#4242=ORIENTED_EDGE('',*,*,#4237,.T.) ;
#4263=ORIENTED_EDGE('',*,*,#4256,.T.) ;
#4264=ORIENTED_EDGE('',*,*,#4186,.F.) ;
#4265=ORIENTED_EDGE('',*,*,#4261,.F.) ;
#4269=ORIENTED_EDGE('',*,*,#4261,.T.) ;
#4270=ORIENTED_EDGE('',*,*,#4237,.F.) ;
#4271=ORIENTED_EDGE('',*,*,#4256,.F.) ;
#4280=ORIENTED_EDGE('',*,*,#4278,.T.) ;
#4281=ORIENTED_EDGE('',*,*,#4096,.T.) ;
#4282=ORIENTED_EDGE('',*,*,#4220,.T.) ;
#4296=ORIENTED_EDGE('',*,*,#4075,.T.) ;
#4297=ORIENTED_EDGE('',*,*,#4294,.F.) ;
#4298=ORIENTED_EDGE('',*,*,#4205,.F.) ;
#4299=ORIENTED_EDGE('',*,*,#4129,.F.) ;
#4303=ORIENTED_EDGE('',*,*,#4156,.F.) ;
#4304=ORIENTED_EDGE('',*,*,#4117,.F.) ;
#4305=ORIENTED_EDGE('',*,*,#4232,.T.) ;
#4306=ORIENTED_EDGE('',*,*,#4103,.T.) ;
#4307=ORIENTED_EDGE('',*,*,#4278,.F.) ;
#4308=ORIENTED_EDGE('',*,*,#4215,.F.) ;
#4309=ORIENTED_EDGE('',*,*,#4294,.T.) ;
#4310=ORIENTED_EDGE('',*,*,#4070,.T.) ;
#4457=ORIENTED_EDGE('',*,*,#4398,.F.) ;
#4458=ORIENTED_EDGE('',*,*,#4432,.T.) ;
#4459=ORIENTED_EDGE('',*,*,#4455,.F.) ;
#4511=ORIENTED_EDGE('',*,*,#4475,.F.) ;
#4512=ORIENTED_EDGE('',*,*,#4482,.T.) ;
#4513=ORIENTED_EDGE('',*,*,#4487,.T.) ;
#4514=ORIENTED_EDGE('',*,*,#4432,.F.) ;
#4515=ORIENTED_EDGE('',*,*,#4495,.T.) ;
#4516=ORIENTED_EDGE('',*,*,#4509,.T.) ;
#4544=ORIENTED_EDGE('',*,*,#4530,.T.) ;
#4545=ORIENTED_EDGE('',*,*,#4482,.F.) ;
#4546=ORIENTED_EDGE('',*,*,#4537,.F.) ;
#4547=ORIENTED_EDGE('',*,*,#4542,.T.) ;
#4595=ORIENTED_EDGE('',*,*,#4561,.T.) ;
#4596=ORIENTED_EDGE('',*,*,#4593,.T.) ;
#4597=ORIENTED_EDGE('',*,*,#4509,.F.) ;
#4611=ORIENTED_EDGE('',*,*,#4609,.F.) ;
#4612=ORIENTED_EDGE('',*,*,#4542,.F.) ;
#4629=ORIENTED_EDGE('',*,*,#4622,.T.) ;
#4630=ORIENTED_EDGE('',*,*,#4627,.T.) ;
#4658=ORIENTED_EDGE('',*,*,#4644,.T.) ;
#4659=ORIENTED_EDGE('',*,*,#4627,.F.) ;
#4660=ORIENTED_EDGE('',*,*,#4651,.F.) ;
#4661=ORIENTED_EDGE('',*,*,#4656,.T.) ;
#4670=ORIENTED_EDGE('',*,*,#4651,.T.) ;
#4671=ORIENTED_EDGE('',*,*,#4622,.F.) ;
#4672=ORIENTED_EDGE('',*,*,#4644,.F.) ;
#4673=ORIENTED_EDGE('',*,*,#4668,.T.) ;
#4682=ORIENTED_EDGE('',*,*,#4656,.F.) ;
#4683=ORIENTED_EDGE('',*,*,#4668,.F.) ;
#4700=ORIENTED_EDGE('',*,*,#4693,.T.) ;
#4701=ORIENTED_EDGE('',*,*,#4698,.T.) ;
#4729=ORIENTED_EDGE('',*,*,#4715,.T.) ;
#4730=ORIENTED_EDGE('',*,*,#4698,.F.) ;
#4731=ORIENTED_EDGE('',*,*,#4722,.F.) ;
#4732=ORIENTED_EDGE('',*,*,#4727,.T.) ;
#4741=ORIENTED_EDGE('',*,*,#4722,.T.) ;
#4742=ORIENTED_EDGE('',*,*,#4693,.F.) ;
#4743=ORIENTED_EDGE('',*,*,#4715,.F.) ;
#4744=ORIENTED_EDGE('',*,*,#4739,.T.) ;
#4753=ORIENTED_EDGE('',*,*,#4739,.F.) ;
#4754=ORIENTED_EDGE('',*,*,#4727,.F.) ;
#4763=ORIENTED_EDGE('',*,*,#4537,.T.) ;
#4764=ORIENTED_EDGE('',*,*,#4761,.F.) ;
#4765=ORIENTED_EDGE('',*,*,#4530,.F.) ;
#4766=ORIENTED_EDGE('',*,*,#4609,.T.) ;
#4776=ORIENTED_EDGE('',*,*,#4487,.F.) ;
#4777=ORIENTED_EDGE('',*,*,#4761,.T.) ;
#4778=ORIENTED_EDGE('',*,*,#4475,.T.) ;
#4779=ORIENTED_EDGE('',*,*,#4593,.F.) ;
#4780=ORIENTED_EDGE('',*,*,#4774,.F.) ;
#4781=ORIENTED_EDGE('',*,*,#4455,.T.) ;
#4790=ORIENTED_EDGE('',*,*,#4398,.T.) ;
#4791=ORIENTED_EDGE('',*,*,#4774,.T.) ;
#4792=ORIENTED_EDGE('',*,*,#4561,.F.) ;
#4793=ORIENTED_EDGE('',*,*,#4495,.F.) ;
#4857=ORIENTED_EDGE('',*,*,#4836,.F.) ;
#4858=ORIENTED_EDGE('',*,*,#4843,.T.) ;
#4859=ORIENTED_EDGE('',*,*,#4850,.T.) ;
#4860=ORIENTED_EDGE('',*,*,#4855,.F.) ;
#4874=ORIENTED_EDGE('',*,*,#4867,.F.) ;
#4875=ORIENTED_EDGE('',*,*,#4855,.T.) ;
#4876=ORIENTED_EDGE('',*,*,#4872,.T.) ;
#4877=ORIENTED_EDGE('',*,*,#4843,.F.) ;
#4914=ORIENTED_EDGE('',*,*,#4893,.F.) ;
#4915=ORIENTED_EDGE('',*,*,#4900,.T.) ;
#4916=ORIENTED_EDGE('',*,*,#4907,.T.) ;
#4917=ORIENTED_EDGE('',*,*,#4912,.F.) ;
#4931=ORIENTED_EDGE('',*,*,#4924,.F.) ;
#4932=ORIENTED_EDGE('',*,*,#4912,.T.) ;
#4933=ORIENTED_EDGE('',*,*,#4929,.T.) ;
#4934=ORIENTED_EDGE('',*,*,#4900,.F.) ;
#4966=ORIENTED_EDGE('',*,*,#4945,.F.) ;
#4967=ORIENTED_EDGE('',*,*,#4952,.T.) ;
#4968=ORIENTED_EDGE('',*,*,#4959,.T.) ;
#4969=ORIENTED_EDGE('',*,*,#4964,.F.) ;
#4983=ORIENTED_EDGE('',*,*,#4976,.F.) ;
#4984=ORIENTED_EDGE('',*,*,#4964,.T.) ;
#4985=ORIENTED_EDGE('',*,*,#4981,.T.) ;
#4986=ORIENTED_EDGE('',*,*,#4952,.F.) ;
#4995=ORIENTED_EDGE('',*,*,#4836,.T.) ;
#4996=ORIENTED_EDGE('',*,*,#4867,.T.) ;
#5005=ORIENTED_EDGE('',*,*,#4924,.T.) ;
#5006=ORIENTED_EDGE('',*,*,#4893,.T.) ;
#5009=ORIENTED_EDGE('',*,*,#4850,.F.) ;
#5010=ORIENTED_EDGE('',*,*,#4872,.F.) ;
#5019=ORIENTED_EDGE('',*,*,#4907,.F.) ;
#5020=ORIENTED_EDGE('',*,*,#4929,.F.) ;
#5023=ORIENTED_EDGE('',*,*,#4976,.T.) ;
#5024=ORIENTED_EDGE('',*,*,#4945,.T.) ;
#5033=ORIENTED_EDGE('',*,*,#4959,.F.) ;
#5034=ORIENTED_EDGE('',*,*,#4981,.F.) ;
#5084=ORIENTED_EDGE('',*,*,#5077,.T.) ;
#5085=ORIENTED_EDGE('',*,*,#5082,.T.) ;
#5102=ORIENTED_EDGE('',*,*,#5095,.F.) ;
#5103=ORIENTED_EDGE('',*,*,#5100,.F.) ;
#5131=ORIENTED_EDGE('',*,*,#5077,.F.) ;
#5132=ORIENTED_EDGE('',*,*,#5117,.T.) ;
#5133=ORIENTED_EDGE('',*,*,#5124,.T.) ;
#5134=ORIENTED_EDGE('',*,*,#5129,.F.) ;
#5143=ORIENTED_EDGE('',*,*,#5082,.F.) ;
#5144=ORIENTED_EDGE('',*,*,#5129,.T.) ;
#5145=ORIENTED_EDGE('',*,*,#5141,.T.) ;
#5146=ORIENTED_EDGE('',*,*,#5117,.F.) ;
#5174=ORIENTED_EDGE('',*,*,#5162,.F.) ;
#5175=ORIENTED_EDGE('',*,*,#5167,.F.) ;
#5176=ORIENTED_EDGE('',*,*,#5100,.T.) ;
#5177=ORIENTED_EDGE('',*,*,#5172,.T.) ;
#5186=ORIENTED_EDGE('',*,*,#5184,.F.) ;
#5187=ORIENTED_EDGE('',*,*,#5172,.F.) ;
#5188=ORIENTED_EDGE('',*,*,#5095,.T.) ;
#5189=ORIENTED_EDGE('',*,*,#5167,.T.) ;
#5198=ORIENTED_EDGE('',*,*,#5124,.F.) ;
#5199=ORIENTED_EDGE('',*,*,#5141,.F.) ;
#5216=ORIENTED_EDGE('',*,*,#5209,.T.) ;
#5217=ORIENTED_EDGE('',*,*,#5214,.T.) ;
#5236=ORIENTED_EDGE('',*,*,#5229,.T.) ;
#5237=ORIENTED_EDGE('',*,*,#5184,.T.) ;
#5238=ORIENTED_EDGE('',*,*,#5234,.F.) ;
#5239=ORIENTED_EDGE('',*,*,#5209,.F.) ;
#5248=ORIENTED_EDGE('',*,*,#5234,.T.) ;
#5249=ORIENTED_EDGE('',*,*,#5162,.T.) ;
#5250=ORIENTED_EDGE('',*,*,#5229,.F.) ;
#5251=ORIENTED_EDGE('',*,*,#5214,.F.) ;
#466=FACE_BOUND('',#463,.T.) ;
#928=FACE_BOUND('',#925,.T.) ;
#1043=FACE_BOUND('',#1040,.T.) ;
#1061=FACE_BOUND('',#1058,.T.) ;
#1086=FACE_BOUND('',#1083,.T.) ;
#1090=FACE_BOUND('',#1087,.T.) ;
#1710=FACE_BOUND('',#1707,.T.) ;
#1900=FACE_BOUND('',#1897,.T.) ;
#2038=FACE_BOUND('',#2035,.T.) ;
#2144=FACE_BOUND('',#2141,.T.) ;
#2245=FACE_BOUND('',#2242,.T.) ;
#2249=FACE_BOUND('',#2246,.T.) ;
#2473=FACE_BOUND('',#2470,.T.) ;
#2506=FACE_BOUND('',#2503,.T.) ;
#2577=FACE_BOUND('',#2574,.T.) ;
#2648=FACE_BOUND('',#2645,.T.) ;
#2714=FACE_BOUND('',#2711,.T.) ;
#2785=FACE_BOUND('',#2782,.T.) ;
#2876=FACE_BOUND('',#2873,.T.) ;
#3169=FACE_BOUND('',#3166,.T.) ;
#3173=FACE_BOUND('',#3170,.T.) ;
#3234=FACE_BOUND('',#3231,.T.) ;
#3238=FACE_BOUND('',#3235,.T.) ;
#3458=FACE_BOUND('',#3455,.T.) ;
#3476=FACE_BOUND('',#3473,.T.) ;
#3686=FACE_BOUND('',#3683,.T.) ;
#3690=FACE_BOUND('',#3687,.T.) ;
#4631=FACE_BOUND('',#4628,.T.) ;
#4702=FACE_BOUND('',#4699,.T.) ;
#5011=FACE_BOUND('',#5008,.T.) ;
#5025=FACE_BOUND('',#5022,.T.) ;
#5104=FACE_BOUND('',#5101,.T.) ;
#5218=FACE_BOUND('',#5215,.T.) ;
#62=CLOSED_SHELL('Closed Shell',(#94,#158,#198,#229,#276,#307,#333,#359,#385,#467,#505,#536,#548,#574,#605,#669,#695,#719,#743,#767,#791,#815,#837,#854,#874,#888,#929,#960,#996,#1008,#1014,#1062,#1091,#1123,#1134,#1156,#1163,#1195,#1206,#1228,#1235,#1267,#1278,#1300,#1307)) ;
#1334=CLOSED_SHELL('Closed Shell',(#1366,#1438,#1469,#1493,#1540,#1559,#1599,#1630,#1711,#1742,#1773,#1804,#1830,#1861,#1873,#1901,#1944,#1968,#1992,#2023,#2039,#2058,#2070,#2088,#2107,#2145,#2162,#2198,#2210,#2216,#2250,#2282,#2293,#2315,#2322)) ;
#2349=CLOSED_SHELL('Closed Shell',(#2413,#2474,#2507,#2538,#2550,#2578,#2609,#2621,#2649,#2675,#2687,#2715,#2746,#2758,#2786,#2812,#2824,#2834,#2849,#2877,#2884)) ;
#2911=CLOSED_SHELL('Closed Shell',(#2951,#2982,#3013,#3035,#3075,#3092,#3123,#3140,#3174,#3205,#3239,#3251,#3273,#3285)) ;
#3327=CLOSED_SHELL('Closed Shell',(#3367,#3384,#3415,#3477,#3489,#3520,#3544,#3568,#3585,#3625,#3642,#3664,#3671,#3691)) ;
#3718=CLOSED_SHELL('Closed Shell',(#3764,#3828,#3844,#3875,#3909,#3926,#3949,#3955,#3966,#3983,#3994)) ;
#4036=CLOSED_SHELL('Closed Shell',(#4082,#4146,#4162,#4193,#4227,#4244,#4267,#4273,#4284,#4301,#4312)) ;
#4384=CLOSED_SHELL('Closed Shell',(#4461,#4518,#4549,#4599,#4632,#4663,#4675,#4703,#4734,#4746,#4756,#4768,#4783,#4795)) ;
#4822=CLOSED_SHELL('Closed Shell',(#4862,#4879,#4919,#4936,#4971,#4988,#4998,#5012,#5026,#5036)) ;
#5063=CLOSED_SHELL('Closed Shell',(#5105,#5136,#5148,#5179,#5191,#5219,#5241,#5253)) ;
#1315=ITEM_DEFINED_TRANSFORMATION(' ',' ',#1317,#1316) ;
#2330=ITEM_DEFINED_TRANSFORMATION(' ',' ',#2332,#2331) ;
#2892=ITEM_DEFINED_TRANSFORMATION(' ',' ',#2894,#2893) ;
#3293=ITEM_DEFINED_TRANSFORMATION(' ',' ',#3295,#3294) ;
#3308=ITEM_DEFINED_TRANSFORMATION(' ',' ',#3310,#3309) ;
#3699=ITEM_DEFINED_TRANSFORMATION(' ',' ',#3701,#3700) ;
#4002=ITEM_DEFINED_TRANSFORMATION(' ',' ',#4004,#4003) ;
#4017=ITEM_DEFINED_TRANSFORMATION(' ',' ',#4019,#4018) ;
#4320=ITEM_DEFINED_TRANSFORMATION(' ',' ',#4322,#4321) ;
#4335=ITEM_DEFINED_TRANSFORMATION(' ',' ',#4337,#4336) ;
#4350=ITEM_DEFINED_TRANSFORMATION(' ',' ',#4352,#4351) ;
#4365=ITEM_DEFINED_TRANSFORMATION(' ',' ',#4367,#4366) ;
#4803=ITEM_DEFINED_TRANSFORMATION(' ',' ',#4805,#4804) ;
#5044=ITEM_DEFINED_TRANSFORMATION(' ',' ',#5046,#5045) ;
#5261=ITEM_DEFINED_TRANSFORMATION(' ',' ',#5263,#5262) ;
#5276=ITEM_DEFINED_TRANSFORMATION(' ',' ',#5278,#5277) ;
#70=VECTOR('Line Direction',#69,1.) ;
#86=VECTOR('Line Direction',#85,1.) ;
#102=VECTOR('Line Direction',#101,1.) ;
#111=VECTOR('Line Direction',#110,1.) ;
#118=VECTOR('Line Direction',#117,1.) ;
#125=VECTOR('Line Direction',#124,1.) ;
#132=VECTOR('Line Direction',#131,1.) ;
#139=VECTOR('Line Direction',#138,1.) ;
#146=VECTOR('Line Direction',#145,1.) ;
#166=VECTOR('Line Direction',#165,1.) ;
#175=VECTOR('Line Direction',#174,1.) ;
#182=VECTOR('Line Direction',#181,1.) ;
#189=VECTOR('Line Direction',#188,1.) ;
#206=VECTOR('Line Direction',#205,1.) ;
#213=VECTOR('Line Direction',#212,1.) ;
#220=VECTOR('Line Direction',#219,1.) ;
#237=VECTOR('Line Direction',#236,1.) ;
#244=VECTOR('Line Direction',#243,1.) ;
#251=VECTOR('Line Direction',#250,1.) ;
#258=VECTOR('Line Direction',#257,1.) ;
#265=VECTOR('Line Direction',#264,1.) ;
#284=VECTOR('Line Direction',#283,1.) ;
#293=VECTOR('Line Direction',#292,1.) ;
#298=VECTOR('Line Direction',#297,1.) ;
#310=VECTOR('Line Direction',#309,1.) ;
#317=VECTOR('Line Direction',#316,1.) ;
#324=VECTOR('Line Direction',#323,1.) ;
#336=VECTOR('Line Direction',#335,1.) ;
#345=VECTOR('Line Direction',#344,1.) ;
#350=VECTOR('Line Direction',#349,1.) ;
#362=VECTOR('Line Direction',#361,1.) ;
#369=VECTOR('Line Direction',#368,1.) ;
#376=VECTOR('Line Direction',#375,1.) ;
#393=VECTOR('Line Direction',#392,1.) ;
#400=VECTOR('Line Direction',#399,1.) ;
#414=VECTOR('Line Direction',#413,1.) ;
#428=VECTOR('Line Direction',#427,1.) ;
#475=VECTOR('Line Direction',#474,1.) ;
#482=VECTOR('Line Direction',#481,1.) ;
#487=VECTOR('Line Direction',#486,1.) ;
#494=VECTOR('Line Direction',#493,1.) ;
#513=VECTOR('Line Direction',#512,1.) ;
#527=VECTOR('Line Direction',#526,1.) ;
#551=VECTOR('Line Direction',#550,1.) ;
#558=VECTOR('Line Direction',#557,1.) ;
#565=VECTOR('Line Direction',#564,1.) ;
#582=VECTOR('Line Direction',#581,1.) ;
#589=VECTOR('Line Direction',#588,1.) ;
#596=VECTOR('Line Direction',#595,1.) ;
#613=VECTOR('Line Direction',#612,1.) ;
#622=VECTOR('Line Direction',#621,1.) ;
#629=VECTOR('Line Direction',#628,1.) ;
#636=VECTOR('Line Direction',#635,1.) ;
#643=VECTOR('Line Direction',#642,1.) ;
#650=VECTOR('Line Direction',#649,1.) ;
#657=VECTOR('Line Direction',#656,1.) ;
#672=VECTOR('Line Direction',#671,1.) ;
#677=VECTOR('Line Direction',#676,1.) ;
#684=VECTOR('Line Direction',#683,1.) ;
#710=VECTOR('Line Direction',#709,1.) ;
#727=VECTOR('Line Direction',#726,1.) ;
#734=VECTOR('Line Direction',#733,1.) ;
#758=VECTOR('Line Direction',#757,1.) ;
#775=VECTOR('Line Direction',#774,1.) ;
#782=VECTOR('Line Direction',#781,1.) ;
#806=VECTOR('Line Direction',#805,1.) ;
#823=VECTOR('Line Direction',#822,1.) ;
#828=VECTOR('Line Direction',#827,1.) ;
#845=VECTOR('Line Direction',#844,1.) ;
#862=VECTOR('Line Direction',#861,1.) ;
#877=VECTOR('Line Direction',#876,1.) ;
#896=VECTOR('Line Direction',#895,1.) ;
#901=VECTOR('Line Direction',#900,1.) ;
#937=VECTOR('Line Direction',#936,1.) ;
#942=VECTOR('Line Direction',#941,1.) ;
#977=VECTOR('Line Direction',#976,1.) ;
#987=VECTOR('Line Direction',#986,1.) ;
#1099=VECTOR('Line Direction',#1098,1.) ;
#1115=VECTOR('Line Direction',#1114,1.) ;
#1142=VECTOR('Line Direction',#1141,1.) ;
#1147=VECTOR('Line Direction',#1146,1.) ;
#1171=VECTOR('Line Direction',#1170,1.) ;
#1187=VECTOR('Line Direction',#1186,1.) ;
#1214=VECTOR('Line Direction',#1213,1.) ;
#1219=VECTOR('Line Direction',#1218,1.) ;
#1243=VECTOR('Line Direction',#1242,1.) ;
#1259=VECTOR('Line Direction',#1258,1.) ;
#1286=VECTOR('Line Direction',#1285,1.) ;
#1291=VECTOR('Line Direction',#1290,1.) ;
#1342=VECTOR('Line Direction',#1341,1.) ;
#1358=VECTOR('Line Direction',#1357,1.) ;
#1374=VECTOR('Line Direction',#1373,1.) ;
#1383=VECTOR('Line Direction',#1382,1.) ;
#1390=VECTOR('Line Direction',#1389,1.) ;
#1397=VECTOR('Line Direction',#1396,1.) ;
#1404=VECTOR('Line Direction',#1403,1.) ;
#1411=VECTOR('Line Direction',#1410,1.) ;
#1418=VECTOR('Line Direction',#1417,1.) ;
#1425=VECTOR('Line Direction',#1424,1.) ;
#1446=VECTOR('Line Direction',#1445,1.) ;
#1453=VECTOR('Line Direction',#1452,1.) ;
#1460=VECTOR('Line Direction',#1459,1.) ;
#1477=VECTOR('Line Direction',#1476,1.) ;
#1484=VECTOR('Line Direction',#1483,1.) ;
#1501=VECTOR('Line Direction',#1500,1.) ;
#1508=VECTOR('Line Direction',#1507,1.) ;
#1515=VECTOR('Line Direction',#1514,1.) ;
#1522=VECTOR('Line Direction',#1521,1.) ;
#1529=VECTOR('Line Direction',#1528,1.) ;
#1543=VECTOR('Line Direction',#1542,1.) ;
#1550=VECTOR('Line Direction',#1549,1.) ;
#1576=VECTOR('Line Direction',#1575,1.) ;
#1590=VECTOR('Line Direction',#1589,1.) ;
#1607=VECTOR('Line Direction',#1606,1.) ;
#1616=VECTOR('Line Direction',#1615,1.) ;
#1621=VECTOR('Line Direction',#1620,1.) ;
#1638=VECTOR('Line Direction',#1637,1.) ;
#1719=VECTOR('Line Direction',#1718,1.) ;
#1728=VECTOR('Line Direction',#1727,1.) ;
#1733=VECTOR('Line Direction',#1732,1.) ;
#1757=VECTOR('Line Direction',#1756,1.) ;
#1781=VECTOR('Line Direction',#1780,1.) ;
#1790=VECTOR('Line Direction',#1789,1.) ;
#1795=VECTOR('Line Direction',#1794,1.) ;
#1812=VECTOR('Line Direction',#1811,1.) ;
#1819=VECTOR('Line Direction',#1818,1.) ;
#1838=VECTOR('Line Direction',#1837,1.) ;
#1852=VECTOR('Line Direction',#1851,1.) ;
#1930=VECTOR('Line Direction',#1929,1.) ;
#1935=VECTOR('Line Direction',#1934,1.) ;
#2000=VECTOR('Line Direction',#1999,1.) ;
#2014=VECTOR('Line Direction',#2013,1.) ;
#2042=VECTOR('Line Direction',#2041,1.) ;
#2047=VECTOR('Line Direction',#2046,1.) ;
#2061=VECTOR('Line Direction',#2060,1.) ;
#2078=VECTOR('Line Direction',#2077,1.) ;
#2096=VECTOR('Line Direction',#2095,1.) ;
#2115=VECTOR('Line Direction',#2114,1.) ;
#2122=VECTOR('Line Direction',#2121,1.) ;
#2153=VECTOR('Line Direction',#2152,1.) ;
#2179=VECTOR('Line Direction',#2178,1.) ;
#2189=VECTOR('Line Direction',#2188,1.) ;
#2258=VECTOR('Line Direction',#2257,1.) ;
#2274=VECTOR('Line Direction',#2273,1.) ;
#2301=VECTOR('Line Direction',#2300,1.) ;
#2306=VECTOR('Line Direction',#2305,1.) ;
#2357=VECTOR('Line Direction',#2356,1.) ;
#2385=VECTOR('Line Direction',#2384,1.) ;
#2430=VECTOR('Line Direction',#2429,1.) ;
#2444=VECTOR('Line Direction',#2443,1.) ;
#2515=VECTOR('Line Direction',#2514,1.) ;
#2529=VECTOR('Line Direction',#2528,1.) ;
#2586=VECTOR('Line Direction',#2585,1.) ;
#2600=VECTOR('Line Direction',#2599,1.) ;
#2652=VECTOR('Line Direction',#2651,1.) ;
#2666=VECTOR('Line Direction',#2665,1.) ;
#2723=VECTOR('Line Direction',#2722,1.) ;
#2737=VECTOR('Line Direction',#2736,1.) ;
#2789=VECTOR('Line Direction',#2788,1.) ;
#2803=VECTOR('Line Direction',#2802,1.) ;
#2919=VECTOR('Line Direction',#2918,1.) ;
#2928=VECTOR('Line Direction',#2927,1.) ;
#2935=VECTOR('Line Direction',#2934,1.) ;
#2942=VECTOR('Line Direction',#2941,1.) ;
#2959=VECTOR('Line Direction',#2958,1.) ;
#2966=VECTOR('Line Direction',#2965,1.) ;
#2973=VECTOR('Line Direction',#2972,1.) ;
#2990=VECTOR('Line Direction',#2989,1.) ;
#2997=VECTOR('Line Direction',#2996,1.) ;
#3004=VECTOR('Line Direction',#3003,1.) ;
#3021=VECTOR('Line Direction',#3020,1.) ;
#3026=VECTOR('Line Direction',#3025,1.) ;
#3052=VECTOR('Line Direction',#3051,1.) ;
#3066=VECTOR('Line Direction',#3065,1.) ;
#3100=VECTOR('Line Direction',#3099,1.) ;
#3114=VECTOR('Line Direction',#3113,1.) ;
#3191=VECTOR('Line Direction',#3190,1.) ;
#3196=VECTOR('Line Direction',#3195,1.) ;
#3259=VECTOR('Line Direction',#3258,1.) ;
#3264=VECTOR('Line Direction',#3263,1.) ;
#3344=VECTOR('Line Direction',#3343,1.) ;
#3358=VECTOR('Line Direction',#3357,1.) ;
#3401=VECTOR('Line Direction',#3400,1.) ;
#3406=VECTOR('Line Direction',#3405,1.) ;
#3423=VECTOR('Line Direction',#3422,1.) ;
#3432=VECTOR('Line Direction',#3431,1.) ;
#3439=VECTOR('Line Direction',#3438,1.) ;
#3446=VECTOR('Line Direction',#3445,1.) ;
#3497=VECTOR('Line Direction',#3496,1.) ;
#3504=VECTOR('Line Direction',#3503,1.) ;
#3511=VECTOR('Line Direction',#3510,1.) ;
#3528=VECTOR('Line Direction',#3527,1.) ;
#3535=VECTOR('Line Direction',#3534,1.) ;
#3552=VECTOR('Line Direction',#3551,1.) ;
#3559=VECTOR('Line Direction',#3558,1.) ;
#3576=VECTOR('Line Direction',#3575,1.) ;
#3602=VECTOR('Line Direction',#3601,1.) ;
#3616=VECTOR('Line Direction',#3615,1.) ;
#3650=VECTOR('Line Direction',#3649,1.) ;
#3655=VECTOR('Line Direction',#3654,1.) ;
#3738=VECTOR('Line Direction',#3737,1.) ;
#3755=VECTOR('Line Direction',#3754,1.) ;
#3781=VECTOR('Line Direction',#3780,1.) ;
#3795=VECTOR('Line Direction',#3794,1.) ;
#3852=VECTOR('Line Direction',#3851,1.) ;
#3859=VECTOR('Line Direction',#3858,1.) ;
#3883=VECTOR('Line Direction',#3882,1.) ;
#3900=VECTOR('Line Direction',#3899,1.) ;
#3934=VECTOR('Line Direction',#3933,1.) ;
#3941=VECTOR('Line Direction',#3940,1.) ;
#4056=VECTOR('Line Direction',#4055,1.) ;
#4073=VECTOR('Line Direction',#4072,1.) ;
#4099=VECTOR('Line Direction',#4098,1.) ;
#4113=VECTOR('Line Direction',#4112,1.) ;
#4170=VECTOR('Line Direction',#4169,1.) ;
#4177=VECTOR('Line Direction',#4176,1.) ;
#4201=VECTOR('Line Direction',#4200,1.) ;
#4218=VECTOR('Line Direction',#4217,1.) ;
#4252=VECTOR('Line Direction',#4251,1.) ;
#4259=VECTOR('Line Direction',#4258,1.) ;
#4392=VECTOR('Line Direction',#4391,1.) ;
#4526=VECTOR('Line Direction',#4525,1.) ;
#4533=VECTOR('Line Direction',#4532,1.) ;
#4557=VECTOR('Line Direction',#4556,1.) ;
#4640=VECTOR('Line Direction',#4639,1.) ;
#4647=VECTOR('Line Direction',#4646,1.) ;
#4711=VECTOR('Line Direction',#4710,1.) ;
#4718=VECTOR('Line Direction',#4717,1.) ;
#4839=VECTOR('Line Direction',#4838,1.) ;
#4853=VECTOR('Line Direction',#4852,1.) ;
#4896=VECTOR('Line Direction',#4895,1.) ;
#4910=VECTOR('Line Direction',#4909,1.) ;
#4948=VECTOR('Line Direction',#4947,1.) ;
#4962=VECTOR('Line Direction',#4961,1.) ;
#5165=VECTOR('Line Direction',#5164,1.) ;
#5170=VECTOR('Line Direction',#5169,1.) ;
#5227=VECTOR('Line Direction',#5226,1.) ;
#5232=VECTOR('Line Direction',#5231,1.) ;
#1309=ADVANCED_BREP_SHAPE_REPRESENTATION('NONE',(#1308),#53) ;
#2324=ADVANCED_BREP_SHAPE_REPRESENTATION('NONE',(#2323),#1325) ;
#2886=ADVANCED_BREP_SHAPE_REPRESENTATION('NONE',(#2885),#2340) ;
#3287=ADVANCED_BREP_SHAPE_REPRESENTATION('NONE',(#3286),#2902) ;
#3693=ADVANCED_BREP_SHAPE_REPRESENTATION('NONE',(#3692),#3318) ;
#3996=ADVANCED_BREP_SHAPE_REPRESENTATION('NONE',(#3995),#3709) ;
#4314=ADVANCED_BREP_SHAPE_REPRESENTATION('NONE',(#4313),#4027) ;
#4797=ADVANCED_BREP_SHAPE_REPRESENTATION('NONE',(#4796),#4375) ;
#5038=ADVANCED_BREP_SHAPE_REPRESENTATION('NONE',(#5037),#4813) ;
#5255=ADVANCED_BREP_SHAPE_REPRESENTATION('NONE',(#5254),#5054) ;
#44=SHAPE_REPRESENTATION(' ',(#1316,#2331,#2893,#3294,#3309,#3700,#4003,#4018,#4321,#4336,#4351,#4366,#4804,#5045,#5262,#5277),#51) ;
#54=SHAPE_REPRESENTATION(' ',(#1317),#53) ;
#1326=SHAPE_REPRESENTATION(' ',(#2332),#1325) ;
#2341=SHAPE_REPRESENTATION(' ',(#2894),#2340) ;
#2903=SHAPE_REPRESENTATION(' ',(#3295,#3310),#2902) ;
#3319=SHAPE_REPRESENTATION(' ',(#3701),#3318) ;
#3710=SHAPE_REPRESENTATION(' ',(#4004,#4019),#3709) ;
#4028=SHAPE_REPRESENTATION(' ',(#4322,#4337,#4352,#4367),#4027) ;
#4376=SHAPE_REPRESENTATION(' ',(#4805),#4375) ;
#4814=SHAPE_REPRESENTATION(' ',(#5046),#4813) ;
#5055=SHAPE_REPRESENTATION(' ',(#5263,#5278),#5054) ;
#94=ADVANCED_FACE('Corps principal',(#93),#67,.F.) ;
#158=ADVANCED_FACE('Corps principal',(#157),#99,.F.) ;
#198=ADVANCED_FACE('Corps principal',(#197),#163,.F.) ;
#229=ADVANCED_FACE('Corps principal',(#228),#203,.F.) ;
#276=ADVANCED_FACE('Corps principal',(#275),#234,.F.) ;
#307=ADVANCED_FACE('Corps principal',(#306),#281,.F.) ;
#333=ADVANCED_FACE('Corps principal',(#332),#281,.F.) ;
#359=ADVANCED_FACE('Corps principal',(#358),#281,.F.) ;
#385=ADVANCED_FACE('Corps principal',(#384),#281,.F.) ;
#467=ADVANCED_FACE('Corps principal',(#448,#466),#390,.F.) ;
#505=ADVANCED_FACE('Corps principal',(#504),#472,.F.) ;
#536=ADVANCED_FACE('Corps principal',(#535),#510,.F.) ;
#548=ADVANCED_FACE('Corps principal',(#547),#510,.F.) ;
#574=ADVANCED_FACE('Corps principal',(#573),#203,.F.) ;
#605=ADVANCED_FACE('Corps principal',(#604),#579,.F.) ;
#669=ADVANCED_FACE('Corps principal',(#668),#610,.T.) ;
#695=ADVANCED_FACE('Corps principal',(#694),#281,.T.) ;
#719=ADVANCED_FACE('Corps principal',(#718),#700,.F.) ;
#743=ADVANCED_FACE('Corps principal',(#742),#724,.T.) ;
#767=ADVANCED_FACE('Corps principal',(#766),#748,.T.) ;
#791=ADVANCED_FACE('Corps principal',(#790),#772,.T.) ;
#815=ADVANCED_FACE('Corps principal',(#814),#796,.F.) ;
#837=ADVANCED_FACE('Corps principal',(#836),#820,.T.) ;
#854=ADVANCED_FACE('Corps principal',(#853),#842,.F.) ;
#874=ADVANCED_FACE('Corps principal',(#873),#859,.F.) ;
#888=ADVANCED_FACE('Corps principal',(#887),#281,.T.) ;
#929=ADVANCED_FACE('Corps principal',(#924,#928),#893,.T.) ;
#960=ADVANCED_FACE('Corps principal',(#959),#934,.T.) ;
#996=ADVANCED_FACE('Corps principal',(#995),#965,.F.) ;
#1008=ADVANCED_FACE('Corps principal',(#1007),#965,.F.) ;
#1014=ADVANCED_FACE('Corps principal',(#1013),#67,.F.) ;
#1062=ADVANCED_FACE('Corps principal',(#1025,#1043,#1061),#1019,.T.) ;
#1091=ADVANCED_FACE('Corps principal',(#1068,#1086,#1090),#1019,.T.) ;
#1123=ADVANCED_FACE('Corps principal',(#1122),#1096,.F.) ;
#1134=ADVANCED_FACE('Corps principal',(#1133),#1096,.F.) ;
#1156=ADVANCED_FACE('Corps principal',(#1155),#1139,.F.) ;
#1163=ADVANCED_FACE('Corps principal',(#1162),#1139,.F.) ;
#1195=ADVANCED_FACE('Corps principal',(#1194),#1168,.F.) ;
#1206=ADVANCED_FACE('Corps principal',(#1205),#1168,.F.) ;
#1228=ADVANCED_FACE('Corps principal',(#1227),#1211,.F.) ;
#1235=ADVANCED_FACE('Corps principal',(#1234),#1211,.F.) ;
#1267=ADVANCED_FACE('Corps principal',(#1266),#1240,.F.) ;
#1278=ADVANCED_FACE('Corps principal',(#1277),#1240,.F.) ;
#1300=ADVANCED_FACE('Corps principal',(#1299),#1283,.F.) ;
#1307=ADVANCED_FACE('Corps principal',(#1306),#1283,.F.) ;
#1366=ADVANCED_FACE('Corps principal',(#1365),#1339,.F.) ;
#1438=ADVANCED_FACE('Corps principal',(#1437),#1371,.T.) ;
#1469=ADVANCED_FACE('Corps principal',(#1468),#1443,.T.) ;
#1493=ADVANCED_FACE('Corps principal',(#1492),#1474,.T.) ;
#1540=ADVANCED_FACE('Corps principal',(#1539),#1498,.F.) ;
#1559=ADVANCED_FACE('Corps principal',(#1558),#1474,.T.) ;
#1599=ADVANCED_FACE('Corps principal',(#1598),#1564,.F.) ;
#1630=ADVANCED_FACE('Corps principal',(#1629),#1604,.T.) ;
#1711=ADVANCED_FACE('Corps principal',(#1668,#1710),#1635,.T.) ;
#1742=ADVANCED_FACE('Corps principal',(#1741),#1716,.T.) ;
#1773=ADVANCED_FACE('Corps principal',(#1772),#1747,.F.) ;
#1804=ADVANCED_FACE('Corps principal',(#1803),#1778,.T.) ;
#1830=ADVANCED_FACE('Corps principal',(#1829),#1809,.T.) ;
#1861=ADVANCED_FACE('Corps principal',(#1860),#1835,.F.) ;
#1873=ADVANCED_FACE('Corps principal',(#1872),#1835,.F.) ;
#1901=ADVANCED_FACE('Corps principal',(#1882,#1900),#1878,.F.) ;
#1944=ADVANCED_FACE('Corps principal',(#1943),#1906,.F.) ;
#1968=ADVANCED_FACE('Corps principal',(#1967),#1906,.F.) ;
#1992=ADVANCED_FACE('Corps principal',(#1991),#1973,.T.) ;
#2023=ADVANCED_FACE('Corps principal',(#2022),#1997,.F.) ;
#2039=ADVANCED_FACE('Corps principal',(#2034,#2038),#1997,.F.) ;
#2058=ADVANCED_FACE('Corps principal',(#2057),#1809,.T.) ;
#2070=ADVANCED_FACE('Corps principal',(#2069),#1778,.T.) ;
#2088=ADVANCED_FACE('Corps principal',(#2087),#2075,.T.) ;
#2107=ADVANCED_FACE('Corps principal',(#2106),#2093,.T.) ;
#2145=ADVANCED_FACE('Corps principal',(#2140,#2144),#2112,.T.) ;
#2162=ADVANCED_FACE('Corps principal',(#2161),#2150,.T.) ;
#2198=ADVANCED_FACE('Corps principal',(#2197),#2167,.F.) ;
#2210=ADVANCED_FACE('Corps principal',(#2209),#2167,.F.) ;
#2216=ADVANCED_FACE('Corps principal',(#2215),#1339,.F.) ;
#2250=ADVANCED_FACE('Corps principal',(#2227,#2245,#2249),#2221,.T.) ;
#2282=ADVANCED_FACE('Corps principal',(#2281),#2255,.F.) ;
#2293=ADVANCED_FACE('Corps principal',(#2292),#2255,.F.) ;
#2315=ADVANCED_FACE('Corps principal',(#2314),#2298,.F.) ;
#2322=ADVANCED_FACE('Corps principal',(#2321),#2298,.F.) ;
#2413=ADVANCED_FACE('Corps principal',(#2412),#2354,.F.) ;
#2474=ADVANCED_FACE('Corps principal',(#2452,#2473),#2418,.T.) ;
#2507=ADVANCED_FACE('Corps principal',(#2488,#2506),#2479,.F.) ;
#2538=ADVANCED_FACE('Corps principal',(#2537),#2512,.T.) ;
#2550=ADVANCED_FACE('Corps principal',(#2549),#2512,.T.) ;
#2578=ADVANCED_FACE('Corps principal',(#2573,#2577),#2555,.T.) ;
#2609=ADVANCED_FACE('Corps principal',(#2608),#2583,.T.) ;
#2621=ADVANCED_FACE('Corps principal',(#2620),#2583,.T.) ;
#2649=ADVANCED_FACE('Corps principal',(#2630,#2648),#2626,.F.) ;
#2675=ADVANCED_FACE('Corps principal',(#2674),#2512,.T.) ;
#2687=ADVANCED_FACE('Corps principal',(#2686),#2512,.T.) ;
#2715=ADVANCED_FACE('Corps principal',(#2696,#2714),#2692,.F.) ;
#2746=ADVANCED_FACE('Corps principal',(#2745),#2720,.T.) ;
#2758=ADVANCED_FACE('Corps principal',(#2757),#2720,.T.) ;
#2786=ADVANCED_FACE('Corps principal',(#2781,#2785),#2763,.T.) ;
#2812=ADVANCED_FACE('Corps principal',(#2811),#2512,.T.) ;
#2824=ADVANCED_FACE('Corps principal',(#2823),#2512,.T.) ;
#2834=ADVANCED_FACE('Corps principal',(#2833),#2829,.F.) ;
#2849=ADVANCED_FACE('Corps principal',(#2848),#2839,.T.) ;
#2877=ADVANCED_FACE('Corps principal',(#2855,#2876),#2418,.T.) ;
#2884=ADVANCED_FACE('Corps principal',(#2883),#2354,.F.) ;
#2951=ADVANCED_FACE('Corps principal',(#2950),#2916,.F.) ;
#2982=ADVANCED_FACE('Corps principal',(#2981),#2956,.F.) ;
#3013=ADVANCED_FACE('Corps principal',(#3012),#2987,.F.) ;
#3035=ADVANCED_FACE('Corps principal',(#3034),#3018,.F.) ;
#3075=ADVANCED_FACE('Corps principal',(#3074),#3040,.F.) ;
#3092=ADVANCED_FACE('Corps principal',(#3091),#3040,.F.) ;
#3123=ADVANCED_FACE('Corps principal',(#3122),#3097,.F.) ;
#3140=ADVANCED_FACE('Corps principal',(#3139),#3128,.F.) ;
#3174=ADVANCED_FACE('Corps principal',(#3151,#3169,#3173),#3145,.F.) ;
#3205=ADVANCED_FACE('Corps principal',(#3204),#3179,.F.) ;
#3239=ADVANCED_FACE('Corps principal',(#3216,#3234,#3238),#3210,.T.) ;
#3251=ADVANCED_FACE('Corps principal',(#3250),#3179,.F.) ;
#3273=ADVANCED_FACE('Corps principal',(#3272),#3256,.F.) ;
#3285=ADVANCED_FACE('Corps principal',(#3284),#3278,.F.) ;
#3367=ADVANCED_FACE('Corps principal',(#3366),#3332,.F.) ;
#3384=ADVANCED_FACE('Corps principal',(#3383),#3332,.F.) ;
#3415=ADVANCED_FACE('Corps principal',(#3414),#3389,.F.) ;
#3477=ADVANCED_FACE('Corps principal',(#3454,#3458,#3476),#3420,.T.) ;
#3489=ADVANCED_FACE('Corps principal',(#3488),#3389,.F.) ;
#3520=ADVANCED_FACE('Corps principal',(#3519),#3494,.F.) ;
#3544=ADVANCED_FACE('Corps principal',(#3543),#3525,.F.) ;
#3568=ADVANCED_FACE('Corps principal',(#3567),#3549,.F.) ;
#3585=ADVANCED_FACE('Corps principal',(#3584),#3573,.F.) ;
#3625=ADVANCED_FACE('Corps principal',(#3624),#3590,.F.) ;
#3642=ADVANCED_FACE('Corps principal',(#3641),#3590,.F.) ;
#3664=ADVANCED_FACE('Corps principal',(#3663),#3647,.F.) ;
#3671=ADVANCED_FACE('Corps principal',(#3670),#3647,.F.) ;
#3691=ADVANCED_FACE('Corps principal',(#3682,#3686,#3690),#3676,.F.) ;
#3764=ADVANCED_FACE('Corps principal',(#3763),#3723,.T.) ;
#3828=ADVANCED_FACE('Corps principal',(#3827),#3769,.T.) ;
#3844=ADVANCED_FACE('Corps principal',(#3843),#3833,.T.) ;
#3875=ADVANCED_FACE('Corps principal',(#3874),#3849,.T.) ;
#3909=ADVANCED_FACE('Corps principal',(#3908),#3880,.T.) ;
#3926=ADVANCED_FACE('Corps principal',(#3925),#3849,.T.) ;
#3949=ADVANCED_FACE('Corps principal',(#3948),#3931,.T.) ;
#3955=ADVANCED_FACE('Corps principal',(#3954),#3931,.T.) ;
#3966=ADVANCED_FACE('Corps principal',(#3965),#3833,.T.) ;
#3983=ADVANCED_FACE('Corps principal',(#3982),#3971,.F.) ;
#3994=ADVANCED_FACE('Corps principal',(#3993),#3769,.T.) ;
#4082=ADVANCED_FACE('Corps principal',(#4081),#4041,.T.) ;
#4146=ADVANCED_FACE('Corps principal',(#4145),#4087,.T.) ;
#4162=ADVANCED_FACE('Corps principal',(#4161),#4151,.T.) ;
#4193=ADVANCED_FACE('Corps principal',(#4192),#4167,.T.) ;
#4227=ADVANCED_FACE('Corps principal',(#4226),#4198,.T.) ;
#4244=ADVANCED_FACE('Corps principal',(#4243),#4167,.T.) ;
#4267=ADVANCED_FACE('Corps principal',(#4266),#4249,.T.) ;
#4273=ADVANCED_FACE('Corps principal',(#4272),#4249,.T.) ;
#4284=ADVANCED_FACE('Corps principal',(#4283),#4151,.T.) ;
#4301=ADVANCED_FACE('Corps principal',(#4300),#4289,.F.) ;
#4312=ADVANCED_FACE('Corps principal',(#4311),#4087,.T.) ;
#4461=ADVANCED_FACE('Corps principal',(#4460),#4389,.T.) ;
#4518=ADVANCED_FACE('Corps principal',(#4517),#4466,.T.) ;
#4549=ADVANCED_FACE('Corps principal',(#4548),#4523,.T.) ;
#4599=ADVANCED_FACE('Corps principal',(#4598),#4554,.T.) ;
#4632=ADVANCED_FACE('Corps principal',(#4613,#4631),#4604,.F.) ;
#4663=ADVANCED_FACE('Corps principal',(#4662),#4637,.T.) ;
#4675=ADVANCED_FACE('Corps principal',(#4674),#4637,.T.) ;
#4703=ADVANCED_FACE('Corps principal',(#4684,#4702),#4680,.F.) ;
#4734=ADVANCED_FACE('Corps principal',(#4733),#4708,.T.) ;
#4746=ADVANCED_FACE('Corps principal',(#4745),#4708,.T.) ;
#4756=ADVANCED_FACE('Corps principal',(#4755),#4751,.F.) ;
#4768=ADVANCED_FACE('Corps principal',(#4767),#4523,.T.) ;
#4783=ADVANCED_FACE('Corps principal',(#4782),#4466,.T.) ;
#4795=ADVANCED_FACE('Corps principal',(#4794),#4788,.F.) ;
#4862=ADVANCED_FACE('Corps principal',(#4861),#4827,.T.) ;
#4879=ADVANCED_FACE('Corps principal',(#4878),#4827,.T.) ;
#4919=ADVANCED_FACE('Corps principal',(#4918),#4884,.T.) ;
#4936=ADVANCED_FACE('Corps principal',(#4935),#4884,.T.) ;
#4971=ADVANCED_FACE('Corps principal',(#4970),#4827,.T.) ;
#4988=ADVANCED_FACE('Corps principal',(#4987),#4827,.T.) ;
#4998=ADVANCED_FACE('Corps principal',(#4997),#4993,.T.) ;
#5012=ADVANCED_FACE('Corps principal',(#5007,#5011),#5003,.T.) ;
#5026=ADVANCED_FACE('Corps principal',(#5021,#5025),#5017,.F.) ;
#5036=ADVANCED_FACE('Corps principal',(#5035),#5031,.F.) ;
#5105=ADVANCED_FACE('Corps principal',(#5086,#5104),#5068,.T.) ;
#5136=ADVANCED_FACE('Corps principal',(#5135),#5110,.T.) ;
#5148=ADVANCED_FACE('Corps principal',(#5147),#5110,.T.) ;
#5179=ADVANCED_FACE('Corps principal',(#5178),#5153,.F.) ;
#5191=ADVANCED_FACE('Corps principal',(#5190),#5153,.F.) ;
#5219=ADVANCED_FACE('Corps principal',(#5200,#5218),#5196,.F.) ;
#5241=ADVANCED_FACE('Corps principal',(#5240),#5224,.F.) ;
#5253=ADVANCED_FACE('Corps principal',(#5252),#5246,.F.) ;
#4=APPLICATION_PROTOCOL_DEFINITION('international standard','config_control_design',1994,#1) ;
#35=APPROVAL_DATE_TIME(#13,#24) ;
#1669=B_SPLINE_CURVE_WITH_KNOTS('',5,(#1670,#1671,#1672,#1673,#1674,#1675,#1676,#1677,#1678,#1679,#1680,#1681,#1682,#1683,#1684),.UNSPECIFIED.,.F.,.U.,(6,3,3,3,6),(0.,4.19347521393,9.85582925701,16.1319528486,22.3551332047),.UNSPECIFIED.) ;
#1690=B_SPLINE_CURVE_WITH_KNOTS('',5,(#1691,#1692,#1693,#1694,#1695,#1696,#1697,#1698,#1699,#1700,#1701,#1702,#1703,#1704,#1705),.UNSPECIFIED.,.F.,.U.,(6,3,3,3,6),(0.,4.19347521375,9.85582925672,16.1319528483,22.3551332044),.UNSPECIFIED.) ;
#1907=B_SPLINE_CURVE_WITH_KNOTS('',5,(#1908,#1909,#1910,#1911,#1912,#1913,#1914,#1915,#1916,#1917,#1918,#1919,#1920,#1921,#1922),.UNSPECIFIED.,.F.,.U.,(6,3,3,3,6),(0.,3.72110904698,6.4376363699,10.1448222065,13.5637321883),.UNSPECIFIED.) ;
#1945=B_SPLINE_CURVE_WITH_KNOTS('',5,(#1946,#1947,#1948,#1949,#1950,#1951,#1952,#1953,#1954,#1955,#1956,#1957,#1958,#1959,#1960),.UNSPECIFIED.,.F.,.U.,(6,3,3,3,6),(0.,3.72110904695,6.43763636989,10.1448222066,13.5637321884),.UNSPECIFIED.) ;
#2364=B_SPLINE_CURVE_WITH_KNOTS('',5,(#2365,#2366,#2367,#2368,#2369,#2370,#2371,#2372,#2373,#2374,#2375,#2376,#2377,#2378,#2379),.UNSPECIFIED.,.F.,.U.,(6,3,3,3,6),(0.,4.01093083513,7.20043967518,10.755420985,13.4253696847),.UNSPECIFIED.) ;
#2390=B_SPLINE_CURVE_WITH_KNOTS('',5,(#2391,#2392,#2393,#2394,#2395,#2396,#2397,#2398,#2399,#2400,#2401,#2402,#2403,#2404,#2405),.UNSPECIFIED.,.F.,.U.,(6,3,3,3,6),(0.,4.01093083497,7.20043967508,10.7554209851,13.4253696847),.UNSPECIFIED.) ;
#2453=B_SPLINE_CURVE_WITH_KNOTS('',5,(#2454,#2455,#2456,#2457,#2458,#2459,#2460,#2461,#2462,#2463,#2464,#2465,#2466,#2467,#2468),.UNSPECIFIED.,.F.,.U.,(6,3,3,3,6),(0.,4.01093083508,7.20043967503,10.7554209852,13.4253696849),.UNSPECIFIED.) ;
#2856=B_SPLINE_CURVE_WITH_KNOTS('',5,(#2857,#2858,#2859,#2860,#2861,#2862,#2863,#2864,#2865,#2866,#2867,#2868,#2869,#2870,#2871),.UNSPECIFIED.,.F.,.U.,(6,3,3,3,6),(0.,4.01093083525,7.20043967509,10.7554209851,13.4253696847),.UNSPECIFIED.) ;
#3724=B_SPLINE_CURVE_WITH_KNOTS('',5,(#3725,#3726,#3727,#3728,#3729,#3730),.UNSPECIFIED.,.F.,.U.,(6,6),(0.,2.01170316235),.UNSPECIFIED.) ;
#3743=B_SPLINE_CURVE_WITH_KNOTS('',5,(#3744,#3745,#3746,#3747,#3748,#3749),.UNSPECIFIED.,.F.,.U.,(6,6),(0.,2.01170316235),.UNSPECIFIED.) ;
#3812=B_SPLINE_CURVE_WITH_KNOTS('',3,(#3813,#3814,#3815,#3816),.UNSPECIFIED.,.F.,.U.,(4,4),(0.,2.01170316235),.UNSPECIFIED.) ;
#3888=B_SPLINE_CURVE_WITH_KNOTS('',5,(#3889,#3890,#3891,#3892,#3893,#3894),.UNSPECIFIED.,.F.,.U.,(6,6),(0.,2.01170316235),.UNSPECIFIED.) ;
#4042=B_SPLINE_CURVE_WITH_KNOTS('',5,(#4043,#4044,#4045,#4046,#4047,#4048),.UNSPECIFIED.,.F.,.U.,(6,6),(0.,3.46848705603),.UNSPECIFIED.) ;
#4061=B_SPLINE_CURVE_WITH_KNOTS('',5,(#4062,#4063,#4064,#4065,#4066,#4067),.UNSPECIFIED.,.F.,.U.,(6,6),(0.,3.46848705586),.UNSPECIFIED.) ;
#4130=B_SPLINE_CURVE_WITH_KNOTS('',3,(#4131,#4132,#4133,#4134),.UNSPECIFIED.,.F.,.U.,(4,4),(0.,3.46848705578),.UNSPECIFIED.) ;
#4206=B_SPLINE_CURVE_WITH_KNOTS('',5,(#4207,#4208,#4209,#4210,#4211,#4212),.UNSPECIFIED.,.F.,.U.,(6,6),(0.,3.46848705592),.UNSPECIFIED.) ;
#4399=B_SPLINE_CURVE_WITH_KNOTS('',5,(#4400,#4401,#4402,#4403,#4404,#4405,#4406,#4407,#4408,#4409,#4410,#4411,#4412,#4413,#4414,#4415,#4416,#4417,#4418,#4419,#4420,#4421,#4422,#4423,#4424,#4425,#4426,#4427,#4428,#4429),.UNSPECIFIED.,.F.,.U.,(6,3,3,3,3,3,3,3,3,6),(0.,2.16029571397,3.31184726147,5.00144619388,6.01641915078,7.1059818576,8.4218836166,10.1289043783,12.0478794326,14.5602210734),.UNSPECIFIED.) ;
#4433=B_SPLINE_CURVE_WITH_KNOTS('',5,(#4434,#4435,#4436,#4437,#4438,#4439,#4440,#4441,#4442,#4443,#4444,#4445,#4446,#4447,#4448,#4449,#4450,#4451,#4452,#4453,#4454),.UNSPECIFIED.,.F.,.U.,(6,3,3,3,3,3,6),(0.,2.16029571397,3.31184726146,5.00144619378,6.01641915068,7.10598185749,8.45052162444),.UNSPECIFIED.) ;
#4488=B_SPLINE_CURVE_WITH_KNOTS('',3,(#4489,#4490,#4491,#4492),.UNSPECIFIED.,.F.,.U.,(4,4),(0.,3.37517969737),.UNSPECIFIED.) ;
#4496=B_SPLINE_CURVE_WITH_KNOTS('',5,(#4497,#4498,#4499,#4500,#4501,#4502,#4503,#4504,#4505,#4506,#4507,#4508),.UNSPECIFIED.,.F.,.U.,(6,3,3,6),(0.,2.16029571397,5.00144619373,8.4505216244),.UNSPECIFIED.) ;
#4562=B_SPLINE_CURVE_WITH_KNOTS('',5,(#4563,#4564,#4565,#4566,#4567,#4568,#4569,#4570,#4571,#4572,#4573,#4574,#4575,#4576,#4577,#4578,#4579,#4580,#4581,#4582,#4583,#4584,#4585,#4586,#4587,#4588,#4589,#4590,#4591,#4592),.UNSPECIFIED.,.F.,.U.,(6,3,3,3,3,3,3,3,3,6),(0.,2.16029571397,3.31184726146,5.00144619371,6.0164191506,7.10598185742,8.42188361642,10.1289043781,12.0478794325,14.5602210732),.UNSPECIFIED.) ;
#4769=B_SPLINE_CURVE_WITH_KNOTS('',3,(#4770,#4771,#4772,#4773),.UNSPECIFIED.,.F.,.U.,(4,4),(0.,3.37517969742),.UNSPECIFIED.) ;
#1308=MANIFOLD_SOLID_BREP('Corps principal',#62) ;
#2323=MANIFOLD_SOLID_BREP('Corps principal',#1334) ;
#2885=MANIFOLD_SOLID_BREP('Corps principal',#2349) ;
#3286=MANIFOLD_SOLID_BREP('Corps principal',#2911) ;
#3692=MANIFOLD_SOLID_BREP('Corps principal',#3327) ;
#3995=MANIFOLD_SOLID_BREP('Corps principal',#3718) ;
#4313=MANIFOLD_SOLID_BREP('Corps principal',#4036) ;
#4796=MANIFOLD_SOLID_BREP('Corps principal',#4384) ;
#5037=MANIFOLD_SOLID_BREP('Corps principal',#4822) ;
#5254=MANIFOLD_SOLID_BREP('Corps principal',#5063) ;
#11=CALENDAR_DATE(2026,16,9) ;
#33=CC_DESIGN_APPROVAL(#24,(#19,#6,#17)) ;
#21=CC_DESIGN_DATE_AND_TIME_ASSIGNMENT(#13,#20,(#19)) ;
#32=CC_DESIGN_DATE_AND_TIME_ASSIGNMENT(#13,#31,(#17)) ;
#20=DATE_TIME_ROLE('classification_date') ;
#31=DATE_TIME_ROLE('creation_date') ;
#30=CC_DESIGN_PERSON_AND_ORGANIZATION_ASSIGNMENT(#28,#29,(#19)) ;
#36=CC_DESIGN_PERSON_AND_ORGANIZATION_ASSIGNMENT(#28,#37,(#6)) ;
#38=CC_DESIGN_PERSON_AND_ORGANIZATION_ASSIGNMENT(#28,#39,(#6,#17)) ;
#40=CC_DESIGN_PERSON_AND_ORGANIZATION_ASSIGNMENT(#28,#41,(#5)) ;
#29=PERSON_AND_ORGANIZATION_ROLE('classification_officer') ;
#37=PERSON_AND_ORGANIZATION_ROLE('design_supplier') ;
#39=PERSON_AND_ORGANIZATION_ROLE('creator') ;
#41=PERSON_AND_ORGANIZATION_ROLE('design_owner') ;
#42=CC_DESIGN_SECURITY_CLASSIFICATION(#19,(#6,#1311,#2326,#2888,#3289,#3304,#3695,#3998,#4013,#4316,#4331,#4346,#4361,#4799,#5040,#5257,#5272)) ;
#60=DOCUMENT('1','Base.CATPart','CATPart document',#59) ;
#1332=DOCUMENT('2','Vice Jaw.CATPart','CATPart document',#1331) ;
#2347=DOCUMENT('3','Jaw Screw.CATPart','CATPart document',#2346) ;
#2909=DOCUMENT('4','Base Plate.CATPart','CATPart document',#2908) ;
#3325=DOCUMENT('5','Clamping Plate.CATPart','CATPart document',#3324) ;
#3716=DOCUMENT('6','Set Screw1.CATPart','CATPart document',#3715) ;
#4034=DOCUMENT('7','SetScrew2.CATPart','CATPart document',#4033) ;
#4382=DOCUMENT('8','Oval Fillister.CATPart','CATPart document',#4381) ;
#4820=DOCUMENT('9','Screw Bar.CATPart','CATPart document',#4819) ;
#5061=DOCUMENT('10','Bar glopes.CATPart','CATPart document',#5060) ;
#59=DOCUMENT_TYPE('') ;
#1331=DOCUMENT_TYPE('') ;
#2346=DOCUMENT_TYPE('') ;
#2908=DOCUMENT_TYPE('') ;
#3324=DOCUMENT_TYPE('') ;
#3715=DOCUMENT_TYPE('') ;
#4033=DOCUMENT_TYPE('') ;
#4381=DOCUMENT_TYPE('') ;
#4819=DOCUMENT_TYPE('') ;
#5060=DOCUMENT_TYPE('') ;
#80=CIRCLE('generated circle',#79,3.) ;
#408=CIRCLE('generated circle',#407,3.) ;
#422=CIRCLE('generated circle',#421,16.) ;
#436=CIRCLE('generated circle',#435,3.) ;
#452=CIRCLE('generated circle',#451,8.) ;
#461=CIRCLE('generated circle',#460,8.) ;
#521=CIRCLE('generated circle',#520,8.) ;
#540=CIRCLE('generated circle',#539,8.) ;
#704=CIRCLE('generated circle',#703,3.) ;
#752=CIRCLE('generated circle',#751,16.) ;
#800=CIRCLE('generated circle',#799,3.) ;
#969=CIRCLE('generated circle',#968,3.) ;
#983=CIRCLE('generated circle',#982,3.) ;
#1000=CIRCLE('generated circle',#999,3.) ;
#1029=CIRCLE('generated circle',#1028,3.) ;
#1038=CIRCLE('generated circle',#1037,3.) ;
#1047=CIRCLE('generated circle',#1046,3.) ;
#1056=CIRCLE('generated circle',#1055,3.) ;
#1072=CIRCLE('generated circle',#1071,3.) ;
#1081=CIRCLE('generated circle',#1080,3.) ;
#1109=CIRCLE('generated circle',#1108,3.) ;
#1127=CIRCLE('generated circle',#1126,3.) ;
#1181=CIRCLE('generated circle',#1180,3.) ;
#1199=CIRCLE('generated circle',#1198,3.) ;
#1253=CIRCLE('generated circle',#1252,3.) ;
#1271=CIRCLE('generated circle',#1270,3.) ;
#1352=CIRCLE('generated circle',#1351,3.) ;
#1568=CIRCLE('generated circle',#1567,3.) ;
#1584=CIRCLE('generated circle',#1583,3.) ;
#1648=CIRCLE('generated circle',#1647,16.) ;
#1653=CIRCLE('generated circle',#1652,16.) ;
#1660=CIRCLE('generated circle',#1659,16.) ;
#1751=CIRCLE('generated circle',#1750,3.) ;
#1765=CIRCLE('generated circle',#1764,3.) ;
#1846=CIRCLE('generated circle',#1845,5.) ;
#1865=CIRCLE('generated circle',#1864,5.) ;
#1886=CIRCLE('generated circle',#1885,3.) ;
#1895=CIRCLE('generated circle',#1894,3.) ;
#1977=CIRCLE('generated circle',#1976,6.) ;
#1986=CIRCLE('generated circle',#1985,6.) ;
#2008=CIRCLE('generated circle',#2007,6.) ;
#2027=CIRCLE('generated circle',#2026,6.) ;
#2171=CIRCLE('generated circle',#2170,3.) ;
#2185=CIRCLE('generated circle',#2184,3.) ;
#2202=CIRCLE('generated circle',#2201,3.) ;
#2231=CIRCLE('generated circle',#2230,3.) ;
#2240=CIRCLE('generated circle',#2239,3.) ;
#2268=CIRCLE('generated circle',#2267,3.) ;
#2286=CIRCLE('generated circle',#2285,3.) ;
#2422=CIRCLE('generated circle',#2421,9.) ;
#2438=CIRCLE('generated circle',#2437,9.) ;
#2483=CIRCLE('generated circle',#2482,9.) ;
#2492=CIRCLE('generated circle',#2491,6.) ;
#2501=CIRCLE('generated circle',#2500,6.) ;
#2523=CIRCLE('generated circle',#2522,6.) ;
#2542=CIRCLE('generated circle',#2541,6.) ;
#2559=CIRCLE('generated circle',#2558,8.) ;
#2568=CIRCLE('generated circle',#2567,8.) ;
#2594=CIRCLE('generated circle',#2593,8.) ;
#2613=CIRCLE('generated circle',#2612,8.) ;
#2634=CIRCLE('generated circle',#2633,6.) ;
#2643=CIRCLE('generated circle',#2642,6.) ;
#2660=CIRCLE('generated circle',#2659,6.) ;
#2679=CIRCLE('generated circle',#2678,6.) ;
#2700=CIRCLE('generated circle',#2699,4.) ;
#2709=CIRCLE('generated circle',#2708,4.) ;
#2731=CIRCLE('generated circle',#2730,4.) ;
#2750=CIRCLE('generated circle',#2749,4.) ;
#2767=CIRCLE('generated circle',#2766,6.) ;
#2776=CIRCLE('generated circle',#2775,6.) ;
#2797=CIRCLE('generated circle',#2796,6.) ;
#2816=CIRCLE('generated circle',#2815,6.) ;
#2843=CIRCLE('generated circle',#2842,9.) ;
#3044=CIRCLE('generated circle',#3043,3.5) ;
#3060=CIRCLE('generated circle',#3059,3.5) ;
#3079=CIRCLE('generated circle',#3078,3.5) ;
#3084=CIRCLE('generated circle',#3083,3.5) ;
#3108=CIRCLE('generated circle',#3107,6.5) ;
#3132=CIRCLE('generated circle',#3131,6.5) ;
#3155=CIRCLE('generated circle',#3154,3.5) ;
#3164=CIRCLE('generated circle',#3163,3.5) ;
#3183=CIRCLE('generated circle',#3182,3.5) ;
#3220=CIRCLE('generated circle',#3219,6.5) ;
#3229=CIRCLE('generated circle',#3228,6.5) ;
#3243=CIRCLE('generated circle',#3242,3.5) ;
#3336=CIRCLE('generated circle',#3335,6.38675134595) ;
#3352=CIRCLE('generated circle',#3351,3.5) ;
#3371=CIRCLE('generated circle',#3370,6.38675134595) ;
#3376=CIRCLE('generated circle',#3375,3.5) ;
#3393=CIRCLE('generated circle',#3392,3.5) ;
#3462=CIRCLE('generated circle',#3461,6.38675134595) ;
#3471=CIRCLE('generated circle',#3470,6.38675134595) ;
#3481=CIRCLE('generated circle',#3480,3.5) ;
#3594=CIRCLE('generated circle',#3593,3.5) ;
#3610=CIRCLE('generated circle',#3609,3.5) ;
#3629=CIRCLE('generated circle',#3628,3.5) ;
#3634=CIRCLE('generated circle',#3633,3.5) ;
#3773=CIRCLE('generated circle',#3772,6.5) ;
#3789=CIRCLE('generated circle',#3788,3.) ;
#3803=CIRCLE('generated circle',#3802,6.5) ;
#3808=CIRCLE('generated circle',#3807,5.5) ;
#3837=CIRCLE('generated circle',#3836,6.5) ;
#3867=CIRCLE('generated circle',#3866,3.) ;
#3913=CIRCLE('generated circle',#3912,3.) ;
#3918=CIRCLE('generated circle',#3917,3.) ;
#3959=CIRCLE('generated circle',#3958,6.5) ;
#3975=CIRCLE('generated circle',#3974,5.5) ;
#4091=CIRCLE('generated circle',#4090,6.5) ;
#4107=CIRCLE('generated circle',#4106,3.) ;
#4121=CIRCLE('generated circle',#4120,6.5) ;
#4126=CIRCLE('generated circle',#4125,5.1) ;
#4155=CIRCLE('generated circle',#4154,6.5) ;
#4185=CIRCLE('generated circle',#4184,3.) ;
#4231=CIRCLE('generated circle',#4230,3.) ;
#4236=CIRCLE('generated circle',#4235,3.) ;
#4277=CIRCLE('generated circle',#4276,6.5) ;
#4293=CIRCLE('generated circle',#4292,5.1) ;
#4470=CIRCLE('generated circle',#4469,6.) ;
#4479=CIRCLE('generated circle',#4478,5.) ;
#4486=CIRCLE('generated circle',#4485,6.) ;
#4541=CIRCLE('generated circle',#4540,5.) ;
#4608=CIRCLE('generated circle',#4607,5.) ;
#4617=CIRCLE('generated circle',#4616,3.) ;
#4626=CIRCLE('generated circle',#4625,3.) ;
#4655=CIRCLE('generated circle',#4654,3.) ;
#4667=CIRCLE('generated circle',#4666,3.) ;
#4688=CIRCLE('generated circle',#4687,2.) ;
#4697=CIRCLE('generated circle',#4696,2.) ;
#4726=CIRCLE('generated circle',#4725,2.) ;
#4738=CIRCLE('generated circle',#4737,2.) ;
#4760=CIRCLE('generated circle',#4759,5.) ;
#4831=CIRCLE('generated circle',#4830,2.) ;
#4847=CIRCLE('generated circle',#4846,2.) ;
#4866=CIRCLE('generated circle',#4865,2.) ;
#4871=CIRCLE('generated circle',#4870,2.) ;
#4888=CIRCLE('generated circle',#4887,3.) ;
#4904=CIRCLE('generated circle',#4903,3.) ;
#4923=CIRCLE('generated circle',#4922,3.) ;
#4928=CIRCLE('generated circle',#4927,3.) ;
#4940=CIRCLE('generated circle',#4939,2.) ;
#4956=CIRCLE('generated circle',#4955,2.) ;
#4975=CIRCLE('generated circle',#4974,2.) ;
#4980=CIRCLE('generated circle',#4979,2.) ;
#5072=CIRCLE('generated circle',#5071,3.9686269666) ;
#5081=CIRCLE('generated circle',#5080,3.9686269666) ;
#5090=CIRCLE('generated circle',#5089,2.) ;
#5099=CIRCLE('generated circle',#5098,2.) ;
#5114=CIRCLE('generated circle',#5113,6.) ;
#5121=CIRCLE('generated circle',#5120,3.9686269666) ;
#5128=CIRCLE('generated circle',#5127,6.) ;
#5140=CIRCLE('generated circle',#5139,3.9686269666) ;
#5157=CIRCLE('generated circle',#5156,2.) ;
#5183=CIRCLE('generated circle',#5182,2.) ;
#5204=CIRCLE('generated circle',#5203,3.) ;
#5213=CIRCLE('generated circle',#5212,3.) ;
#67=CONICAL_SURFACE('Cone',#66,0.,1.0471975512) ;
#1096=CONICAL_SURFACE('Cone',#1095,0.,1.0471975512) ;
#1168=CONICAL_SURFACE('Cone',#1167,0.,1.0471975512) ;
#1240=CONICAL_SURFACE('Cone',#1239,0.,1.0471975512) ;
#1339=CONICAL_SURFACE('Cone',#1338,0.,1.0471975512) ;
#2255=CONICAL_SURFACE('Cone',#2254,0.,1.0471975512) ;
#3097=CONICAL_SURFACE('Cone',#3096,0.,0.785398163397) ;
#3128=CONICAL_SURFACE('Cone',#3127,0.,0.785398163397) ;
#3256=CONICAL_SURFACE('Cone',#3255,0.,0.785398163397) ;
#3278=CONICAL_SURFACE('Cone',#3277,0.,0.785398163397) ;
#3332=CONICAL_SURFACE('Cone',#3331,3.5,0.523598775598) ;
#3647=CONICAL_SURFACE('Cone',#3646,3.5,0.523598775598) ;
#3769=CONICAL_SURFACE('Cone',#3768,3.,0.785398163397) ;
#3931=CONICAL_SURFACE('Cone',#3930,0.,1.0471975512) ;
#4087=CONICAL_SURFACE('Cone',#4086,3.,0.610725964389) ;
#4249=CONICAL_SURFACE('Cone',#4248,0.,1.0471975512) ;
#5224=CONICAL_SURFACE('Cone',#5223,0.,0.785398163397) ;
#5246=CONICAL_SURFACE('Cone',#5245,0.,0.785398163397) ;
#1313=CONTEXT_DEPENDENT_SHAPE_REPRESENTATION(#1314,#1312) ;
#2328=CONTEXT_DEPENDENT_SHAPE_REPRESENTATION(#2329,#2327) ;
#2890=CONTEXT_DEPENDENT_SHAPE_REPRESENTATION(#2891,#2889) ;
#3291=CONTEXT_DEPENDENT_SHAPE_REPRESENTATION(#3292,#3290) ;
#3306=CONTEXT_DEPENDENT_SHAPE_REPRESENTATION(#3307,#3305) ;
#3697=CONTEXT_DEPENDENT_SHAPE_REPRESENTATION(#3698,#3696) ;
#4000=CONTEXT_DEPENDENT_SHAPE_REPRESENTATION(#4001,#3999) ;
#4015=CONTEXT_DEPENDENT_SHAPE_REPRESENTATION(#4016,#4014) ;
#4318=CONTEXT_DEPENDENT_SHAPE_REPRESENTATION(#4319,#4317) ;
#4333=CONTEXT_DEPENDENT_SHAPE_REPRESENTATION(#4334,#4332) ;
#4348=CONTEXT_DEPENDENT_SHAPE_REPRESENTATION(#4349,#4347) ;
#4363=CONTEXT_DEPENDENT_SHAPE_REPRESENTATION(#4364,#4362) ;
#4801=CONTEXT_DEPENDENT_SHAPE_REPRESENTATION(#4802,#4800) ;
#5042=CONTEXT_DEPENDENT_SHAPE_REPRESENTATION(#5043,#5041) ;
#5259=CONTEXT_DEPENDENT_SHAPE_REPRESENTATION(#5260,#5258) ;
#5274=CONTEXT_DEPENDENT_SHAPE_REPRESENTATION(#5275,#5273) ;
#1310=SHAPE_REPRESENTATION_RELATIONSHIP(' ',' ',#54,#1309) ;
#2325=SHAPE_REPRESENTATION_RELATIONSHIP(' ',' ',#1326,#2324) ;
#2887=SHAPE_REPRESENTATION_RELATIONSHIP(' ',' ',#2341,#2886) ;
#3288=SHAPE_REPRESENTATION_RELATIONSHIP(' ',' ',#2903,#3287) ;
#3694=SHAPE_REPRESENTATION_RELATIONSHIP(' ',' ',#3319,#3693) ;
#3997=SHAPE_REPRESENTATION_RELATIONSHIP(' ',' ',#3710,#3996) ;
#4315=SHAPE_REPRESENTATION_RELATIONSHIP(' ',' ',#4028,#4314) ;
#4798=SHAPE_REPRESENTATION_RELATIONSHIP(' ',' ',#4376,#4797) ;
#5039=SHAPE_REPRESENTATION_RELATIONSHIP(' ',' ',#4814,#5038) ;
#5256=SHAPE_REPRESENTATION_RELATIONSHIP(' ',' ',#5055,#5255) ;
#510=CYLINDRICAL_SURFACE('generated cylinder',#509,8.) ;
#700=CYLINDRICAL_SURFACE('generated cylinder',#699,3.) ;
#748=CYLINDRICAL_SURFACE('generated cylinder',#747,16.) ;
#796=CYLINDRICAL_SURFACE('generated cylinder',#795,3.) ;
#965=CYLINDRICAL_SURFACE('generated cylinder',#964,3.) ;
#1139=CYLINDRICAL_SURFACE('generated cylinder',#1138,3.) ;
#1211=CYLINDRICAL_SURFACE('generated cylinder',#1210,3.) ;
#1283=CYLINDRICAL_SURFACE('generated cylinder',#1282,3.) ;
#1564=CYLINDRICAL_SURFACE('generated cylinder',#1563,3.) ;
#1635=CYLINDRICAL_SURFACE('generated cylinder',#1634,16.) ;
#1747=CYLINDRICAL_SURFACE('generated cylinder',#1746,3.) ;
#1835=CYLINDRICAL_SURFACE('generated cylinder',#1834,5.) ;
#1906=CYLINDRICAL_SURFACE('generated cylinder',#1905,3.) ;
#1997=CYLINDRICAL_SURFACE('generated cylinder',#1996,6.) ;
#2167=CYLINDRICAL_SURFACE('generated cylinder',#2166,3.) ;
#2298=CYLINDRICAL_SURFACE('generated cylinder',#2297,3.) ;
#2354=CYLINDRICAL_SURFACE('generated cylinder',#2353,3.) ;
#2418=CYLINDRICAL_SURFACE('generated cylinder',#2417,9.) ;
#2512=CYLINDRICAL_SURFACE('generated cylinder',#2511,6.) ;
#2583=CYLINDRICAL_SURFACE('generated cylinder',#2582,8.) ;
#2720=CYLINDRICAL_SURFACE('generated cylinder',#2719,4.) ;
#3040=CYLINDRICAL_SURFACE('generated cylinder',#3039,3.5) ;
#3179=CYLINDRICAL_SURFACE('generated cylinder',#3178,3.5) ;
#3389=CYLINDRICAL_SURFACE('generated cylinder',#3388,3.5) ;
#3590=CYLINDRICAL_SURFACE('generated cylinder',#3589,3.5) ;
#3849=CYLINDRICAL_SURFACE('generated cylinder',#3848,3.) ;
#4167=CYLINDRICAL_SURFACE('generated cylinder',#4166,3.) ;
#4523=CYLINDRICAL_SURFACE('generated cylinder',#4522,5.) ;
#4637=CYLINDRICAL_SURFACE('generated cylinder',#4636,3.) ;
#4708=CYLINDRICAL_SURFACE('generated cylinder',#4707,2.) ;
#4827=CYLINDRICAL_SURFACE('generated cylinder',#4826,2.) ;
#4884=CYLINDRICAL_SURFACE('generated cylinder',#4883,3.) ;
#5153=CYLINDRICAL_SURFACE('generated cylinder',#5152,2.) ;
#3=DESIGN_CONTEXT(' ',#1,'design') ;
#76=EDGE_CURVE('',#73,#75,#71,.T.) ;
#83=EDGE_CURVE('',#82,#75,#80,.F.) ;
#88=EDGE_CURVE('',#73,#82,#87,.T.) ;
#108=EDGE_CURVE('',#105,#107,#103,.T.) ;
#115=EDGE_CURVE('',#114,#105,#112,.T.) ;
#122=EDGE_CURVE('',#121,#114,#119,.F.) ;
#129=EDGE_CURVE('',#128,#121,#126,.F.) ;
#136=EDGE_CURVE('',#135,#128,#133,.T.) ;
#143=EDGE_CURVE('',#142,#135,#140,.T.) ;
#148=EDGE_CURVE('',#107,#142,#147,.T.) ;
#172=EDGE_CURVE('',#169,#171,#167,.T.) ;
#179=EDGE_CURVE('',#178,#169,#176,.T.) ;
#186=EDGE_CURVE('',#178,#185,#183,.F.) ;
#191=EDGE_CURVE('',#185,#171,#190,.T.) ;
#210=EDGE_CURVE('',#209,#171,#207,.T.) ;
#217=EDGE_CURVE('',#185,#216,#214,.F.) ;
#222=EDGE_CURVE('',#216,#209,#221,.T.) ;
#241=EDGE_CURVE('',#240,#209,#238,.T.) ;
#248=EDGE_CURVE('',#216,#247,#245,.F.) ;
#255=EDGE_CURVE('',#247,#254,#252,.T.) ;
#262=EDGE_CURVE('',#254,#261,#259,.T.) ;
#267=EDGE_CURVE('',#261,#240,#266,.T.) ;
#290=EDGE_CURVE('',#287,#289,#285,.T.) ;
#295=EDGE_CURVE('',#289,#240,#294,.T.) ;
#300=EDGE_CURVE('',#261,#287,#299,.T.) ;
#314=EDGE_CURVE('',#313,#254,#311,.T.) ;
#321=EDGE_CURVE('',#247,#320,#318,.F.) ;
#326=EDGE_CURVE('',#320,#313,#325,.T.) ;
#342=EDGE_CURVE('',#339,#341,#337,.T.) ;
#347=EDGE_CURVE('',#341,#289,#346,.T.) ;
#352=EDGE_CURVE('',#287,#339,#351,.T.) ;
#366=EDGE_CURVE('',#365,#313,#363,.T.) ;
#373=EDGE_CURVE('',#320,#372,#370,.F.) ;
#378=EDGE_CURVE('',#372,#365,#377,.T.) ;
#397=EDGE_CURVE('',#254,#396,#394,.T.) ;
#404=EDGE_CURVE('',#403,#365,#401,.T.) ;
#411=EDGE_CURVE('',#410,#403,#408,.F.) ;
#418=EDGE_CURVE('',#417,#410,#415,.F.) ;
#425=EDGE_CURVE('',#424,#417,#422,.T.) ;
#432=EDGE_CURVE('',#431,#424,#429,.F.) ;
#437=EDGE_CURVE('',#396,#431,#436,.F.) ;
#457=EDGE_CURVE('',#454,#456,#452,.T.) ;
#462=EDGE_CURVE('',#456,#454,#461,.T.) ;
#479=EDGE_CURVE('',#478,#341,#476,.T.) ;
#484=EDGE_CURVE('',#365,#339,#483,.T.) ;
#491=EDGE_CURVE('',#372,#490,#488,.F.) ;
#496=EDGE_CURVE('',#490,#478,#495,.T.) ;
#517=EDGE_CURVE('',#516,#456,#514,.F.) ;
#524=EDGE_CURVE('',#516,#523,#521,.T.) ;
#529=EDGE_CURVE('',#523,#454,#528,.F.) ;
#541=EDGE_CURVE('',#523,#516,#540,.T.) ;
#555=EDGE_CURVE('',#554,#478,#552,.T.) ;
#562=EDGE_CURVE('',#490,#561,#559,.F.) ;
#567=EDGE_CURVE('',#561,#554,#566,.T.) ;
#586=EDGE_CURVE('',#585,#554,#583,.T.) ;
#593=EDGE_CURVE('',#561,#592,#590,.F.) ;
#598=EDGE_CURVE('',#592,#585,#597,.T.) ;
#619=EDGE_CURVE('',#616,#618,#614,.F.) ;
#626=EDGE_CURVE('',#618,#625,#623,.F.) ;
#633=EDGE_CURVE('',#625,#632,#630,.T.) ;
#640=EDGE_CURVE('',#632,#639,#637,.T.) ;
#647=EDGE_CURVE('',#639,#646,#644,.T.) ;
#654=EDGE_CURVE('',#646,#653,#651,.T.) ;
#659=EDGE_CURVE('',#653,#616,#658,.T.) ;
#674=EDGE_CURVE('',#339,#616,#673,.T.) ;
#681=EDGE_CURVE('',#680,#653,#678,.T.) ;
#686=EDGE_CURVE('',#680,#403,#685,.T.) ;
#707=EDGE_CURVE('',#706,#680,#704,.F.) ;
#712=EDGE_CURVE('',#706,#410,#711,.F.) ;
#731=EDGE_CURVE('',#730,#706,#728,.F.) ;
#736=EDGE_CURVE('',#730,#417,#735,.T.) ;
#755=EDGE_CURVE('',#754,#730,#752,.T.) ;
#760=EDGE_CURVE('',#754,#424,#759,.F.) ;
#779=EDGE_CURVE('',#778,#754,#776,.F.) ;
#784=EDGE_CURVE('',#778,#431,#783,.T.) ;
#803=EDGE_CURVE('',#802,#778,#800,.F.) ;
#808=EDGE_CURVE('',#802,#396,#807,.F.) ;
#825=EDGE_CURVE('',#114,#625,#824,.T.) ;
#830=EDGE_CURVE('',#105,#632,#829,.T.) ;
#847=EDGE_CURVE('',#121,#618,#846,.T.) ;
#864=EDGE_CURVE('',#128,#261,#863,.T.) ;
#879=EDGE_CURVE('',#135,#802,#878,.F.) ;
#898=EDGE_CURVE('',#178,#142,#897,.F.) ;
#903=EDGE_CURVE('',#646,#592,#902,.F.) ;
#939=EDGE_CURVE('',#585,#639,#938,.T.) ;
#944=EDGE_CURVE('',#107,#169,#943,.T.) ;
#974=EDGE_CURVE('',#971,#973,#969,.F.) ;
#979=EDGE_CURVE('',#75,#973,#978,.F.) ;
#984=EDGE_CURVE('',#75,#82,#983,.T.) ;
#989=EDGE_CURVE('',#82,#971,#988,.F.) ;
#1001=EDGE_CURVE('',#973,#971,#1000,.F.) ;
#1034=EDGE_CURVE('',#1031,#1033,#1029,.T.) ;
#1039=EDGE_CURVE('',#1033,#1031,#1038,.T.) ;
#1052=EDGE_CURVE('',#1049,#1051,#1047,.T.) ;
#1057=EDGE_CURVE('',#1051,#1049,#1056,.T.) ;
#1077=EDGE_CURVE('',#1074,#1076,#1072,.T.) ;
#1082=EDGE_CURVE('',#1076,#1074,#1081,.T.) ;
#1105=EDGE_CURVE('',#1102,#1104,#1100,.T.) ;
#1112=EDGE_CURVE('',#1111,#1104,#1109,.F.) ;
#1117=EDGE_CURVE('',#1102,#1111,#1116,.T.) ;
#1128=EDGE_CURVE('',#1104,#1111,#1127,.F.) ;
#1144=EDGE_CURVE('',#1111,#1076,#1143,.F.) ;
#1149=EDGE_CURVE('',#1104,#1074,#1148,.F.) ;
#1177=EDGE_CURVE('',#1174,#1176,#1172,.T.) ;
#1184=EDGE_CURVE('',#1183,#1176,#1181,.F.) ;
#1189=EDGE_CURVE('',#1174,#1183,#1188,.T.) ;
#1200=EDGE_CURVE('',#1176,#1183,#1199,.F.) ;
#1216=EDGE_CURVE('',#1183,#1051,#1215,.F.) ;
#1221=EDGE_CURVE('',#1176,#1049,#1220,.F.) ;
#1249=EDGE_CURVE('',#1246,#1248,#1244,.T.) ;
#1256=EDGE_CURVE('',#1255,#1248,#1253,.F.) ;
#1261=EDGE_CURVE('',#1246,#1255,#1260,.T.) ;
#1272=EDGE_CURVE('',#1248,#1255,#1271,.F.) ;
#1288=EDGE_CURVE('',#1255,#1033,#1287,.F.) ;
#1293=EDGE_CURVE('',#1248,#1031,#1292,.F.) ;
#1348=EDGE_CURVE('',#1345,#1347,#1343,.T.) ;
#1355=EDGE_CURVE('',#1354,#1347,#1352,.F.) ;
#1360=EDGE_CURVE('',#1345,#1354,#1359,.T.) ;
#1380=EDGE_CURVE('',#1377,#1379,#1375,.F.) ;
#1387=EDGE_CURVE('',#1386,#1377,#1384,.F.) ;
#1394=EDGE_CURVE('',#1393,#1386,#1391,.F.) ;
#1401=EDGE_CURVE('',#1393,#1400,#1398,.T.) ;
#1408=EDGE_CURVE('',#1407,#1400,#1405,.T.) ;
#1415=EDGE_CURVE('',#1414,#1407,#1412,.T.) ;
#1422=EDGE_CURVE('',#1414,#1421,#1419,.T.) ;
#1427=EDGE_CURVE('',#1421,#1379,#1426,.T.) ;
#1450=EDGE_CURVE('',#1449,#1386,#1447,.T.) ;
#1457=EDGE_CURVE('',#1456,#1449,#1454,.F.) ;
#1462=EDGE_CURVE('',#1456,#1393,#1461,.T.) ;
#1481=EDGE_CURVE('',#1480,#1456,#1478,.F.) ;
#1486=EDGE_CURVE('',#1480,#1400,#1485,.T.) ;
#1505=EDGE_CURVE('',#1504,#1414,#1502,.T.) ;
#1512=EDGE_CURVE('',#1511,#1504,#1509,.T.) ;
#1519=EDGE_CURVE('',#1518,#1511,#1516,.T.) ;
#1526=EDGE_CURVE('',#1525,#1518,#1523,.T.) ;
#1531=EDGE_CURVE('',#1525,#1421,#1530,.T.) ;
#1547=EDGE_CURVE('',#1546,#1525,#1544,.F.) ;
#1552=EDGE_CURVE('',#1546,#1379,#1551,.T.) ;
#1573=EDGE_CURVE('',#1570,#1572,#1568,.T.) ;
#1580=EDGE_CURVE('',#1579,#1570,#1577,.F.) ;
#1587=EDGE_CURVE('',#1586,#1579,#1584,.F.) ;
#1592=EDGE_CURVE('',#1586,#1572,#1591,.F.) ;
#1613=EDGE_CURVE('',#1610,#1612,#1608,.T.) ;
#1618=EDGE_CURVE('',#1579,#1610,#1617,.F.) ;
#1623=EDGE_CURVE('',#1612,#1570,#1622,.T.) ;
#1644=EDGE_CURVE('',#1641,#1643,#1639,.F.) ;
#1649=EDGE_CURVE('',#1610,#1641,#1648,.T.) ;
#1656=EDGE_CURVE('',#1612,#1655,#1653,.T.) ;
#1661=EDGE_CURVE('',#1655,#1643,#1660,.T.) ;
#1689=EDGE_CURVE('',#1686,#1688,#1669,.T.) ;
#1706=EDGE_CURVE('',#1688,#1686,#1690,.T.) ;
#1725=EDGE_CURVE('',#1722,#1724,#1720,.T.) ;
#1730=EDGE_CURVE('',#1641,#1722,#1729,.F.) ;
#1735=EDGE_CURVE('',#1724,#1643,#1734,.T.) ;
#1754=EDGE_CURVE('',#1753,#1724,#1751,.T.) ;
#1761=EDGE_CURVE('',#1760,#1753,#1758,.F.) ;
#1766=EDGE_CURVE('',#1722,#1760,#1765,.F.) ;
#1787=EDGE_CURVE('',#1784,#1786,#1782,.T.) ;
#1792=EDGE_CURVE('',#1760,#1784,#1791,.F.) ;
#1797=EDGE_CURVE('',#1753,#1786,#1796,.T.) ;
#1816=EDGE_CURVE('',#1655,#1815,#1813,.T.) ;
#1821=EDGE_CURVE('',#1786,#1815,#1820,.T.) ;
#1842=EDGE_CURVE('',#1841,#1686,#1839,.F.) ;
#1849=EDGE_CURVE('',#1841,#1848,#1846,.T.) ;
#1854=EDGE_CURVE('',#1848,#1688,#1853,.F.) ;
#1866=EDGE_CURVE('',#1848,#1841,#1865,.T.) ;
#1891=EDGE_CURVE('',#1888,#1890,#1886,.T.) ;
#1896=EDGE_CURVE('',#1890,#1888,#1895,.T.) ;
#1927=EDGE_CURVE('',#1924,#1926,#1907,.T.) ;
#1932=EDGE_CURVE('',#1926,#1888,#1931,.F.) ;
#1937=EDGE_CURVE('',#1924,#1890,#1936,.F.) ;
#1961=EDGE_CURVE('',#1926,#1924,#1945,.T.) ;
#1982=EDGE_CURVE('',#1979,#1981,#1977,.T.) ;
#1987=EDGE_CURVE('',#1981,#1979,#1986,.T.) ;
#2004=EDGE_CURVE('',#2003,#1981,#2001,.F.) ;
#2011=EDGE_CURVE('',#2003,#2010,#2008,.T.) ;
#2016=EDGE_CURVE('',#2010,#1979,#2015,.F.) ;
#2028=EDGE_CURVE('',#2010,#2003,#2027,.T.) ;
#2044=EDGE_CURVE('',#1511,#1572,#2043,.T.) ;
#2049=EDGE_CURVE('',#1504,#1655,#2048,.T.) ;
#2063=EDGE_CURVE('',#1518,#1586,#2062,.F.) ;
#2080=EDGE_CURVE('',#1815,#1407,#2079,.T.) ;
#2098=EDGE_CURVE('',#1480,#1784,#2097,.T.) ;
#2119=EDGE_CURVE('',#1449,#2118,#2116,.F.) ;
#2124=EDGE_CURVE('',#2118,#1546,#2123,.F.) ;
#2155=EDGE_CURVE('',#2118,#1377,#2154,.T.) ;
#2176=EDGE_CURVE('',#2173,#2175,#2171,.F.) ;
#2181=EDGE_CURVE('',#1347,#2175,#2180,.F.) ;
#2186=EDGE_CURVE('',#1347,#1354,#2185,.T.) ;
#2191=EDGE_CURVE('',#1354,#2173,#2190,.F.) ;
#2203=EDGE_CURVE('',#2175,#2173,#2202,.F.) ;
#2236=EDGE_CURVE('',#2233,#2235,#2231,.T.) ;
#2241=EDGE_CURVE('',#2235,#2233,#2240,.T.) ;
#2264=EDGE_CURVE('',#2261,#2263,#2259,.T.) ;
#2271=EDGE_CURVE('',#2270,#2263,#2268,.F.) ;
#2276=EDGE_CURVE('',#2261,#2270,#2275,.T.) ;
#2287=EDGE_CURVE('',#2263,#2270,#2286,.F.) ;
#2303=EDGE_CURVE('',#2270,#2235,#2302,.F.) ;
#2308=EDGE_CURVE('',#2263,#2233,#2307,.F.) ;
#2363=EDGE_CURVE('',#2360,#2362,#2358,.F.) ;
#2382=EDGE_CURVE('',#2381,#2362,#2364,.T.) ;
#2389=EDGE_CURVE('',#2388,#2381,#2386,.F.) ;
#2406=EDGE_CURVE('',#2388,#2360,#2390,.T.) ;
#2427=EDGE_CURVE('',#2424,#2426,#2422,.T.) ;
#2434=EDGE_CURVE('',#2424,#2433,#2431,.F.) ;
#2441=EDGE_CURVE('',#2433,#2440,#2438,.T.) ;
#2446=EDGE_CURVE('',#2426,#2440,#2445,.F.) ;
#2469=EDGE_CURVE('',#2360,#2388,#2453,.T.) ;
#2484=EDGE_CURVE('',#2440,#2433,#2483,.T.) ;
#2497=EDGE_CURVE('',#2494,#2496,#2492,.T.) ;
#2502=EDGE_CURVE('',#2496,#2494,#2501,.T.) ;
#2519=EDGE_CURVE('',#2496,#2518,#2516,.F.) ;
#2526=EDGE_CURVE('',#2518,#2525,#2523,.T.) ;
#2531=EDGE_CURVE('',#2494,#2525,#2530,.F.) ;
#2543=EDGE_CURVE('',#2525,#2518,#2542,.T.) ;
#2564=EDGE_CURVE('',#2561,#2563,#2559,.T.) ;
#2569=EDGE_CURVE('',#2563,#2561,#2568,.T.) ;
#2590=EDGE_CURVE('',#2561,#2589,#2587,.F.) ;
#2597=EDGE_CURVE('',#2589,#2596,#2594,.T.) ;
#2602=EDGE_CURVE('',#2563,#2596,#2601,.F.) ;
#2614=EDGE_CURVE('',#2596,#2589,#2613,.T.) ;
#2639=EDGE_CURVE('',#2636,#2638,#2634,.T.) ;
#2644=EDGE_CURVE('',#2638,#2636,#2643,.T.) ;
#2656=EDGE_CURVE('',#2638,#2655,#2653,.F.) ;
#2663=EDGE_CURVE('',#2655,#2662,#2660,.T.) ;
#2668=EDGE_CURVE('',#2636,#2662,#2667,.F.) ;
#2680=EDGE_CURVE('',#2662,#2655,#2679,.T.) ;
#2705=EDGE_CURVE('',#2702,#2704,#2700,.T.) ;
#2710=EDGE_CURVE('',#2704,#2702,#2709,.T.) ;
#2727=EDGE_CURVE('',#2704,#2726,#2724,.F.) ;
#2734=EDGE_CURVE('',#2726,#2733,#2731,.T.) ;
#2739=EDGE_CURVE('',#2702,#2733,#2738,.F.) ;
#2751=EDGE_CURVE('',#2733,#2726,#2750,.T.) ;
#2772=EDGE_CURVE('',#2769,#2771,#2767,.T.) ;
#2777=EDGE_CURVE('',#2771,#2769,#2776,.T.) ;
#2793=EDGE_CURVE('',#2769,#2792,#2790,.F.) ;
#2800=EDGE_CURVE('',#2792,#2799,#2797,.T.) ;
#2805=EDGE_CURVE('',#2771,#2799,#2804,.F.) ;
#2817=EDGE_CURVE('',#2799,#2792,#2816,.T.) ;
#2844=EDGE_CURVE('',#2426,#2424,#2843,.T.) ;
#2872=EDGE_CURVE('',#2362,#2381,#2856,.T.) ;
#2925=EDGE_CURVE('',#2922,#2924,#2920,.T.) ;
#2932=EDGE_CURVE('',#2922,#2931,#2929,.F.) ;
#2939=EDGE_CURVE('',#2931,#2938,#2936,.T.) ;
#2944=EDGE_CURVE('',#2924,#2938,#2943,.F.) ;
#2963=EDGE_CURVE('',#2931,#2962,#2960,.F.) ;
#2970=EDGE_CURVE('',#2962,#2969,#2967,.T.) ;
#2975=EDGE_CURVE('',#2938,#2969,#2974,.F.) ;
#2994=EDGE_CURVE('',#2962,#2993,#2991,.F.) ;
#3001=EDGE_CURVE('',#2993,#3000,#2998,.T.) ;
#3006=EDGE_CURVE('',#2969,#3000,#3005,.F.) ;
#3023=EDGE_CURVE('',#2993,#2922,#3022,.F.) ;
#3028=EDGE_CURVE('',#3000,#2924,#3027,.F.) ;
#3049=EDGE_CURVE('',#3046,#3048,#3044,.F.) ;
#3056=EDGE_CURVE('',#3055,#3048,#3053,.F.) ;
#3063=EDGE_CURVE('',#3062,#3055,#3060,.F.) ;
#3068=EDGE_CURVE('',#3062,#3046,#3067,.F.) ;
#3080=EDGE_CURVE('',#3048,#3046,#3079,.F.) ;
#3085=EDGE_CURVE('',#3055,#3062,#3084,.F.) ;
#3104=EDGE_CURVE('',#3046,#3103,#3101,.T.) ;
#3111=EDGE_CURVE('',#3103,#3110,#3108,.T.) ;
#3116=EDGE_CURVE('',#3048,#3110,#3115,.T.) ;
#3133=EDGE_CURVE('',#3110,#3103,#3132,.T.) ;
#3160=EDGE_CURVE('',#3157,#3159,#3155,.T.) ;
#3165=EDGE_CURVE('',#3159,#3157,#3164,.T.) ;
#3188=EDGE_CURVE('',#3185,#3187,#3183,.F.) ;
#3193=EDGE_CURVE('',#3159,#3187,#3192,.F.) ;
#3198=EDGE_CURVE('',#3157,#3185,#3197,.F.) ;
#3225=EDGE_CURVE('',#3222,#3224,#3220,.T.) ;
#3230=EDGE_CURVE('',#3224,#3222,#3229,.T.) ;
#3244=EDGE_CURVE('',#3187,#3185,#3243,.F.) ;
#3261=EDGE_CURVE('',#3187,#3224,#3260,.T.) ;
#3266=EDGE_CURVE('',#3185,#3222,#3265,.T.) ;
#3341=EDGE_CURVE('',#3338,#3340,#3336,.T.) ;
#3348=EDGE_CURVE('',#3347,#3340,#3345,.T.) ;
#3355=EDGE_CURVE('',#3347,#3354,#3352,.F.) ;
#3360=EDGE_CURVE('',#3354,#3338,#3359,.T.) ;
#3372=EDGE_CURVE('',#3340,#3338,#3371,.T.) ;
#3377=EDGE_CURVE('',#3354,#3347,#3376,.F.) ;
#3398=EDGE_CURVE('',#3395,#3397,#3393,.F.) ;
#3403=EDGE_CURVE('',#3395,#3354,#3402,.F.) ;
#3408=EDGE_CURVE('',#3397,#3347,#3407,.F.) ;
#3429=EDGE_CURVE('',#3426,#3428,#3424,.F.) ;
#3436=EDGE_CURVE('',#3428,#3435,#3433,.F.) ;
#3443=EDGE_CURVE('',#3435,#3442,#3440,.F.) ;
#3448=EDGE_CURVE('',#3442,#3426,#3447,.F.) ;
#3467=EDGE_CURVE('',#3464,#3466,#3462,.T.) ;
#3472=EDGE_CURVE('',#3466,#3464,#3471,.T.) ;
#3482=EDGE_CURVE('',#3397,#3395,#3481,.F.) ;
#3501=EDGE_CURVE('',#3500,#3426,#3498,.T.) ;
#3508=EDGE_CURVE('',#3500,#3507,#3505,.F.) ;
#3513=EDGE_CURVE('',#3507,#3428,#3512,.T.) ;
#3532=EDGE_CURVE('',#3507,#3531,#3529,.F.) ;
#3537=EDGE_CURVE('',#3531,#3435,#3536,.T.) ;
#3556=EDGE_CURVE('',#3531,#3555,#3553,.F.) ;
#3561=EDGE_CURVE('',#3555,#3442,#3560,.T.) ;
#3578=EDGE_CURVE('',#3555,#3500,#3577,.F.) ;
#3599=EDGE_CURVE('',#3596,#3598,#3594,.F.) ;
#3606=EDGE_CURVE('',#3596,#3605,#3603,.F.) ;
#3613=EDGE_CURVE('',#3612,#3605,#3610,.T.) ;
#3618=EDGE_CURVE('',#3598,#3612,#3617,.F.) ;
#3630=EDGE_CURVE('',#3598,#3596,#3629,.F.) ;
#3635=EDGE_CURVE('',#3605,#3612,#3634,.T.) ;
#3652=EDGE_CURVE('',#3605,#3464,#3651,.T.) ;
#3657=EDGE_CURVE('',#3612,#3466,#3656,.T.) ;
#3735=EDGE_CURVE('',#3732,#3734,#3724,.T.) ;
#3742=EDGE_CURVE('',#3734,#3741,#3739,.T.) ;
#3752=EDGE_CURVE('',#3751,#3741,#3743,.T.) ;
#3757=EDGE_CURVE('',#3732,#3751,#3756,.T.) ;
#3778=EDGE_CURVE('',#3775,#3777,#3773,.T.) ;
#3785=EDGE_CURVE('',#3784,#3775,#3782,.T.) ;
#3792=EDGE_CURVE('',#3784,#3791,#3789,.T.) ;
#3799=EDGE_CURVE('',#3791,#3798,#3796,.T.) ;
#3804=EDGE_CURVE('',#3734,#3798,#3803,.T.) ;
#3811=EDGE_CURVE('',#3732,#3810,#3808,.F.) ;
#3817=EDGE_CURVE('',#3810,#3777,#3812,.T.) ;
#3838=EDGE_CURVE('',#3798,#3741,#3837,.T.) ;
#3856=EDGE_CURVE('',#3855,#3791,#3853,.T.) ;
#3863=EDGE_CURVE('',#3862,#3784,#3860,.T.) ;
#3868=EDGE_CURVE('',#3862,#3855,#3867,.T.) ;
#3887=EDGE_CURVE('',#3810,#3886,#3884,.T.) ;
#3897=EDGE_CURVE('',#3886,#3896,#3888,.T.) ;
#3902=EDGE_CURVE('',#3777,#3896,#3901,.T.) ;
#3914=EDGE_CURVE('',#3791,#3784,#3913,.T.) ;
#3919=EDGE_CURVE('',#3855,#3862,#3918,.T.) ;
#3938=EDGE_CURVE('',#3937,#3855,#3935,.T.) ;
#3943=EDGE_CURVE('',#3937,#3862,#3942,.T.) ;
#3960=EDGE_CURVE('',#3896,#3775,#3959,.T.) ;
#3976=EDGE_CURVE('',#3886,#3751,#3975,.T.) ;
#4053=EDGE_CURVE('',#4050,#4052,#4042,.T.) ;
#4060=EDGE_CURVE('',#4052,#4059,#4057,.T.) ;
#4070=EDGE_CURVE('',#4069,#4059,#4061,.T.) ;
#4075=EDGE_CURVE('',#4050,#4069,#4074,.T.) ;
#4096=EDGE_CURVE('',#4093,#4095,#4091,.T.) ;
#4103=EDGE_CURVE('',#4102,#4093,#4100,.T.) ;
#4110=EDGE_CURVE('',#4102,#4109,#4107,.T.) ;
#4117=EDGE_CURVE('',#4109,#4116,#4114,.T.) ;
#4122=EDGE_CURVE('',#4052,#4116,#4121,.T.) ;
#4129=EDGE_CURVE('',#4050,#4128,#4126,.F.) ;
#4135=EDGE_CURVE('',#4128,#4095,#4130,.T.) ;
#4156=EDGE_CURVE('',#4116,#4059,#4155,.T.) ;
#4174=EDGE_CURVE('',#4173,#4109,#4171,.T.) ;
#4181=EDGE_CURVE('',#4180,#4102,#4178,.T.) ;
#4186=EDGE_CURVE('',#4180,#4173,#4185,.T.) ;
#4205=EDGE_CURVE('',#4128,#4204,#4202,.T.) ;
#4215=EDGE_CURVE('',#4204,#4214,#4206,.T.) ;
#4220=EDGE_CURVE('',#4095,#4214,#4219,.T.) ;
#4232=EDGE_CURVE('',#4109,#4102,#4231,.T.) ;
#4237=EDGE_CURVE('',#4173,#4180,#4236,.T.) ;
#4256=EDGE_CURVE('',#4255,#4173,#4253,.T.) ;
#4261=EDGE_CURVE('',#4255,#4180,#4260,.T.) ;
#4278=EDGE_CURVE('',#4214,#4093,#4277,.T.) ;
#4294=EDGE_CURVE('',#4204,#4069,#4293,.T.) ;
#4398=EDGE_CURVE('',#4395,#4397,#4393,.T.) ;
#4432=EDGE_CURVE('',#4395,#4431,#4399,.T.) ;
#4455=EDGE_CURVE('',#4397,#4431,#4433,.T.) ;
#4475=EDGE_CURVE('',#4472,#4474,#4470,.T.) ;
#4482=EDGE_CURVE('',#4472,#4481,#4479,.T.) ;
#4487=EDGE_CURVE('',#4481,#4431,#4486,.T.) ;
#4495=EDGE_CURVE('',#4395,#4494,#4488,.T.) ;
#4509=EDGE_CURVE('',#4494,#4474,#4496,.T.) ;
#4530=EDGE_CURVE('',#4529,#4481,#4527,.T.) ;
#4537=EDGE_CURVE('',#4536,#4472,#4534,.T.) ;
#4542=EDGE_CURVE('',#4536,#4529,#4541,.T.) ;
#4561=EDGE_CURVE('',#4494,#4560,#4558,.T.) ;
#4593=EDGE_CURVE('',#4560,#4474,#4562,.T.) ;
#4609=EDGE_CURVE('',#4529,#4536,#4608,.T.) ;
#4622=EDGE_CURVE('',#4619,#4621,#4617,.T.) ;
#4627=EDGE_CURVE('',#4621,#4619,#4626,.T.) ;
#4644=EDGE_CURVE('',#4643,#4619,#4641,.T.) ;
#4651=EDGE_CURVE('',#4650,#4621,#4648,.T.) ;
#4656=EDGE_CURVE('',#4650,#4643,#4655,.T.) ;
#4668=EDGE_CURVE('',#4643,#4650,#4667,.T.) ;
#4693=EDGE_CURVE('',#4690,#4692,#4688,.T.) ;
#4698=EDGE_CURVE('',#4692,#4690,#4697,.T.) ;
#4715=EDGE_CURVE('',#4714,#4690,#4712,.T.) ;
#4722=EDGE_CURVE('',#4721,#4692,#4719,.T.) ;
#4727=EDGE_CURVE('',#4721,#4714,#4726,.T.) ;
#4739=EDGE_CURVE('',#4714,#4721,#4738,.T.) ;
#4761=EDGE_CURVE('',#4481,#4472,#4760,.T.) ;
#4774=EDGE_CURVE('',#4397,#4560,#4769,.T.) ;
#4836=EDGE_CURVE('',#4833,#4835,#4831,.T.) ;
#4843=EDGE_CURVE('',#4833,#4842,#4840,.F.) ;
#4850=EDGE_CURVE('',#4842,#4849,#4847,.T.) ;
#4855=EDGE_CURVE('',#4835,#4849,#4854,.F.) ;
#4867=EDGE_CURVE('',#4835,#4833,#4866,.T.) ;
#4872=EDGE_CURVE('',#4849,#4842,#4871,.T.) ;
#4893=EDGE_CURVE('',#4890,#4892,#4888,.T.) ;
#4900=EDGE_CURVE('',#4890,#4899,#4897,.F.) ;
#4907=EDGE_CURVE('',#4899,#4906,#4904,.T.) ;
#4912=EDGE_CURVE('',#4892,#4906,#4911,.F.) ;
#4924=EDGE_CURVE('',#4892,#4890,#4923,.T.) ;
#4929=EDGE_CURVE('',#4906,#4899,#4928,.T.) ;
#4945=EDGE_CURVE('',#4942,#4944,#4940,.T.) ;
#4952=EDGE_CURVE('',#4942,#4951,#4949,.F.) ;
#4959=EDGE_CURVE('',#4951,#4958,#4956,.T.) ;
#4964=EDGE_CURVE('',#4944,#4958,#4963,.F.) ;
#4976=EDGE_CURVE('',#4944,#4942,#4975,.T.) ;
#4981=EDGE_CURVE('',#4958,#4951,#4980,.T.) ;
#5077=EDGE_CURVE('',#5074,#5076,#5072,.T.) ;
#5082=EDGE_CURVE('',#5076,#5074,#5081,.T.) ;
#5095=EDGE_CURVE('',#5092,#5094,#5090,.T.) ;
#5100=EDGE_CURVE('',#5094,#5092,#5099,.T.) ;
#5117=EDGE_CURVE('',#5074,#5116,#5114,.F.) ;
#5124=EDGE_CURVE('',#5116,#5123,#5121,.T.) ;
#5129=EDGE_CURVE('',#5076,#5123,#5128,.F.) ;
#5141=EDGE_CURVE('',#5123,#5116,#5140,.T.) ;
#5162=EDGE_CURVE('',#5159,#5161,#5157,.T.) ;
#5167=EDGE_CURVE('',#5094,#5159,#5166,.F.) ;
#5172=EDGE_CURVE('',#5092,#5161,#5171,.F.) ;
#5184=EDGE_CURVE('',#5161,#5159,#5183,.T.) ;
#5209=EDGE_CURVE('',#5206,#5208,#5204,.T.) ;
#5214=EDGE_CURVE('',#5208,#5206,#5213,.T.) ;
#5229=EDGE_CURVE('',#5206,#5161,#5228,.F.) ;
#5234=EDGE_CURVE('',#5208,#5159,#5233,.F.) ;
#89=EDGE_LOOP('',(#90,#91,#92)) ;
#149=EDGE_LOOP('',(#150,#151,#152,#153,#154,#155,#156)) ;
#192=EDGE_LOOP('',(#193,#194,#195,#196)) ;
#223=EDGE_LOOP('',(#224,#225,#226,#227)) ;
#268=EDGE_LOOP('',(#269,#270,#271,#272,#273,#274)) ;
#301=EDGE_LOOP('',(#302,#303,#304,#305)) ;
#327=EDGE_LOOP('',(#328,#329,#330,#331)) ;
#353=EDGE_LOOP('',(#354,#355,#356,#357)) ;
#379=EDGE_LOOP('',(#380,#381,#382,#383)) ;
#438=EDGE_LOOP('',(#439,#440,#441,#442,#443,#444,#445,#446,#447)) ;
#463=EDGE_LOOP('',(#464,#465)) ;
#497=EDGE_LOOP('',(#498,#499,#500,#501,#502,#503)) ;
#530=EDGE_LOOP('',(#531,#532,#533,#534)) ;
#542=EDGE_LOOP('',(#543,#544,#545,#546)) ;
#568=EDGE_LOOP('',(#569,#570,#571,#572)) ;
#599=EDGE_LOOP('',(#600,#601,#602,#603)) ;
#660=EDGE_LOOP('',(#661,#662,#663,#664,#665,#666,#667)) ;
#687=EDGE_LOOP('',(#688,#689,#690,#691,#692,#693)) ;
#713=EDGE_LOOP('',(#714,#715,#716,#717)) ;
#737=EDGE_LOOP('',(#738,#739,#740,#741)) ;
#761=EDGE_LOOP('',(#762,#763,#764,#765)) ;
#785=EDGE_LOOP('',(#786,#787,#788,#789)) ;
#809=EDGE_LOOP('',(#810,#811,#812,#813)) ;
#831=EDGE_LOOP('',(#832,#833,#834,#835)) ;
#848=EDGE_LOOP('',(#849,#850,#851,#852)) ;
#865=EDGE_LOOP('',(#866,#867,#868,#869,#870,#871,#872)) ;
#880=EDGE_LOOP('',(#881,#882,#883,#884,#885,#886)) ;
#904=EDGE_LOOP('',(#905,#906,#907,#908,#909,#910,#911,#912,#913,#914,#915,#916,#917,#918,#919,#920,#921,#922,#923)) ;
#925=EDGE_LOOP('',(#926,#927)) ;
#945=EDGE_LOOP('',(#946,#947,#948,#949,#950,#951,#952,#953,#954,#955,#956,#957,#958)) ;
#990=EDGE_LOOP('',(#991,#992,#993,#994)) ;
#1002=EDGE_LOOP('',(#1003,#1004,#1005,#1006)) ;
#1009=EDGE_LOOP('',(#1010,#1011,#1012)) ;
#1020=EDGE_LOOP('',(#1021,#1022,#1023,#1024)) ;
#1040=EDGE_LOOP('',(#1041,#1042)) ;
#1058=EDGE_LOOP('',(#1059,#1060)) ;
#1063=EDGE_LOOP('',(#1064,#1065,#1066,#1067)) ;
#1083=EDGE_LOOP('',(#1084,#1085)) ;
#1087=EDGE_LOOP('',(#1088,#1089)) ;
#1118=EDGE_LOOP('',(#1119,#1120,#1121)) ;
#1129=EDGE_LOOP('',(#1130,#1131,#1132)) ;
#1150=EDGE_LOOP('',(#1151,#1152,#1153,#1154)) ;
#1157=EDGE_LOOP('',(#1158,#1159,#1160,#1161)) ;
#1190=EDGE_LOOP('',(#1191,#1192,#1193)) ;
#1201=EDGE_LOOP('',(#1202,#1203,#1204)) ;
#1222=EDGE_LOOP('',(#1223,#1224,#1225,#1226)) ;
#1229=EDGE_LOOP('',(#1230,#1231,#1232,#1233)) ;
#1262=EDGE_LOOP('',(#1263,#1264,#1265)) ;
#1273=EDGE_LOOP('',(#1274,#1275,#1276)) ;
#1294=EDGE_LOOP('',(#1295,#1296,#1297,#1298)) ;
#1301=EDGE_LOOP('',(#1302,#1303,#1304,#1305)) ;
#1361=EDGE_LOOP('',(#1362,#1363,#1364)) ;
#1428=EDGE_LOOP('',(#1429,#1430,#1431,#1432,#1433,#1434,#1435,#1436)) ;
#1463=EDGE_LOOP('',(#1464,#1465,#1466,#1467)) ;
#1487=EDGE_LOOP('',(#1488,#1489,#1490,#1491)) ;
#1532=EDGE_LOOP('',(#1533,#1534,#1535,#1536,#1537,#1538)) ;
#1553=EDGE_LOOP('',(#1554,#1555,#1556,#1557)) ;
#1593=EDGE_LOOP('',(#1594,#1595,#1596,#1597)) ;
#1624=EDGE_LOOP('',(#1625,#1626,#1627,#1628)) ;
#1662=EDGE_LOOP('',(#1663,#1664,#1665,#1666,#1667)) ;
#1707=EDGE_LOOP('',(#1708,#1709)) ;
#1736=EDGE_LOOP('',(#1737,#1738,#1739,#1740)) ;
#1767=EDGE_LOOP('',(#1768,#1769,#1770,#1771)) ;
#1798=EDGE_LOOP('',(#1799,#1800,#1801,#1802)) ;
#1822=EDGE_LOOP('',(#1823,#1824,#1825,#1826,#1827,#1828)) ;
#1855=EDGE_LOOP('',(#1856,#1857,#1858,#1859)) ;
#1867=EDGE_LOOP('',(#1868,#1869,#1870,#1871)) ;
#1879=EDGE_LOOP('',(#1880,#1881)) ;
#1897=EDGE_LOOP('',(#1898,#1899)) ;
#1938=EDGE_LOOP('',(#1939,#1940,#1941,#1942)) ;
#1962=EDGE_LOOP('',(#1963,#1964,#1965,#1966)) ;
#1988=EDGE_LOOP('',(#1989,#1990)) ;
#2017=EDGE_LOOP('',(#2018,#2019,#2020,#2021)) ;
#2029=EDGE_LOOP('',(#2030,#2031,#2032,#2033)) ;
#2035=EDGE_LOOP('',(#2036,#2037)) ;
#2050=EDGE_LOOP('',(#2051,#2052,#2053,#2054,#2055,#2056)) ;
#2064=EDGE_LOOP('',(#2065,#2066,#2067,#2068)) ;
#2081=EDGE_LOOP('',(#2082,#2083,#2084,#2085,#2086)) ;
#2099=EDGE_LOOP('',(#2100,#2101,#2102,#2103,#2104,#2105)) ;
#2125=EDGE_LOOP('',(#2126,#2127,#2128,#2129,#2130,#2131,#2132,#2133,#2134,#2135,#2136,#2137,#2138,#2139)) ;
#2141=EDGE_LOOP('',(#2142,#2143)) ;
#2156=EDGE_LOOP('',(#2157,#2158,#2159,#2160)) ;
#2192=EDGE_LOOP('',(#2193,#2194,#2195,#2196)) ;
#2204=EDGE_LOOP('',(#2205,#2206,#2207,#2208)) ;
#2211=EDGE_LOOP('',(#2212,#2213,#2214)) ;
#2222=EDGE_LOOP('',(#2223,#2224,#2225,#2226)) ;
#2242=EDGE_LOOP('',(#2243,#2244)) ;
#2246=EDGE_LOOP('',(#2247,#2248)) ;
#2277=EDGE_LOOP('',(#2278,#2279,#2280)) ;
#2288=EDGE_LOOP('',(#2289,#2290,#2291)) ;
#2309=EDGE_LOOP('',(#2310,#2311,#2312,#2313)) ;
#2316=EDGE_LOOP('',(#2317,#2318,#2319,#2320)) ;
#2407=EDGE_LOOP('',(#2408,#2409,#2410,#2411)) ;
#2447=EDGE_LOOP('',(#2448,#2449,#2450,#2451)) ;
#2470=EDGE_LOOP('',(#2471,#2472)) ;
#2485=EDGE_LOOP('',(#2486,#2487)) ;
#2503=EDGE_LOOP('',(#2504,#2505)) ;
#2532=EDGE_LOOP('',(#2533,#2534,#2535,#2536)) ;
#2544=EDGE_LOOP('',(#2545,#2546,#2547,#2548)) ;
#2570=EDGE_LOOP('',(#2571,#2572)) ;
#2574=EDGE_LOOP('',(#2575,#2576)) ;
#2603=EDGE_LOOP('',(#2604,#2605,#2606,#2607)) ;
#2615=EDGE_LOOP('',(#2616,#2617,#2618,#2619)) ;
#2627=EDGE_LOOP('',(#2628,#2629)) ;
#2645=EDGE_LOOP('',(#2646,#2647)) ;
#2669=EDGE_LOOP('',(#2670,#2671,#2672,#2673)) ;
#2681=EDGE_LOOP('',(#2682,#2683,#2684,#2685)) ;
#2693=EDGE_LOOP('',(#2694,#2695)) ;
#2711=EDGE_LOOP('',(#2712,#2713)) ;
#2740=EDGE_LOOP('',(#2741,#2742,#2743,#2744)) ;
#2752=EDGE_LOOP('',(#2753,#2754,#2755,#2756)) ;
#2778=EDGE_LOOP('',(#2779,#2780)) ;
#2782=EDGE_LOOP('',(#2783,#2784)) ;
#2806=EDGE_LOOP('',(#2807,#2808,#2809,#2810)) ;
#2818=EDGE_LOOP('',(#2819,#2820,#2821,#2822)) ;
#2830=EDGE_LOOP('',(#2831,#2832)) ;
#2845=EDGE_LOOP('',(#2846,#2847)) ;
#2850=EDGE_LOOP('',(#2851,#2852,#2853,#2854)) ;
#2873=EDGE_LOOP('',(#2874,#2875)) ;
#2878=EDGE_LOOP('',(#2879,#2880,#2881,#2882)) ;
#2945=EDGE_LOOP('',(#2946,#2947,#2948,#2949)) ;
#2976=EDGE_LOOP('',(#2977,#2978,#2979,#2980)) ;
#3007=EDGE_LOOP('',(#3008,#3009,#3010,#3011)) ;
#3029=EDGE_LOOP('',(#3030,#3031,#3032,#3033)) ;
#3069=EDGE_LOOP('',(#3070,#3071,#3072,#3073)) ;
#3086=EDGE_LOOP('',(#3087,#3088,#3089,#3090)) ;
#3117=EDGE_LOOP('',(#3118,#3119,#3120,#3121)) ;
#3134=EDGE_LOOP('',(#3135,#3136,#3137,#3138)) ;
#3146=EDGE_LOOP('',(#3147,#3148,#3149,#3150)) ;
#3166=EDGE_LOOP('',(#3167,#3168)) ;
#3170=EDGE_LOOP('',(#3171,#3172)) ;
#3199=EDGE_LOOP('',(#3200,#3201,#3202,#3203)) ;
#3211=EDGE_LOOP('',(#3212,#3213,#3214,#3215)) ;
#3231=EDGE_LOOP('',(#3232,#3233)) ;
#3235=EDGE_LOOP('',(#3236,#3237)) ;
#3245=EDGE_LOOP('',(#3246,#3247,#3248,#3249)) ;
#3267=EDGE_LOOP('',(#3268,#3269,#3270,#3271)) ;
#3279=EDGE_LOOP('',(#3280,#3281,#3282,#3283)) ;
#3361=EDGE_LOOP('',(#3362,#3363,#3364,#3365)) ;
#3378=EDGE_LOOP('',(#3379,#3380,#3381,#3382)) ;
#3409=EDGE_LOOP('',(#3410,#3411,#3412,#3413)) ;
#3449=EDGE_LOOP('',(#3450,#3451,#3452,#3453)) ;
#3455=EDGE_LOOP('',(#3456,#3457)) ;
#3473=EDGE_LOOP('',(#3474,#3475)) ;
#3483=EDGE_LOOP('',(#3484,#3485,#3486,#3487)) ;
#3514=EDGE_LOOP('',(#3515,#3516,#3517,#3518)) ;
#3538=EDGE_LOOP('',(#3539,#3540,#3541,#3542)) ;
#3562=EDGE_LOOP('',(#3563,#3564,#3565,#3566)) ;
#3579=EDGE_LOOP('',(#3580,#3581,#3582,#3583)) ;
#3619=EDGE_LOOP('',(#3620,#3621,#3622,#3623)) ;
#3636=EDGE_LOOP('',(#3637,#3638,#3639,#3640)) ;
#3658=EDGE_LOOP('',(#3659,#3660,#3661,#3662)) ;
#3665=EDGE_LOOP('',(#3666,#3667,#3668,#3669)) ;
#3677=EDGE_LOOP('',(#3678,#3679,#3680,#3681)) ;
#3683=EDGE_LOOP('',(#3684,#3685)) ;
#3687=EDGE_LOOP('',(#3688,#3689)) ;
#3758=EDGE_LOOP('',(#3759,#3760,#3761,#3762)) ;
#3818=EDGE_LOOP('',(#3819,#3820,#3821,#3822,#3823,#3824,#3825,#3826)) ;
#3839=EDGE_LOOP('',(#3840,#3841,#3842)) ;
#3869=EDGE_LOOP('',(#3870,#3871,#3872,#3873)) ;
#3903=EDGE_LOOP('',(#3904,#3905,#3906,#3907)) ;
#3920=EDGE_LOOP('',(#3921,#3922,#3923,#3924)) ;
#3944=EDGE_LOOP('',(#3945,#3946,#3947)) ;
#3950=EDGE_LOOP('',(#3951,#3952,#3953)) ;
#3961=EDGE_LOOP('',(#3962,#3963,#3964)) ;
#3977=EDGE_LOOP('',(#3978,#3979,#3980,#3981)) ;
#3984=EDGE_LOOP('',(#3985,#3986,#3987,#3988,#3989,#3990,#3991,#3992)) ;
#4076=EDGE_LOOP('',(#4077,#4078,#4079,#4080)) ;
#4136=EDGE_LOOP('',(#4137,#4138,#4139,#4140,#4141,#4142,#4143,#4144)) ;
#4157=EDGE_LOOP('',(#4158,#4159,#4160)) ;
#4187=EDGE_LOOP('',(#4188,#4189,#4190,#4191)) ;
#4221=EDGE_LOOP('',(#4222,#4223,#4224,#4225)) ;
#4238=EDGE_LOOP('',(#4239,#4240,#4241,#4242)) ;
#4262=EDGE_LOOP('',(#4263,#4264,#4265)) ;
#4268=EDGE_LOOP('',(#4269,#4270,#4271)) ;
#4279=EDGE_LOOP('',(#4280,#4281,#4282)) ;
#4295=EDGE_LOOP('',(#4296,#4297,#4298,#4299)) ;
#4302=EDGE_LOOP('',(#4303,#4304,#4305,#4306,#4307,#4308,#4309,#4310)) ;
#4456=EDGE_LOOP('',(#4457,#4458,#4459)) ;
#4510=EDGE_LOOP('',(#4511,#4512,#4513,#4514,#4515,#4516)) ;
#4543=EDGE_LOOP('',(#4544,#4545,#4546,#4547)) ;
#4594=EDGE_LOOP('',(#4595,#4596,#4597)) ;
#4610=EDGE_LOOP('',(#4611,#4612)) ;
#4628=EDGE_LOOP('',(#4629,#4630)) ;
#4657=EDGE_LOOP('',(#4658,#4659,#4660,#4661)) ;
#4669=EDGE_LOOP('',(#4670,#4671,#4672,#4673)) ;
#4681=EDGE_LOOP('',(#4682,#4683)) ;
#4699=EDGE_LOOP('',(#4700,#4701)) ;
#4728=EDGE_LOOP('',(#4729,#4730,#4731,#4732)) ;
#4740=EDGE_LOOP('',(#4741,#4742,#4743,#4744)) ;
#4752=EDGE_LOOP('',(#4753,#4754)) ;
#4762=EDGE_LOOP('',(#4763,#4764,#4765,#4766)) ;
#4775=EDGE_LOOP('',(#4776,#4777,#4778,#4779,#4780,#4781)) ;
#4789=EDGE_LOOP('',(#4790,#4791,#4792,#4793)) ;
#4856=EDGE_LOOP('',(#4857,#4858,#4859,#4860)) ;
#4873=EDGE_LOOP('',(#4874,#4875,#4876,#4877)) ;
#4913=EDGE_LOOP('',(#4914,#4915,#4916,#4917)) ;
#4930=EDGE_LOOP('',(#4931,#4932,#4933,#4934)) ;
#4965=EDGE_LOOP('',(#4966,#4967,#4968,#4969)) ;
#4982=EDGE_LOOP('',(#4983,#4984,#4985,#4986)) ;
#4994=EDGE_LOOP('',(#4995,#4996)) ;
#5004=EDGE_LOOP('',(#5005,#5006)) ;
#5008=EDGE_LOOP('',(#5009,#5010)) ;
#5018=EDGE_LOOP('',(#5019,#5020)) ;
#5022=EDGE_LOOP('',(#5023,#5024)) ;
#5032=EDGE_LOOP('',(#5033,#5034)) ;
#5083=EDGE_LOOP('',(#5084,#5085)) ;
#5101=EDGE_LOOP('',(#5102,#5103)) ;
#5130=EDGE_LOOP('',(#5131,#5132,#5133,#5134)) ;
#5142=EDGE_LOOP('',(#5143,#5144,#5145,#5146)) ;
#5173=EDGE_LOOP('',(#5174,#5175,#5176,#5177)) ;
#5185=EDGE_LOOP('',(#5186,#5187,#5188,#5189)) ;
#5197=EDGE_LOOP('',(#5198,#5199)) ;
#5215=EDGE_LOOP('',(#5216,#5217)) ;
#5235=EDGE_LOOP('',(#5236,#5237,#5238,#5239)) ;
#5247=EDGE_LOOP('',(#5248,#5249,#5250,#5251)) ;
#93=FACE_OUTER_BOUND('',#89,.T.) ;
#157=FACE_OUTER_BOUND('',#149,.T.) ;
#197=FACE_OUTER_BOUND('',#192,.T.) ;
#228=FACE_OUTER_BOUND('',#223,.T.) ;
#275=FACE_OUTER_BOUND('',#268,.T.) ;
#306=FACE_OUTER_BOUND('',#301,.T.) ;
#332=FACE_OUTER_BOUND('',#327,.T.) ;
#358=FACE_OUTER_BOUND('',#353,.T.) ;
#384=FACE_OUTER_BOUND('',#379,.T.) ;
#448=FACE_OUTER_BOUND('',#438,.T.) ;
#504=FACE_OUTER_BOUND('',#497,.T.) ;
#535=FACE_OUTER_BOUND('',#530,.T.) ;
#547=FACE_OUTER_BOUND('',#542,.T.) ;
#573=FACE_OUTER_BOUND('',#568,.T.) ;
#604=FACE_OUTER_BOUND('',#599,.T.) ;
#668=FACE_OUTER_BOUND('',#660,.T.) ;
#694=FACE_OUTER_BOUND('',#687,.T.) ;
#718=FACE_OUTER_BOUND('',#713,.T.) ;
#742=FACE_OUTER_BOUND('',#737,.T.) ;
#766=FACE_OUTER_BOUND('',#761,.T.) ;
#790=FACE_OUTER_BOUND('',#785,.T.) ;
#814=FACE_OUTER_BOUND('',#809,.T.) ;
#836=FACE_OUTER_BOUND('',#831,.T.) ;
#853=FACE_OUTER_BOUND('',#848,.T.) ;
#873=FACE_OUTER_BOUND('',#865,.T.) ;
#887=FACE_OUTER_BOUND('',#880,.T.) ;
#924=FACE_OUTER_BOUND('',#904,.T.) ;
#959=FACE_OUTER_BOUND('',#945,.T.) ;
#995=FACE_OUTER_BOUND('',#990,.T.) ;
#1007=FACE_OUTER_BOUND('',#1002,.T.) ;
#1013=FACE_OUTER_BOUND('',#1009,.T.) ;
#1025=FACE_OUTER_BOUND('',#1020,.T.) ;
#1068=FACE_OUTER_BOUND('',#1063,.T.) ;
#1122=FACE_OUTER_BOUND('',#1118,.T.) ;
#1133=FACE_OUTER_BOUND('',#1129,.T.) ;
#1155=FACE_OUTER_BOUND('',#1150,.T.) ;
#1162=FACE_OUTER_BOUND('',#1157,.T.) ;
#1194=FACE_OUTER_BOUND('',#1190,.T.) ;
#1205=FACE_OUTER_BOUND('',#1201,.T.) ;
#1227=FACE_OUTER_BOUND('',#1222,.T.) ;
#1234=FACE_OUTER_BOUND('',#1229,.T.) ;
#1266=FACE_OUTER_BOUND('',#1262,.T.) ;
#1277=FACE_OUTER_BOUND('',#1273,.T.) ;
#1299=FACE_OUTER_BOUND('',#1294,.T.) ;
#1306=FACE_OUTER_BOUND('',#1301,.T.) ;
#1365=FACE_OUTER_BOUND('',#1361,.T.) ;
#1437=FACE_OUTER_BOUND('',#1428,.T.) ;
#1468=FACE_OUTER_BOUND('',#1463,.T.) ;
#1492=FACE_OUTER_BOUND('',#1487,.T.) ;
#1539=FACE_OUTER_BOUND('',#1532,.T.) ;
#1558=FACE_OUTER_BOUND('',#1553,.T.) ;
#1598=FACE_OUTER_BOUND('',#1593,.T.) ;
#1629=FACE_OUTER_BOUND('',#1624,.T.) ;
#1668=FACE_OUTER_BOUND('',#1662,.T.) ;
#1741=FACE_OUTER_BOUND('',#1736,.T.) ;
#1772=FACE_OUTER_BOUND('',#1767,.T.) ;
#1803=FACE_OUTER_BOUND('',#1798,.T.) ;
#1829=FACE_OUTER_BOUND('',#1822,.T.) ;
#1860=FACE_OUTER_BOUND('',#1855,.T.) ;
#1872=FACE_OUTER_BOUND('',#1867,.T.) ;
#1882=FACE_OUTER_BOUND('',#1879,.T.) ;
#1943=FACE_OUTER_BOUND('',#1938,.T.) ;
#1967=FACE_OUTER_BOUND('',#1962,.T.) ;
#1991=FACE_OUTER_BOUND('',#1988,.T.) ;
#2022=FACE_OUTER_BOUND('',#2017,.T.) ;
#2034=FACE_OUTER_BOUND('',#2029,.T.) ;
#2057=FACE_OUTER_BOUND('',#2050,.T.) ;
#2069=FACE_OUTER_BOUND('',#2064,.T.) ;
#2087=FACE_OUTER_BOUND('',#2081,.T.) ;
#2106=FACE_OUTER_BOUND('',#2099,.T.) ;
#2140=FACE_OUTER_BOUND('',#2125,.T.) ;
#2161=FACE_OUTER_BOUND('',#2156,.T.) ;
#2197=FACE_OUTER_BOUND('',#2192,.T.) ;
#2209=FACE_OUTER_BOUND('',#2204,.T.) ;
#2215=FACE_OUTER_BOUND('',#2211,.T.) ;
#2227=FACE_OUTER_BOUND('',#2222,.T.) ;
#2281=FACE_OUTER_BOUND('',#2277,.T.) ;
#2292=FACE_OUTER_BOUND('',#2288,.T.) ;
#2314=FACE_OUTER_BOUND('',#2309,.T.) ;
#2321=FACE_OUTER_BOUND('',#2316,.T.) ;
#2412=FACE_OUTER_BOUND('',#2407,.T.) ;
#2452=FACE_OUTER_BOUND('',#2447,.T.) ;
#2488=FACE_OUTER_BOUND('',#2485,.T.) ;
#2537=FACE_OUTER_BOUND('',#2532,.T.) ;
#2549=FACE_OUTER_BOUND('',#2544,.T.) ;
#2573=FACE_OUTER_BOUND('',#2570,.T.) ;
#2608=FACE_OUTER_BOUND('',#2603,.T.) ;
#2620=FACE_OUTER_BOUND('',#2615,.T.) ;
#2630=FACE_OUTER_BOUND('',#2627,.T.) ;
#2674=FACE_OUTER_BOUND('',#2669,.T.) ;
#2686=FACE_OUTER_BOUND('',#2681,.T.) ;
#2696=FACE_OUTER_BOUND('',#2693,.T.) ;
#2745=FACE_OUTER_BOUND('',#2740,.T.) ;
#2757=FACE_OUTER_BOUND('',#2752,.T.) ;
#2781=FACE_OUTER_BOUND('',#2778,.T.) ;
#2811=FACE_OUTER_BOUND('',#2806,.T.) ;
#2823=FACE_OUTER_BOUND('',#2818,.T.) ;
#2833=FACE_OUTER_BOUND('',#2830,.T.) ;
#2848=FACE_OUTER_BOUND('',#2845,.T.) ;
#2855=FACE_OUTER_BOUND('',#2850,.T.) ;
#2883=FACE_OUTER_BOUND('',#2878,.T.) ;
#2950=FACE_OUTER_BOUND('',#2945,.T.) ;
#2981=FACE_OUTER_BOUND('',#2976,.T.) ;
#3012=FACE_OUTER_BOUND('',#3007,.T.) ;
#3034=FACE_OUTER_BOUND('',#3029,.T.) ;
#3074=FACE_OUTER_BOUND('',#3069,.T.) ;
#3091=FACE_OUTER_BOUND('',#3086,.T.) ;
#3122=FACE_OUTER_BOUND('',#3117,.T.) ;
#3139=FACE_OUTER_BOUND('',#3134,.T.) ;
#3151=FACE_OUTER_BOUND('',#3146,.T.) ;
#3204=FACE_OUTER_BOUND('',#3199,.T.) ;
#3216=FACE_OUTER_BOUND('',#3211,.T.) ;
#3250=FACE_OUTER_BOUND('',#3245,.T.) ;
#3272=FACE_OUTER_BOUND('',#3267,.T.) ;
#3284=FACE_OUTER_BOUND('',#3279,.T.) ;
#3366=FACE_OUTER_BOUND('',#3361,.T.) ;
#3383=FACE_OUTER_BOUND('',#3378,.T.) ;
#3414=FACE_OUTER_BOUND('',#3409,.T.) ;
#3454=FACE_OUTER_BOUND('',#3449,.T.) ;
#3488=FACE_OUTER_BOUND('',#3483,.T.) ;
#3519=FACE_OUTER_BOUND('',#3514,.T.) ;
#3543=FACE_OUTER_BOUND('',#3538,.T.) ;
#3567=FACE_OUTER_BOUND('',#3562,.T.) ;
#3584=FACE_OUTER_BOUND('',#3579,.T.) ;
#3624=FACE_OUTER_BOUND('',#3619,.T.) ;
#3641=FACE_OUTER_BOUND('',#3636,.T.) ;
#3663=FACE_OUTER_BOUND('',#3658,.T.) ;
#3670=FACE_OUTER_BOUND('',#3665,.T.) ;
#3682=FACE_OUTER_BOUND('',#3677,.T.) ;
#3763=FACE_OUTER_BOUND('',#3758,.T.) ;
#3827=FACE_OUTER_BOUND('',#3818,.T.) ;
#3843=FACE_OUTER_BOUND('',#3839,.T.) ;
#3874=FACE_OUTER_BOUND('',#3869,.T.) ;
#3908=FACE_OUTER_BOUND('',#3903,.T.) ;
#3925=FACE_OUTER_BOUND('',#3920,.T.) ;
#3948=FACE_OUTER_BOUND('',#3944,.T.) ;
#3954=FACE_OUTER_BOUND('',#3950,.T.) ;
#3965=FACE_OUTER_BOUND('',#3961,.T.) ;
#3982=FACE_OUTER_BOUND('',#3977,.T.) ;
#3993=FACE_OUTER_BOUND('',#3984,.T.) ;
#4081=FACE_OUTER_BOUND('',#4076,.T.) ;
#4145=FACE_OUTER_BOUND('',#4136,.T.) ;
#4161=FACE_OUTER_BOUND('',#4157,.T.) ;
#4192=FACE_OUTER_BOUND('',#4187,.T.) ;
#4226=FACE_OUTER_BOUND('',#4221,.T.) ;
#4243=FACE_OUTER_BOUND('',#4238,.T.) ;
#4266=FACE_OUTER_BOUND('',#4262,.T.) ;
#4272=FACE_OUTER_BOUND('',#4268,.T.) ;
#4283=FACE_OUTER_BOUND('',#4279,.T.) ;
#4300=FACE_OUTER_BOUND('',#4295,.T.) ;
#4311=FACE_OUTER_BOUND('',#4302,.T.) ;
#4460=FACE_OUTER_BOUND('',#4456,.T.) ;
#4517=FACE_OUTER_BOUND('',#4510,.T.) ;
#4548=FACE_OUTER_BOUND('',#4543,.T.) ;
#4598=FACE_OUTER_BOUND('',#4594,.T.) ;
#4613=FACE_OUTER_BOUND('',#4610,.T.) ;
#4662=FACE_OUTER_BOUND('',#4657,.T.) ;
#4674=FACE_OUTER_BOUND('',#4669,.T.) ;
#4684=FACE_OUTER_BOUND('',#4681,.T.) ;
#4733=FACE_OUTER_BOUND('',#4728,.T.) ;
#4745=FACE_OUTER_BOUND('',#4740,.T.) ;
#4755=FACE_OUTER_BOUND('',#4752,.T.) ;
#4767=FACE_OUTER_BOUND('',#4762,.T.) ;
#4782=FACE_OUTER_BOUND('',#4775,.T.) ;
#4794=FACE_OUTER_BOUND('',#4789,.T.) ;
#4861=FACE_OUTER_BOUND('',#4856,.T.) ;
#4878=FACE_OUTER_BOUND('',#4873,.T.) ;
#4918=FACE_OUTER_BOUND('',#4913,.T.) ;
#4935=FACE_OUTER_BOUND('',#4930,.T.) ;
#4970=FACE_OUTER_BOUND('',#4965,.T.) ;
#4987=FACE_OUTER_BOUND('',#4982,.T.) ;
#4997=FACE_OUTER_BOUND('',#4994,.T.) ;
#5007=FACE_OUTER_BOUND('',#5004,.T.) ;
#5021=FACE_OUTER_BOUND('',#5018,.T.) ;
#5035=FACE_OUTER_BOUND('',#5032,.T.) ;
#5086=FACE_OUTER_BOUND('',#5083,.T.) ;
#5135=FACE_OUTER_BOUND('',#5130,.T.) ;
#5147=FACE_OUTER_BOUND('',#5142,.T.) ;
#5178=FACE_OUTER_BOUND('',#5173,.T.) ;
#5190=FACE_OUTER_BOUND('',#5185,.T.) ;
#5200=FACE_OUTER_BOUND('',#5197,.T.) ;
#5240=FACE_OUTER_BOUND('',#5235,.T.) ;
#5252=FACE_OUTER_BOUND('',#5247,.T.) ;
#50=UNCERTAINTY_MEASURE_WITH_UNIT(LENGTH_MEASURE(0.005),#46,'distance_accuracy_value','CONFUSED CURVE UNCERTAINTY') ;
#52=UNCERTAINTY_MEASURE_WITH_UNIT(LENGTH_MEASURE(0.005),#46,'distance_accuracy_value','CONFUSED CURVE UNCERTAINTY') ;
#1324=UNCERTAINTY_MEASURE_WITH_UNIT(LENGTH_MEASURE(0.005),#46,'distance_accuracy_value','CONFUSED CURVE UNCERTAINTY') ;
#2339=UNCERTAINTY_MEASURE_WITH_UNIT(LENGTH_MEASURE(0.005),#46,'distance_accuracy_value','CONFUSED CURVE UNCERTAINTY') ;
#2901=UNCERTAINTY_MEASURE_WITH_UNIT(LENGTH_MEASURE(0.005),#46,'distance_accuracy_value','CONFUSED CURVE UNCERTAINTY') ;
#3302=UNCERTAINTY_MEASURE_WITH_UNIT(LENGTH_MEASURE(0.005),#46,'distance_accuracy_value','CONFUSED CURVE UNCERTAINTY') ;
#3317=UNCERTAINTY_MEASURE_WITH_UNIT(LENGTH_MEASURE(0.005),#46,'distance_accuracy_value','CONFUSED CURVE UNCERTAINTY') ;
#3708=UNCERTAINTY_MEASURE_WITH_UNIT(LENGTH_MEASURE(0.005),#46,'distance_accuracy_value','CONFUSED CURVE UNCERTAINTY') ;
#4011=UNCERTAINTY_MEASURE_WITH_UNIT(LENGTH_MEASURE(0.005),#46,'distance_accuracy_value','CONFUSED CURVE UNCERTAINTY') ;
#4026=UNCERTAINTY_MEASURE_WITH_UNIT(LENGTH_MEASURE(0.005),#46,'distance_accuracy_value','CONFUSED CURVE UNCERTAINTY') ;
#4329=UNCERTAINTY_MEASURE_WITH_UNIT(LENGTH_MEASURE(0.005),#46,'distance_accuracy_value','CONFUSED CURVE UNCERTAINTY') ;
#4344=UNCERTAINTY_MEASURE_WITH_UNIT(LENGTH_MEASURE(0.005),#46,'distance_accuracy_value','CONFUSED CURVE UNCERTAINTY') ;
#4359=UNCERTAINTY_MEASURE_WITH_UNIT(LENGTH_MEASURE(0.005),#46,'distance_accuracy_value','CONFUSED CURVE UNCERTAINTY') ;
#4374=UNCERTAINTY_MEASURE_WITH_UNIT(LENGTH_MEASURE(0.005),#46,'distance_accuracy_value','CONFUSED CURVE UNCERTAINTY') ;
#4812=UNCERTAINTY_MEASURE_WITH_UNIT(LENGTH_MEASURE(0.005),#46,'distance_accuracy_value','CONFUSED CURVE UNCERTAINTY') ;
#5053=UNCERTAINTY_MEASURE_WITH_UNIT(LENGTH_MEASURE(0.005),#46,'distance_accuracy_value','CONFUSED CURVE UNCERTAINTY') ;
#5270=UNCERTAINTY_MEASURE_WITH_UNIT(LENGTH_MEASURE(0.005),#46,'distance_accuracy_value','CONFUSED CURVE UNCERTAINTY') ;
#71=LINE('Line',#68,#70) ;
#87=LINE('Line',#84,#86) ;
#103=LINE('Line',#100,#102) ;
#112=LINE('Line',#109,#111) ;
#119=LINE('Line',#116,#118) ;
#126=LINE('Line',#123,#125) ;
#133=LINE('Line',#130,#132) ;
#140=LINE('Line',#137,#139) ;
#147=LINE('Line',#144,#146) ;
#167=LINE('Line',#164,#166) ;
#176=LINE('Line',#173,#175) ;
#183=LINE('Line',#180,#182) ;
#190=LINE('Line',#187,#189) ;
#207=LINE('Line',#204,#206) ;
#214=LINE('Line',#211,#213) ;
#221=LINE('Line',#218,#220) ;
#238=LINE('Line',#235,#237) ;
#245=LINE('Line',#242,#244) ;
#252=LINE('Line',#249,#251) ;
#259=LINE('Line',#256,#258) ;
#266=LINE('Line',#263,#265) ;
#285=LINE('Line',#282,#284) ;
#294=LINE('Line',#291,#293) ;
#299=LINE('Line',#296,#298) ;
#311=LINE('Line',#308,#310) ;
#318=LINE('Line',#315,#317) ;
#325=LINE('Line',#322,#324) ;
#337=LINE('Line',#334,#336) ;
#346=LINE('Line',#343,#345) ;
#351=LINE('Line',#348,#350) ;
#363=LINE('Line',#360,#362) ;
#370=LINE('Line',#367,#369) ;
#377=LINE('Line',#374,#376) ;
#394=LINE('Line',#391,#393) ;
#401=LINE('Line',#398,#400) ;
#415=LINE('Line',#412,#414) ;
#429=LINE('Line',#426,#428) ;
#476=LINE('Line',#473,#475) ;
#483=LINE('Line',#480,#482) ;
#488=LINE('Line',#485,#487) ;
#495=LINE('Line',#492,#494) ;
#514=LINE('Line',#511,#513) ;
#528=LINE('Line',#525,#527) ;
#552=LINE('Line',#549,#551) ;
#559=LINE('Line',#556,#558) ;
#566=LINE('Line',#563,#565) ;
#583=LINE('Line',#580,#582) ;
#590=LINE('Line',#587,#589) ;
#597=LINE('Line',#594,#596) ;
#614=LINE('Line',#611,#613) ;
#623=LINE('Line',#620,#622) ;
#630=LINE('Line',#627,#629) ;
#637=LINE('Line',#634,#636) ;
#644=LINE('Line',#641,#643) ;
#651=LINE('Line',#648,#650) ;
#658=LINE('Line',#655,#657) ;
#673=LINE('Line',#670,#672) ;
#678=LINE('Line',#675,#677) ;
#685=LINE('Line',#682,#684) ;
#711=LINE('Line',#708,#710) ;
#728=LINE('Line',#725,#727) ;
#735=LINE('Line',#732,#734) ;
#759=LINE('Line',#756,#758) ;
#776=LINE('Line',#773,#775) ;
#783=LINE('Line',#780,#782) ;
#807=LINE('Line',#804,#806) ;
#824=LINE('Line',#821,#823) ;
#829=LINE('Line',#826,#828) ;
#846=LINE('Line',#843,#845) ;
#863=LINE('Line',#860,#862) ;
#878=LINE('Line',#875,#877) ;
#897=LINE('Line',#894,#896) ;
#902=LINE('Line',#899,#901) ;
#938=LINE('Line',#935,#937) ;
#943=LINE('Line',#940,#942) ;
#978=LINE('Line',#975,#977) ;
#988=LINE('Line',#985,#987) ;
#1100=LINE('Line',#1097,#1099) ;
#1116=LINE('Line',#1113,#1115) ;
#1143=LINE('Line',#1140,#1142) ;
#1148=LINE('Line',#1145,#1147) ;
#1172=LINE('Line',#1169,#1171) ;
#1188=LINE('Line',#1185,#1187) ;
#1215=LINE('Line',#1212,#1214) ;
#1220=LINE('Line',#1217,#1219) ;
#1244=LINE('Line',#1241,#1243) ;
#1260=LINE('Line',#1257,#1259) ;
#1287=LINE('Line',#1284,#1286) ;
#1292=LINE('Line',#1289,#1291) ;
#1343=LINE('Line',#1340,#1342) ;
#1359=LINE('Line',#1356,#1358) ;
#1375=LINE('Line',#1372,#1374) ;
#1384=LINE('Line',#1381,#1383) ;
#1391=LINE('Line',#1388,#1390) ;
#1398=LINE('Line',#1395,#1397) ;
#1405=LINE('Line',#1402,#1404) ;
#1412=LINE('Line',#1409,#1411) ;
#1419=LINE('Line',#1416,#1418) ;
#1426=LINE('Line',#1423,#1425) ;
#1447=LINE('Line',#1444,#1446) ;
#1454=LINE('Line',#1451,#1453) ;
#1461=LINE('Line',#1458,#1460) ;
#1478=LINE('Line',#1475,#1477) ;
#1485=LINE('Line',#1482,#1484) ;
#1502=LINE('Line',#1499,#1501) ;
#1509=LINE('Line',#1506,#1508) ;
#1516=LINE('Line',#1513,#1515) ;
#1523=LINE('Line',#1520,#1522) ;
#1530=LINE('Line',#1527,#1529) ;
#1544=LINE('Line',#1541,#1543) ;
#1551=LINE('Line',#1548,#1550) ;
#1577=LINE('Line',#1574,#1576) ;
#1591=LINE('Line',#1588,#1590) ;
#1608=LINE('Line',#1605,#1607) ;
#1617=LINE('Line',#1614,#1616) ;
#1622=LINE('Line',#1619,#1621) ;
#1639=LINE('Line',#1636,#1638) ;
#1720=LINE('Line',#1717,#1719) ;
#1729=LINE('Line',#1726,#1728) ;
#1734=LINE('Line',#1731,#1733) ;
#1758=LINE('Line',#1755,#1757) ;
#1782=LINE('Line',#1779,#1781) ;
#1791=LINE('Line',#1788,#1790) ;
#1796=LINE('Line',#1793,#1795) ;
#1813=LINE('Line',#1810,#1812) ;
#1820=LINE('Line',#1817,#1819) ;
#1839=LINE('Line',#1836,#1838) ;
#1853=LINE('Line',#1850,#1852) ;
#1931=LINE('Line',#1928,#1930) ;
#1936=LINE('Line',#1933,#1935) ;
#2001=LINE('Line',#1998,#2000) ;
#2015=LINE('Line',#2012,#2014) ;
#2043=LINE('Line',#2040,#2042) ;
#2048=LINE('Line',#2045,#2047) ;
#2062=LINE('Line',#2059,#2061) ;
#2079=LINE('Line',#2076,#2078) ;
#2097=LINE('Line',#2094,#2096) ;
#2116=LINE('Line',#2113,#2115) ;
#2123=LINE('Line',#2120,#2122) ;
#2154=LINE('Line',#2151,#2153) ;
#2180=LINE('Line',#2177,#2179) ;
#2190=LINE('Line',#2187,#2189) ;
#2259=LINE('Line',#2256,#2258) ;
#2275=LINE('Line',#2272,#2274) ;
#2302=LINE('Line',#2299,#2301) ;
#2307=LINE('Line',#2304,#2306) ;
#2358=LINE('Line',#2355,#2357) ;
#2386=LINE('Line',#2383,#2385) ;
#2431=LINE('Line',#2428,#2430) ;
#2445=LINE('Line',#2442,#2444) ;
#2516=LINE('Line',#2513,#2515) ;
#2530=LINE('Line',#2527,#2529) ;
#2587=LINE('Line',#2584,#2586) ;
#2601=LINE('Line',#2598,#2600) ;
#2653=LINE('Line',#2650,#2652) ;
#2667=LINE('Line',#2664,#2666) ;
#2724=LINE('Line',#2721,#2723) ;
#2738=LINE('Line',#2735,#2737) ;
#2790=LINE('Line',#2787,#2789) ;
#2804=LINE('Line',#2801,#2803) ;
#2920=LINE('Line',#2917,#2919) ;
#2929=LINE('Line',#2926,#2928) ;
#2936=LINE('Line',#2933,#2935) ;
#2943=LINE('Line',#2940,#2942) ;
#2960=LINE('Line',#2957,#2959) ;
#2967=LINE('Line',#2964,#2966) ;
#2974=LINE('Line',#2971,#2973) ;
#2991=LINE('Line',#2988,#2990) ;
#2998=LINE('Line',#2995,#2997) ;
#3005=LINE('Line',#3002,#3004) ;
#3022=LINE('Line',#3019,#3021) ;
#3027=LINE('Line',#3024,#3026) ;
#3053=LINE('Line',#3050,#3052) ;
#3067=LINE('Line',#3064,#3066) ;
#3101=LINE('Line',#3098,#3100) ;
#3115=LINE('Line',#3112,#3114) ;
#3192=LINE('Line',#3189,#3191) ;
#3197=LINE('Line',#3194,#3196) ;
#3260=LINE('Line',#3257,#3259) ;
#3265=LINE('Line',#3262,#3264) ;
#3345=LINE('Line',#3342,#3344) ;
#3359=LINE('Line',#3356,#3358) ;
#3402=LINE('Line',#3399,#3401) ;
#3407=LINE('Line',#3404,#3406) ;
#3424=LINE('Line',#3421,#3423) ;
#3433=LINE('Line',#3430,#3432) ;
#3440=LINE('Line',#3437,#3439) ;
#3447=LINE('Line',#3444,#3446) ;
#3498=LINE('Line',#3495,#3497) ;
#3505=LINE('Line',#3502,#3504) ;
#3512=LINE('Line',#3509,#3511) ;
#3529=LINE('Line',#3526,#3528) ;
#3536=LINE('Line',#3533,#3535) ;
#3553=LINE('Line',#3550,#3552) ;
#3560=LINE('Line',#3557,#3559) ;
#3577=LINE('Line',#3574,#3576) ;
#3603=LINE('Line',#3600,#3602) ;
#3617=LINE('Line',#3614,#3616) ;
#3651=LINE('Line',#3648,#3650) ;
#3656=LINE('Line',#3653,#3655) ;
#3739=LINE('Line',#3736,#3738) ;
#3756=LINE('Line',#3753,#3755) ;
#3782=LINE('Line',#3779,#3781) ;
#3796=LINE('Line',#3793,#3795) ;
#3853=LINE('Line',#3850,#3852) ;
#3860=LINE('Line',#3857,#3859) ;
#3884=LINE('Line',#3881,#3883) ;
#3901=LINE('Line',#3898,#3900) ;
#3935=LINE('Line',#3932,#3934) ;
#3942=LINE('Line',#3939,#3941) ;
#4057=LINE('Line',#4054,#4056) ;
#4074=LINE('Line',#4071,#4073) ;
#4100=LINE('Line',#4097,#4099) ;
#4114=LINE('Line',#4111,#4113) ;
#4171=LINE('Line',#4168,#4170) ;
#4178=LINE('Line',#4175,#4177) ;
#4202=LINE('Line',#4199,#4201) ;
#4219=LINE('Line',#4216,#4218) ;
#4253=LINE('Line',#4250,#4252) ;
#4260=LINE('Line',#4257,#4259) ;
#4393=LINE('Line',#4390,#4392) ;
#4527=LINE('Line',#4524,#4526) ;
#4534=LINE('Line',#4531,#4533) ;
#4558=LINE('Line',#4555,#4557) ;
#4641=LINE('Line',#4638,#4640) ;
#4648=LINE('Line',#4645,#4647) ;
#4712=LINE('Line',#4709,#4711) ;
#4719=LINE('Line',#4716,#4718) ;
#4840=LINE('Line',#4837,#4839) ;
#4854=LINE('Line',#4851,#4853) ;
#4897=LINE('Line',#4894,#4896) ;
#4911=LINE('Line',#4908,#4910) ;
#4949=LINE('Line',#4946,#4948) ;
#4963=LINE('Line',#4960,#4962) ;
#5166=LINE('Line',#5163,#5165) ;
#5171=LINE('Line',#5168,#5170) ;
#5228=LINE('Line',#5225,#5227) ;
#5233=LINE('Line',#5230,#5232) ;
#2=MECHANICAL_CONTEXT(' ',#1,'mechanical') ;
#1311=NEXT_ASSEMBLY_USAGE_OCCURRENCE('Base.1','Base.1','',#17,#58,' ') ;
#2326=NEXT_ASSEMBLY_USAGE_OCCURRENCE('Vice Jaw.1','Vice Jaw.1','',#17,#1330,' ') ;
#2888=NEXT_ASSEMBLY_USAGE_OCCURRENCE('Jaw Screw.1','Jaw Screw.1','',#17,#2345,' ') ;
#3289=NEXT_ASSEMBLY_USAGE_OCCURRENCE('Base Plate.1','Base Plate.1','',#17,#2907,' ') ;
#3304=NEXT_ASSEMBLY_USAGE_OCCURRENCE('Base Plate.2','Base Plate.2','',#17,#2907,' ') ;
#3695=NEXT_ASSEMBLY_USAGE_OCCURRENCE('Clamping Plate.1','Clamping Plate.1','',#17,#3323,' ') ;
#3998=NEXT_ASSEMBLY_USAGE_OCCURRENCE('Set Screw1.1','Set Screw1.1','',#17,#3714,' ') ;
#4013=NEXT_ASSEMBLY_USAGE_OCCURRENCE('Set Screw1.2','Set Screw1.2','',#17,#3714,' ') ;
#4316=NEXT_ASSEMBLY_USAGE_OCCURRENCE('Set Screw1.3','Set Screw1.3','',#17,#4032,' ') ;
#4331=NEXT_ASSEMBLY_USAGE_OCCURRENCE('Set Screw1.4','Set Screw1.4','',#17,#4032,' ') ;
#4346=NEXT_ASSEMBLY_USAGE_OCCURRENCE('Set Screw1.5','Set Screw1.5','',#17,#4032,' ') ;
#4361=NEXT_ASSEMBLY_USAGE_OCCURRENCE('Set Screw1.6','Set Screw1.6','',#17,#4032,' ') ;
#4799=NEXT_ASSEMBLY_USAGE_OCCURRENCE('Oval Fillister.1','Oval Fillister.1','',#17,#4380,' ') ;
#5040=NEXT_ASSEMBLY_USAGE_OCCURRENCE('Screw Bar.1','Screw Bar.1','',#17,#4818,' ') ;
#5257=NEXT_ASSEMBLY_USAGE_OCCURRENCE('Bar glopes.1','Bar glopes.1','',#17,#5059,' ') ;
#5272=NEXT_ASSEMBLY_USAGE_OCCURRENCE('Bar glopes.2','Bar glopes.2','',#17,#5059,' ') ;
#27=PERSONAL_ADDRESS(' ',' ',' ',' ',' ',' ',' ',' ',' ',' ',' ',' ',(#25),' ') ;
#99=PLANE('Plane',#98) ;
#163=PLANE('Plane',#162) ;
#203=PLANE('Plane',#202) ;
#234=PLANE('Plane',#233) ;
#281=PLANE('Plane',#280) ;
#390=PLANE('Plane',#389) ;
#472=PLANE('Plane',#471) ;
#579=PLANE('Plane',#578) ;
#610=PLANE('Plane',#609) ;
#724=PLANE('Plane',#723) ;
#772=PLANE('Plane',#771) ;
#820=PLANE('Plane',#819) ;
#842=PLANE('Plane',#841) ;
#859=PLANE('Plane',#858) ;
#893=PLANE('Plane',#892) ;
#934=PLANE('Plane',#933) ;
#1019=PLANE('Plane',#1018) ;
#1371=PLANE('Plane',#1370) ;
#1443=PLANE('Plane',#1442) ;
#1474=PLANE('Plane',#1473) ;
#1498=PLANE('Plane',#1497) ;
#1604=PLANE('Plane',#1603) ;
#1716=PLANE('Plane',#1715) ;
#1778=PLANE('Plane',#1777) ;
#1809=PLANE('Plane',#1808) ;
#1878=PLANE('Plane',#1877) ;
#1973=PLANE('Plane',#1972) ;
#2075=PLANE('Plane',#2074) ;
#2093=PLANE('Plane',#2092) ;
#2112=PLANE('Plane',#2111) ;
#2150=PLANE('Plane',#2149) ;
#2221=PLANE('Plane',#2220) ;
#2479=PLANE('Plane',#2478) ;
#2555=PLANE('Plane',#2554) ;
#2626=PLANE('Plane',#2625) ;
#2692=PLANE('Plane',#2691) ;
#2763=PLANE('Plane',#2762) ;
#2829=PLANE('Plane',#2828) ;
#2839=PLANE('Plane',#2838) ;
#2916=PLANE('Plane',#2915) ;
#2956=PLANE('Plane',#2955) ;
#2987=PLANE('Plane',#2986) ;
#3018=PLANE('Plane',#3017) ;
#3145=PLANE('Plane',#3144) ;
#3210=PLANE('Plane',#3209) ;
#3420=PLANE('Plane',#3419) ;
#3494=PLANE('Plane',#3493) ;
#3525=PLANE('Plane',#3524) ;
#3549=PLANE('Plane',#3548) ;
#3573=PLANE('Plane',#3572) ;
#3676=PLANE('Plane',#3675) ;
#3723=PLANE('Plane',#3722) ;
#3833=PLANE('Plane',#3832) ;
#3880=PLANE('Plane',#3879) ;
#3971=PLANE('Plane',#3970) ;
#4041=PLANE('Plane',#4040) ;
#4151=PLANE('Plane',#4150) ;
#4198=PLANE('Plane',#4197) ;
#4289=PLANE('Plane',#4288) ;
#4389=PLANE('Plane',#4388) ;
#4554=PLANE('Plane',#4553) ;
#4604=PLANE('Plane',#4603) ;
#4680=PLANE('Plane',#4679) ;
#4751=PLANE('Plane',#4750) ;
#4788=PLANE('Plane',#4787) ;
#4993=PLANE('Plane',#4992) ;
#5003=PLANE('Plane',#5002) ;
#5017=PLANE('Plane',#5016) ;
#5031=PLANE('Plane',#5030) ;
#5068=PLANE('Plane',#5067) ;
#5196=PLANE('Plane',#5195) ;
#48=PLANE_ANGLE_MEASURE_WITH_UNIT(PLANE_ANGLE_MEASURE(0.0174532925199),#47) ;
#7=PRODUCT_CATEGORY('part',$) ;
#14=PRODUCT_CATEGORY('part',$) ;
#9=PRODUCT_CATEGORY_RELATIONSHIP(' ',' ',#7,#8) ;
#16=PRODUCT_CATEGORY_RELATIONSHIP(' ',' ',#14,#15) ;
#6=PRODUCT_DEFINITION_FORMATION_WITH_SPECIFIED_SOURCE('',' ',#5,.NOT_KNOWN.) ;
#57=PRODUCT_DEFINITION_FORMATION_WITH_SPECIFIED_SOURCE('',' ',#56,.NOT_KNOWN.) ;
#1329=PRODUCT_DEFINITION_FORMATION_WITH_SPECIFIED_SOURCE('',' ',#1328,.NOT_KNOWN.) ;
#2344=PRODUCT_DEFINITION_FORMATION_WITH_SPECIFIED_SOURCE('',' ',#2343,.NOT_KNOWN.) ;
#2906=PRODUCT_DEFINITION_FORMATION_WITH_SPECIFIED_SOURCE('',' ',#2905,.NOT_KNOWN.) ;
#3322=PRODUCT_DEFINITION_FORMATION_WITH_SPECIFIED_SOURCE('',' ',#3321,.NOT_KNOWN.) ;
#3713=PRODUCT_DEFINITION_FORMATION_WITH_SPECIFIED_SOURCE('',' ',#3712,.NOT_KNOWN.) ;
#4031=PRODUCT_DEFINITION_FORMATION_WITH_SPECIFIED_SOURCE('',' ',#4030,.NOT_KNOWN.) ;
#4379=PRODUCT_DEFINITION_FORMATION_WITH_SPECIFIED_SOURCE('',' ',#4378,.NOT_KNOWN.) ;
#4817=PRODUCT_DEFINITION_FORMATION_WITH_SPECIFIED_SOURCE('',' ',#4816,.NOT_KNOWN.) ;
#5058=PRODUCT_DEFINITION_FORMATION_WITH_SPECIFIED_SOURCE('',' ',#5057,.NOT_KNOWN.) ;
#58=PRODUCT_DEFINITION_WITH_ASSOCIATED_DOCUMENTS('',' ',#57,#3,(#60)) ;
#1330=PRODUCT_DEFINITION_WITH_ASSOCIATED_DOCUMENTS('',' ',#1329,#3,(#1332)) ;
#2345=PRODUCT_DEFINITION_WITH_ASSOCIATED_DOCUMENTS('',' ',#2344,#3,(#2347)) ;
#2907=PRODUCT_DEFINITION_WITH_ASSOCIATED_DOCUMENTS('',' ',#2906,#3,(#2909)) ;
#3323=PRODUCT_DEFINITION_WITH_ASSOCIATED_DOCUMENTS('',' ',#3322,#3,(#3325)) ;
#3714=PRODUCT_DEFINITION_WITH_ASSOCIATED_DOCUMENTS('',' ',#3713,#3,(#3716)) ;
#4032=PRODUCT_DEFINITION_WITH_ASSOCIATED_DOCUMENTS('',' ',#4031,#3,(#4034)) ;
#4380=PRODUCT_DEFINITION_WITH_ASSOCIATED_DOCUMENTS('',' ',#4379,#3,(#4382)) ;
#4818=PRODUCT_DEFINITION_WITH_ASSOCIATED_DOCUMENTS('',' ',#4817,#3,(#4820)) ;
#5059=PRODUCT_DEFINITION_WITH_ASSOCIATED_DOCUMENTS('',' ',#5058,#3,(#5061)) ;
#8=PRODUCT_RELATED_PRODUCT_CATEGORY('detail',$,(#56,#1328,#2343,#2905,#3321,#3712,#4030,#4378,#4816,#5057)) ;
#15=PRODUCT_RELATED_PRODUCT_CATEGORY('part',$,(#5)) ;
#43=SHAPE_DEFINITION_REPRESENTATION(#45,#44) ;
#55=SHAPE_DEFINITION_REPRESENTATION(#61,#54) ;
#1327=SHAPE_DEFINITION_REPRESENTATION(#1333,#1326) ;
#2342=SHAPE_DEFINITION_REPRESENTATION(#2348,#2341) ;
#2904=SHAPE_DEFINITION_REPRESENTATION(#2910,#2903) ;
#3320=SHAPE_DEFINITION_REPRESENTATION(#3326,#3319) ;
#3711=SHAPE_DEFINITION_REPRESENTATION(#3717,#3710) ;
#4029=SHAPE_DEFINITION_REPRESENTATION(#4035,#4028) ;
#4377=SHAPE_DEFINITION_REPRESENTATION(#4383,#4376) ;
#4815=SHAPE_DEFINITION_REPRESENTATION(#4821,#4814) ;
#5056=SHAPE_DEFINITION_REPRESENTATION(#5062,#5055) ;
#4466=SPHERICAL_SURFACE('',#4465,6.) ;
#5110=SPHERICAL_SURFACE('',#5109,6.) ;
#73=VERTEX_POINT('',#72) ;
#75=VERTEX_POINT('',#74) ;
#82=VERTEX_POINT('',#81) ;
#105=VERTEX_POINT('',#104) ;
#107=VERTEX_POINT('',#106) ;
#114=VERTEX_POINT('',#113) ;
#121=VERTEX_POINT('',#120) ;
#128=VERTEX_POINT('',#127) ;
#135=VERTEX_POINT('',#134) ;
#142=VERTEX_POINT('',#141) ;
#169=VERTEX_POINT('',#168) ;
#171=VERTEX_POINT('',#170) ;
#178=VERTEX_POINT('',#177) ;
#185=VERTEX_POINT('',#184) ;
#209=VERTEX_POINT('',#208) ;
#216=VERTEX_POINT('',#215) ;
#240=VERTEX_POINT('',#239) ;
#247=VERTEX_POINT('',#246) ;
#254=VERTEX_POINT('',#253) ;
#261=VERTEX_POINT('',#260) ;
#287=VERTEX_POINT('',#286) ;
#289=VERTEX_POINT('',#288) ;
#313=VERTEX_POINT('',#312) ;
#320=VERTEX_POINT('',#319) ;
#339=VERTEX_POINT('',#338) ;
#341=VERTEX_POINT('',#340) ;
#365=VERTEX_POINT('',#364) ;
#372=VERTEX_POINT('',#371) ;
#396=VERTEX_POINT('',#395) ;
#403=VERTEX_POINT('',#402) ;
#410=VERTEX_POINT('',#409) ;
#417=VERTEX_POINT('',#416) ;
#424=VERTEX_POINT('',#423) ;
#431=VERTEX_POINT('',#430) ;
#454=VERTEX_POINT('',#453) ;
#456=VERTEX_POINT('',#455) ;
#478=VERTEX_POINT('',#477) ;
#490=VERTEX_POINT('',#489) ;
#516=VERTEX_POINT('',#515) ;
#523=VERTEX_POINT('',#522) ;
#554=VERTEX_POINT('',#553) ;
#561=VERTEX_POINT('',#560) ;
#585=VERTEX_POINT('',#584) ;
#592=VERTEX_POINT('',#591) ;
#616=VERTEX_POINT('',#615) ;
#618=VERTEX_POINT('',#617) ;
#625=VERTEX_POINT('',#624) ;
#632=VERTEX_POINT('',#631) ;
#639=VERTEX_POINT('',#638) ;
#646=VERTEX_POINT('',#645) ;
#653=VERTEX_POINT('',#652) ;
#680=VERTEX_POINT('',#679) ;
#706=VERTEX_POINT('',#705) ;
#730=VERTEX_POINT('',#729) ;
#754=VERTEX_POINT('',#753) ;
#778=VERTEX_POINT('',#777) ;
#802=VERTEX_POINT('',#801) ;
#971=VERTEX_POINT('',#970) ;
#973=VERTEX_POINT('',#972) ;
#1031=VERTEX_POINT('',#1030) ;
#1033=VERTEX_POINT('',#1032) ;
#1049=VERTEX_POINT('',#1048) ;
#1051=VERTEX_POINT('',#1050) ;
#1074=VERTEX_POINT('',#1073) ;
#1076=VERTEX_POINT('',#1075) ;
#1102=VERTEX_POINT('',#1101) ;
#1104=VERTEX_POINT('',#1103) ;
#1111=VERTEX_POINT('',#1110) ;
#1174=VERTEX_POINT('',#1173) ;
#1176=VERTEX_POINT('',#1175) ;
#1183=VERTEX_POINT('',#1182) ;
#1246=VERTEX_POINT('',#1245) ;
#1248=VERTEX_POINT('',#1247) ;
#1255=VERTEX_POINT('',#1254) ;
#1345=VERTEX_POINT('',#1344) ;
#1347=VERTEX_POINT('',#1346) ;
#1354=VERTEX_POINT('',#1353) ;
#1377=VERTEX_POINT('',#1376) ;
#1379=VERTEX_POINT('',#1378) ;
#1386=VERTEX_POINT('',#1385) ;
#1393=VERTEX_POINT('',#1392) ;
#1400=VERTEX_POINT('',#1399) ;
#1407=VERTEX_POINT('',#1406) ;
#1414=VERTEX_POINT('',#1413) ;
#1421=VERTEX_POINT('',#1420) ;
#1449=VERTEX_POINT('',#1448) ;
#1456=VERTEX_POINT('',#1455) ;
#1480=VERTEX_POINT('',#1479) ;
#1504=VERTEX_POINT('',#1503) ;
#1511=VERTEX_POINT('',#1510) ;
#1518=VERTEX_POINT('',#1517) ;
#1525=VERTEX_POINT('',#1524) ;
#1546=VERTEX_POINT('',#1545) ;
#1570=VERTEX_POINT('',#1569) ;
#1572=VERTEX_POINT('',#1571) ;
#1579=VERTEX_POINT('',#1578) ;
#1586=VERTEX_POINT('',#1585) ;
#1610=VERTEX_POINT('',#1609) ;
#1612=VERTEX_POINT('',#1611) ;
#1641=VERTEX_POINT('',#1640) ;
#1643=VERTEX_POINT('',#1642) ;
#1655=VERTEX_POINT('',#1654) ;
#1686=VERTEX_POINT('',#1685) ;
#1688=VERTEX_POINT('',#1687) ;
#1722=VERTEX_POINT('',#1721) ;
#1724=VERTEX_POINT('',#1723) ;
#1753=VERTEX_POINT('',#1752) ;
#1760=VERTEX_POINT('',#1759) ;
#1784=VERTEX_POINT('',#1783) ;
#1786=VERTEX_POINT('',#1785) ;
#1815=VERTEX_POINT('',#1814) ;
#1841=VERTEX_POINT('',#1840) ;
#1848=VERTEX_POINT('',#1847) ;
#1888=VERTEX_POINT('',#1887) ;
#1890=VERTEX_POINT('',#1889) ;
#1924=VERTEX_POINT('',#1923) ;
#1926=VERTEX_POINT('',#1925) ;
#1979=VERTEX_POINT('',#1978) ;
#1981=VERTEX_POINT('',#1980) ;
#2003=VERTEX_POINT('',#2002) ;
#2010=VERTEX_POINT('',#2009) ;
#2118=VERTEX_POINT('',#2117) ;
#2173=VERTEX_POINT('',#2172) ;
#2175=VERTEX_POINT('',#2174) ;
#2233=VERTEX_POINT('',#2232) ;
#2235=VERTEX_POINT('',#2234) ;
#2261=VERTEX_POINT('',#2260) ;
#2263=VERTEX_POINT('',#2262) ;
#2270=VERTEX_POINT('',#2269) ;
#2360=VERTEX_POINT('',#2359) ;
#2362=VERTEX_POINT('',#2361) ;
#2381=VERTEX_POINT('',#2380) ;
#2388=VERTEX_POINT('',#2387) ;
#2424=VERTEX_POINT('',#2423) ;
#2426=VERTEX_POINT('',#2425) ;
#2433=VERTEX_POINT('',#2432) ;
#2440=VERTEX_POINT('',#2439) ;
#2494=VERTEX_POINT('',#2493) ;
#2496=VERTEX_POINT('',#2495) ;
#2518=VERTEX_POINT('',#2517) ;
#2525=VERTEX_POINT('',#2524) ;
#2561=VERTEX_POINT('',#2560) ;
#2563=VERTEX_POINT('',#2562) ;
#2589=VERTEX_POINT('',#2588) ;
#2596=VERTEX_POINT('',#2595) ;
#2636=VERTEX_POINT('',#2635) ;
#2638=VERTEX_POINT('',#2637) ;
#2655=VERTEX_POINT('',#2654) ;
#2662=VERTEX_POINT('',#2661) ;
#2702=VERTEX_POINT('',#2701) ;
#2704=VERTEX_POINT('',#2703) ;
#2726=VERTEX_POINT('',#2725) ;
#2733=VERTEX_POINT('',#2732) ;
#2769=VERTEX_POINT('',#2768) ;
#2771=VERTEX_POINT('',#2770) ;
#2792=VERTEX_POINT('',#2791) ;
#2799=VERTEX_POINT('',#2798) ;
#2922=VERTEX_POINT('',#2921) ;
#2924=VERTEX_POINT('',#2923) ;
#2931=VERTEX_POINT('',#2930) ;
#2938=VERTEX_POINT('',#2937) ;
#2962=VERTEX_POINT('',#2961) ;
#2969=VERTEX_POINT('',#2968) ;
#2993=VERTEX_POINT('',#2992) ;
#3000=VERTEX_POINT('',#2999) ;
#3046=VERTEX_POINT('',#3045) ;
#3048=VERTEX_POINT('',#3047) ;
#3055=VERTEX_POINT('',#3054) ;
#3062=VERTEX_POINT('',#3061) ;
#3103=VERTEX_POINT('',#3102) ;
#3110=VERTEX_POINT('',#3109) ;
#3157=VERTEX_POINT('',#3156) ;
#3159=VERTEX_POINT('',#3158) ;
#3185=VERTEX_POINT('',#3184) ;
#3187=VERTEX_POINT('',#3186) ;
#3222=VERTEX_POINT('',#3221) ;
#3224=VERTEX_POINT('',#3223) ;
#3338=VERTEX_POINT('',#3337) ;
#3340=VERTEX_POINT('',#3339) ;
#3347=VERTEX_POINT('',#3346) ;
#3354=VERTEX_POINT('',#3353) ;
#3395=VERTEX_POINT('',#3394) ;
#3397=VERTEX_POINT('',#3396) ;
#3426=VERTEX_POINT('',#3425) ;
#3428=VERTEX_POINT('',#3427) ;
#3435=VERTEX_POINT('',#3434) ;
#3442=VERTEX_POINT('',#3441) ;
#3464=VERTEX_POINT('',#3463) ;
#3466=VERTEX_POINT('',#3465) ;
#3500=VERTEX_POINT('',#3499) ;
#3507=VERTEX_POINT('',#3506) ;
#3531=VERTEX_POINT('',#3530) ;
#3555=VERTEX_POINT('',#3554) ;
#3596=VERTEX_POINT('',#3595) ;
#3598=VERTEX_POINT('',#3597) ;
#3605=VERTEX_POINT('',#3604) ;
#3612=VERTEX_POINT('',#3611) ;
#3732=VERTEX_POINT('',#3731) ;
#3734=VERTEX_POINT('',#3733) ;
#3741=VERTEX_POINT('',#3740) ;
#3751=VERTEX_POINT('',#3750) ;
#3775=VERTEX_POINT('',#3774) ;
#3777=VERTEX_POINT('',#3776) ;
#3784=VERTEX_POINT('',#3783) ;
#3791=VERTEX_POINT('',#3790) ;
#3798=VERTEX_POINT('',#3797) ;
#3810=VERTEX_POINT('',#3809) ;
#3855=VERTEX_POINT('',#3854) ;
#3862=VERTEX_POINT('',#3861) ;
#3886=VERTEX_POINT('',#3885) ;
#3896=VERTEX_POINT('',#3895) ;
#3937=VERTEX_POINT('',#3936) ;
#4050=VERTEX_POINT('',#4049) ;
#4052=VERTEX_POINT('',#4051) ;
#4059=VERTEX_POINT('',#4058) ;
#4069=VERTEX_POINT('',#4068) ;
#4093=VERTEX_POINT('',#4092) ;
#4095=VERTEX_POINT('',#4094) ;
#4102=VERTEX_POINT('',#4101) ;
#4109=VERTEX_POINT('',#4108) ;
#4116=VERTEX_POINT('',#4115) ;
#4128=VERTEX_POINT('',#4127) ;
#4173=VERTEX_POINT('',#4172) ;
#4180=VERTEX_POINT('',#4179) ;
#4204=VERTEX_POINT('',#4203) ;
#4214=VERTEX_POINT('',#4213) ;
#4255=VERTEX_POINT('',#4254) ;
#4395=VERTEX_POINT('',#4394) ;
#4397=VERTEX_POINT('',#4396) ;
#4431=VERTEX_POINT('',#4430) ;
#4472=VERTEX_POINT('',#4471) ;
#4474=VERTEX_POINT('',#4473) ;
#4481=VERTEX_POINT('',#4480) ;
#4494=VERTEX_POINT('',#4493) ;
#4529=VERTEX_POINT('',#4528) ;
#4536=VERTEX_POINT('',#4535) ;
#4560=VERTEX_POINT('',#4559) ;
#4619=VERTEX_POINT('',#4618) ;
#4621=VERTEX_POINT('',#4620) ;
#4643=VERTEX_POINT('',#4642) ;
#4650=VERTEX_POINT('',#4649) ;
#4690=VERTEX_POINT('',#4689) ;
#4692=VERTEX_POINT('',#4691) ;
#4714=VERTEX_POINT('',#4713) ;
#4721=VERTEX_POINT('',#4720) ;
#4833=VERTEX_POINT('',#4832) ;
#4835=VERTEX_POINT('',#4834) ;
#4842=VERTEX_POINT('',#4841) ;
#4849=VERTEX_POINT('',#4848) ;
#4890=VERTEX_POINT('',#4889) ;
#4892=VERTEX_POINT('',#4891) ;
#4899=VERTEX_POINT('',#4898) ;
#4906=VERTEX_POINT('',#4905) ;
#4942=VERTEX_POINT('',#4941) ;
#4944=VERTEX_POINT('',#4943) ;
#4951=VERTEX_POINT('',#4950) ;
#4958=VERTEX_POINT('',#4957) ;
#5074=VERTEX_POINT('',#5073) ;
#5076=VERTEX_POINT('',#5075) ;
#5092=VERTEX_POINT('',#5091) ;
#5094=VERTEX_POINT('',#5093) ;
#5116=VERTEX_POINT('',#5115) ;
#5123=VERTEX_POINT('',#5122) ;
#5159=VERTEX_POINT('',#5158) ;
#5161=VERTEX_POINT('',#5160) ;
#5206=VERTEX_POINT('',#5205) ;
#5208=VERTEX_POINT('',#5207) ;
#46=(LENGTH_UNIT()NAMED_UNIT(*)SI_UNIT(.MILLI.,.METRE.)) ;
#47=(NAMED_UNIT(*)PLANE_ANGLE_UNIT()SI_UNIT($,.RADIAN.)) ;
#49=(NAMED_UNIT(*)SI_UNIT($,.STERADIAN.)SOLID_ANGLE_UNIT()) ;
#51=(GEOMETRIC_REPRESENTATION_CONTEXT(3)GLOBAL_UNCERTAINTY_ASSIGNED_CONTEXT((#50))GLOBAL_UNIT_ASSIGNED_CONTEXT((#46,#47,#49))REPRESENTATION_CONTEXT(' ',' ')) ;
#53=(GEOMETRIC_REPRESENTATION_CONTEXT(3)GLOBAL_UNCERTAINTY_ASSIGNED_CONTEXT((#52))GLOBAL_UNIT_ASSIGNED_CONTEXT((#46,#47,#49))REPRESENTATION_CONTEXT(' ',' ')) ;
#1325=(GEOMETRIC_REPRESENTATION_CONTEXT(3)GLOBAL_UNCERTAINTY_ASSIGNED_CONTEXT((#1324))GLOBAL_UNIT_ASSIGNED_CONTEXT((#46,#47,#49))REPRESENTATION_CONTEXT(' ',' ')) ;
#2340=(GEOMETRIC_REPRESENTATION_CONTEXT(3)GLOBAL_UNCERTAINTY_ASSIGNED_CONTEXT((#2339))GLOBAL_UNIT_ASSIGNED_CONTEXT((#46,#47,#49))REPRESENTATION_CONTEXT(' ',' ')) ;
#2902=(GEOMETRIC_REPRESENTATION_CONTEXT(3)GLOBAL_UNCERTAINTY_ASSIGNED_CONTEXT((#2901))GLOBAL_UNIT_ASSIGNED_CONTEXT((#46,#47,#49))REPRESENTATION_CONTEXT(' ',' ')) ;
#3303=(GEOMETRIC_REPRESENTATION_CONTEXT(3)GLOBAL_UNCERTAINTY_ASSIGNED_CONTEXT((#3302))GLOBAL_UNIT_ASSIGNED_CONTEXT((#46,#47,#49))REPRESENTATION_CONTEXT(' ',' ')) ;
#3318=(GEOMETRIC_REPRESENTATION_CONTEXT(3)GLOBAL_UNCERTAINTY_ASSIGNED_CONTEXT((#3317))GLOBAL_UNIT_ASSIGNED_CONTEXT((#46,#47,#49))REPRESENTATION_CONTEXT(' ',' ')) ;
#3709=(GEOMETRIC_REPRESENTATION_CONTEXT(3)GLOBAL_UNCERTAINTY_ASSIGNED_CONTEXT((#3708))GLOBAL_UNIT_ASSIGNED_CONTEXT((#46,#47,#49))REPRESENTATION_CONTEXT(' ',' ')) ;
#4012=(GEOMETRIC_REPRESENTATION_CONTEXT(3)GLOBAL_UNCERTAINTY_ASSIGNED_CONTEXT((#4011))GLOBAL_UNIT_ASSIGNED_CONTEXT((#46,#47,#49))REPRESENTATION_CONTEXT(' ',' ')) ;
#4027=(GEOMETRIC_REPRESENTATION_CONTEXT(3)GLOBAL_UNCERTAINTY_ASSIGNED_CONTEXT((#4026))GLOBAL_UNIT_ASSIGNED_CONTEXT((#46,#47,#49))REPRESENTATION_CONTEXT(' ',' ')) ;
#4330=(GEOMETRIC_REPRESENTATION_CONTEXT(3)GLOBAL_UNCERTAINTY_ASSIGNED_CONTEXT((#4329))GLOBAL_UNIT_ASSIGNED_CONTEXT((#46,#47,#49))REPRESENTATION_CONTEXT(' ',' ')) ;
#4345=(GEOMETRIC_REPRESENTATION_CONTEXT(3)GLOBAL_UNCERTAINTY_ASSIGNED_CONTEXT((#4344))GLOBAL_UNIT_ASSIGNED_CONTEXT((#46,#47,#49))REPRESENTATION_CONTEXT(' ',' ')) ;
#4360=(GEOMETRIC_REPRESENTATION_CONTEXT(3)GLOBAL_UNCERTAINTY_ASSIGNED_CONTEXT((#4359))GLOBAL_UNIT_ASSIGNED_CONTEXT((#46,#47,#49))REPRESENTATION_CONTEXT(' ',' ')) ;
#4375=(GEOMETRIC_REPRESENTATION_CONTEXT(3)GLOBAL_UNCERTAINTY_ASSIGNED_CONTEXT((#4374))GLOBAL_UNIT_ASSIGNED_CONTEXT((#46,#47,#49))REPRESENTATION_CONTEXT(' ',' ')) ;
#4813=(GEOMETRIC_REPRESENTATION_CONTEXT(3)GLOBAL_UNCERTAINTY_ASSIGNED_CONTEXT((#4812))GLOBAL_UNIT_ASSIGNED_CONTEXT((#46,#47,#49))REPRESENTATION_CONTEXT(' ',' ')) ;
#5054=(GEOMETRIC_REPRESENTATION_CONTEXT(3)GLOBAL_UNCERTAINTY_ASSIGNED_CONTEXT((#5053))GLOBAL_UNIT_ASSIGNED_CONTEXT((#46,#47,#49))REPRESENTATION_CONTEXT(' ',' ')) ;
#5271=(GEOMETRIC_REPRESENTATION_CONTEXT(3)GLOBAL_UNCERTAINTY_ASSIGNED_CONTEXT((#5270))GLOBAL_UNIT_ASSIGNED_CONTEXT((#46,#47,#49))REPRESENTATION_CONTEXT(' ',' ')) ;
#1314=(REPRESENTATION_RELATIONSHIP(' ',' ',#54,#44)REPRESENTATION_RELATIONSHIP_WITH_TRANSFORMATION(#1315)SHAPE_REPRESENTATION_RELATIONSHIP()) ;
#2329=(REPRESENTATION_RELATIONSHIP(' ',' ',#1326,#44)REPRESENTATION_RELATIONSHIP_WITH_TRANSFORMATION(#2330)SHAPE_REPRESENTATION_RELATIONSHIP()) ;
#2891=(REPRESENTATION_RELATIONSHIP(' ',' ',#2341,#44)REPRESENTATION_RELATIONSHIP_WITH_TRANSFORMATION(#2892)SHAPE_REPRESENTATION_RELATIONSHIP()) ;
#3292=(REPRESENTATION_RELATIONSHIP(' ',' ',#2903,#44)REPRESENTATION_RELATIONSHIP_WITH_TRANSFORMATION(#3293)SHAPE_REPRESENTATION_RELATIONSHIP()) ;
#3307=(REPRESENTATION_RELATIONSHIP(' ',' ',#2903,#44)REPRESENTATION_RELATIONSHIP_WITH_TRANSFORMATION(#3308)SHAPE_REPRESENTATION_RELATIONSHIP()) ;
#3698=(REPRESENTATION_RELATIONSHIP(' ',' ',#3319,#44)REPRESENTATION_RELATIONSHIP_WITH_TRANSFORMATION(#3699)SHAPE_REPRESENTATION_RELATIONSHIP()) ;
#4001=(REPRESENTATION_RELATIONSHIP(' ',' ',#3710,#44)REPRESENTATION_RELATIONSHIP_WITH_TRANSFORMATION(#4002)SHAPE_REPRESENTATION_RELATIONSHIP()) ;
#4016=(REPRESENTATION_RELATIONSHIP(' ',' ',#3710,#44)REPRESENTATION_RELATIONSHIP_WITH_TRANSFORMATION(#4017)SHAPE_REPRESENTATION_RELATIONSHIP()) ;
#4319=(REPRESENTATION_RELATIONSHIP(' ',' ',#4028,#44)REPRESENTATION_RELATIONSHIP_WITH_TRANSFORMATION(#4320)SHAPE_REPRESENTATION_RELATIONSHIP()) ;
#4334=(REPRESENTATION_RELATIONSHIP(' ',' ',#4028,#44)REPRESENTATION_RELATIONSHIP_WITH_TRANSFORMATION(#4335)SHAPE_REPRESENTATION_RELATIONSHIP()) ;
#4349=(REPRESENTATION_RELATIONSHIP(' ',' ',#4028,#44)REPRESENTATION_RELATIONSHIP_WITH_TRANSFORMATION(#4350)SHAPE_REPRESENTATION_RELATIONSHIP()) ;
#4364=(REPRESENTATION_RELATIONSHIP(' ',' ',#4028,#44)REPRESENTATION_RELATIONSHIP_WITH_TRANSFORMATION(#4365)SHAPE_REPRESENTATION_RELATIONSHIP()) ;
#4802=(REPRESENTATION_RELATIONSHIP(' ',' ',#4376,#44)REPRESENTATION_RELATIONSHIP_WITH_TRANSFORMATION(#4803)SHAPE_REPRESENTATION_RELATIONSHIP()) ;
#5043=(REPRESENTATION_RELATIONSHIP(' ',' ',#4814,#44)REPRESENTATION_RELATIONSHIP_WITH_TRANSFORMATION(#5044)SHAPE_REPRESENTATION_RELATIONSHIP()) ;
#5260=(REPRESENTATION_RELATIONSHIP(' ',' ',#5055,#44)REPRESENTATION_RELATIONSHIP_WITH_TRANSFORMATION(#5261)SHAPE_REPRESENTATION_RELATIONSHIP()) ;
#5275=(REPRESENTATION_RELATIONSHIP(' ',' ',#5055,#44)REPRESENTATION_RELATIONSHIP_WITH_TRANSFORMATION(#5276)SHAPE_REPRESENTATION_RELATIONSHIP()) ;
ENDSEC;
END-ISO-10303-21;
